time,steam_flow,steam_p,steam_t,feedwater_t,o2,fluegas_t
2026-02-01 00:00:00,28.045,3.9132,402.36,106.03,8.06,193.9
2026-02-01 01:00:00,27.693,3.915,397.56,105.54,8.58,193.4
2026-02-01 02:00:00,27.771,3.8668,397.15,102.32,7.37,199.5
2026-02-01 03:00:00,28.148,3.8282,397.09,106.07,9.37,198.8
2026-02-01 04:00:00,29.583,3.8662,401.42,103.07,9.83,194.7
2026-02-01 05:00:00,28.162,3.9209,398.03,103.98,6.18,185.9
2026-02-01 06:00:00,26.963,3.9426,404.24,104.5,7.21,179.4
2026-02-01 07:00:00,28.451,3.8895,399.39,102.45,8.25,192.7
2026-02-01 08:00:00,28.509,3.8558,400.11,101.94,8.24,190.8
2026-02-01 09:00:00,27.52,3.9493,396.34,106.49,8.39,196.6
2026-02-01 10:00:00,28.073,3.8682,398.53,105.58,8.05,194.0
2026-02-01 11:00:00,27.546,3.947,402.24,102.15,9.66,201.4
2026-02-01 12:00:00,28.547,3.9209,400.09,105.44,10.17,190.0
2026-02-01 13:00:00,26.917,3.9028,400.48,105.59,7.07,186.4
2026-02-01 14:00:00,27.575,3.9537,403.63,104.43,8.93,191.9
2026-02-01 15:00:00,27.925,3.7881,397.5,102.4,8.42,191.5
2026-02-01 16:00:00,26.916,3.9053,399.8,104.68,7.6,183.3
2026-02-01 17:00:00,28.845,3.8892,403.23,102.73,7.85,187.2
2026-02-01 18:00:00,26.992,3.9383,396.05,104.42,6.31,197.4
2026-02-01 19:00:00,27.84,3.9588,406.22,103.02,8.04,177.4
2026-02-01 20:00:00,27.417,3.9048,400.21,105.24,8.43,200.2
2026-02-01 21:00:00,27.228,3.9089,396.95,103.79,5.82,189.2
2026-02-01 22:00:00,27.838,3.878,398.85,101.46,7.5,184.2
2026-02-01 23:00:00,27.975,3.924,398.73,103.82,8.3,181.2
2026-02-02 00:00:00,30.327,4.0031,401.2,103.3,8.19,201.9
2026-02-02 01:00:00,30.552,3.8337,401.03,102.93,7.66,192.9
2026-02-02 02:00:00,29.901,3.8869,397.5,103.73,7.19,207.6
2026-02-02 03:00:00,28.052,3.9307,400.38,104.04,7.18,185.2
2026-02-02 04:00:00,29.127,3.8737,399.31,104.18,7.65,194.5
2026-02-02 05:00:00,30.063,3.8736,402.22,104.1,7.56,194.7
2026-02-02 06:00:00,30.397,3.8843,394.55,105.17,8.8,178.9
2026-02-02 07:00:00,29.296,3.923,392.91,105.16,8.57,198.1
2026-02-02 08:00:00,30.723,3.8473,402.82,107.39,6.19,186.2
2026-02-02 09:00:00,30.022,3.8635,394.48,104.45,8.12,182.6
2026-02-02 10:00:00,29.613,3.9448,402.96,104.6,7.0,186.7
2026-02-02 11:00:00,27.384,3.8456,400.42,104.78,7.96,189.6
2026-02-02 12:00:00,27.661,3.8344,396.45,103.06,7.5,211.5
2026-02-02 13:00:00,30.271,3.8469,397.88,103.12,7.5,184.4
2026-02-02 14:00:00,27.573,3.9564,401.91,104.9,8.05,194.2
2026-02-02 15:00:00,29.055,3.7988,400.23,103.97,6.91,167.1
2026-02-02 16:00:00,30.377,3.8464,399.24,102.88,9.31,174.6
2026-02-02 17:00:00,30.3,3.7706,402.62,103.18,6.15,190.0
2026-02-02 18:00:00,29.3,3.8163,400.9,103.87,8.34,175.4
2026-02-02 19:00:00,28.697,3.8486,400.19,103.12,7.15,203.3
2026-02-02 20:00:00,28.891,3.9521,402.34,102.83,6.48,191.4
2026-02-02 21:00:00,29.964,3.9561,401.01,104.57,7.45,182.2
2026-02-02 22:00:00,32.217,3.9547,395.82,104.38,8.33,171.5
2026-02-02 23:00:00,29.112,3.9258,404.86,106.37,7.68,186.3
2026-02-03 00:00:00,29.192,3.909,402.45,102.36,7.82,183.6
2026-02-03 01:00:00,28.917,3.8719,405.39,106.57,9.15,172.8
2026-02-03 02:00:00,29.887,4.0188,401.13,102.86,8.45,187.0
2026-02-03 03:00:00,29.252,3.9108,401.32,103.68,7.95,179.3
2026-02-03 04:00:00,29.573,3.9339,400.16,103.67,6.8,201.0
2026-02-03 05:00:00,28.571,3.9322,398.78,105.16,8.81,186.4
2026-02-03 06:00:00,26.889,3.7947,396.92,102.54,8.2,209.6
2026-02-03 07:00:00,30.214,3.8912,403.98,103.66,8.66,193.4
2026-02-03 08:00:00,27.882,3.9471,405.23,103.43,8.59,194.9
2026-02-03 09:00:00,29.382,3.8795,402.93,102.98,7.54,198.2
2026-02-03 10:00:00,30.458,3.9774,398.15,101.94,8.86,174.2
2026-02-03 11:00:00,29.257,3.8876,405.12,104.0,7.0,189.5
2026-02-03 12:00:00,30.821,3.8077,395.94,105.51,8.08,179.5
2026-02-03 13:00:00,29.443,3.9024,396.45,103.1,9.15,193.0
2026-02-03 14:00:00,30.632,3.897,398.23,104.43,7.24,193.4
2026-02-03 15:00:00,29.354,3.884,399.11,102.53,9.08,174.6
2026-02-03 16:00:00,29.827,3.8351,402.66,103.63,8.13,194.5
2026-02-03 17:00:00,29.951,3.9081,401.03,104.49,7.61,186.8
2026-02-03 18:00:00,29.414,3.8628,398.3,105.95,6.83,206.7
2026-02-03 19:00:00,29.16,3.9301,399.94,103.69,8.43,206.8
2026-02-03 20:00:00,29.527,3.8972,398.31,107.02,8.92,201.0
2026-02-03 21:00:00,29.661,3.8041,401.38,101.29,7.48,199.5
2026-02-03 22:00:00,29.114,3.8647,393.54,105.05,8.32,184.9
2026-02-03 23:00:00,29.955,3.8182,397.13,104.26,8.69,189.5
2026-02-04 00:00:00,27.54,3.8743,403.28,103.07,8.18,194.1
2026-02-04 01:00:00,28.126,3.9,394.54,103.1,8.01,196.1
2026-02-04 02:00:00,29.714,3.8748,401.34,103.77,7.35,181.9
2026-02-04 03:00:00,28.544,3.899,397.67,108.07,7.96,196.3
2026-02-04 04:00:00,28.365,4.038,393.22,103.42,8.13,201.6
2026-02-04 05:00:00,28.546,3.849,404.61,104.95,7.77,187.2
2026-02-04 06:00:00,28.374,3.9063,394.77,104.15,7.49,194.5
2026-02-04 07:00:00,28.871,3.8458,403.93,105.08,7.25,179.1
2026-02-04 08:00:00,28.0,3.9154,403.67,102.6,7.35,194.8
2026-02-04 09:00:00,28.542,3.8954,399.52,103.46,9.36,199.3
2026-02-04 10:00:00,28.302,3.9605,405.52,104.65,8.21,184.7
2026-02-04 11:00:00,28.689,3.909,403.78,102.53,6.67,184.6
2026-02-04 12:00:00,28.898,3.7981,399.27,102.73,7.07,190.9
2026-02-04 13:00:00,29.574,3.8302,400.55,103.68,8.48,189.6
2026-02-04 14:00:00,28.041,3.9419,401.14,102.4,6.37,182.5
2026-02-04 15:00:00,28.747,3.9359,398.14,103.35,6.52,184.9
2026-02-04 16:00:00,28.669,3.8681,399.53,102.46,7.24,192.2
2026-02-04 17:00:00,27.244,3.8979,403.37,103.06,7.56,181.1
2026-02-04 18:00:00,27.456,3.8679,396.01,103.56,7.51,178.1
2026-02-04 19:00:00,28.582,3.9458,402.12,103.47,7.92,178.8
2026-02-04 20:00:00,28.336,3.9283,402.0,105.87,6.73,204.6
2026-02-04 21:00:00,28.865,3.9723,399.74,105.69,7.91,178.6
2026-02-04 22:00:00,28.808,3.8703,399.6,104.63,8.54,195.5
2026-02-04 23:00:00,29.357,3.8184,403.15,102.62,8.0,185.0
2026-02-05 00:00:00,27.543,3.9389,396.69,103.03,9.08,166.7
2026-02-05 01:00:00,27.092,3.9424,398.48,105.02,7.91,184.2
2026-02-05 02:00:00,29.119,3.8603,398.07,104.2,7.05,174.8
2026-02-05 03:00:00,27.117,3.9415,405.44,105.62,7.42,183.9
2026-02-05 04:00:00,27.683,3.8952,402.81,103.75,7.91,157.0
2026-02-05 05:00:00,28.789,3.8358,398.98,104.4,8.02,196.5
2026-02-05 06:00:00,29.842,3.7825,395.11,106.34,8.32,182.1
2026-02-05 07:00:00,28.314,3.8966,402.92,103.41,7.94,176.0
2026-02-05 08:00:00,29.802,3.9191,398.39,101.9,7.93,198.1
2026-02-05 09:00:00,30.526,3.9924,398.7,103.29,7.17,194.0
2026-02-05 10:00:00,27.912,3.9261,400.81,104.55,7.18,201.0
2026-02-05 11:00:00,28.396,3.837,399.75,104.2,8.01,199.0
2026-02-05 12:00:00,29.605,4.0119,399.6,105.77,5.9,208.4
2026-02-05 13:00:00,28.557,3.9618,399.19,104.76,8.48,183.6
2026-02-05 14:00:00,28.088,3.7535,401.58,103.72,7.79,201.9
2026-02-05 15:00:00,28.882,3.9102,394.22,104.19,7.74,199.6
2026-02-05 16:00:00,28.155,3.8372,399.22,106.74,7.28,202.6
2026-02-05 17:00:00,28.437,3.7968,401.78,107.51,8.34,179.0
2026-02-05 18:00:00,28.396,3.8543,408.56,104.8,6.07,198.0
2026-02-05 19:00:00,28.974,3.8472,398.08,103.85,9.36,184.4
2026-02-05 20:00:00,27.931,3.9468,398.0,102.39,7.87,198.0
2026-02-05 21:00:00,28.712,3.8799,404.25,106.06,6.69,178.1
2026-02-05 22:00:00,27.789,3.8877,400.43,103.84,8.04,194.3
2026-02-05 23:00:00,27.477,3.7889,400.81,105.84,8.14,185.6
2026-02-06 00:00:00,27.558,3.8825,396.0,103.39,8.6,193.0
2026-02-06 01:00:00,27.661,3.8739,401.61,106.12,7.72,184.9
2026-02-06 02:00:00,28.11,3.9042,396.43,103.35,9.04,193.5
2026-02-06 03:00:00,28.63,3.9313,400.74,105.57,7.5,200.6
2026-02-06 04:00:00,27.042,3.887,401.17,103.29,7.09,181.0
2026-02-06 05:00:00,27.538,3.9147,400.23,105.07,7.28,185.9
2026-02-06 06:00:00,28.442,3.8523,403.83,103.6,8.42,192.4
2026-02-06 07:00:00,26.913,3.9056,402.87,102.95,7.24,198.6
2026-02-06 08:00:00,26.799,3.8916,399.45,103.37,6.56,189.1
2026-02-06 09:00:00,26.746,3.8328,398.32,104.36,9.38,184.6
2026-02-06 10:00:00,28.208,3.8774,401.39,103.62,8.6,191.4
2026-02-06 11:00:00,26.806,3.8234,402.96,101.76,7.52,207.6
2026-02-06 12:00:00,27.318,3.9045,400.39,104.37,7.73,193.5
2026-02-06 13:00:00,26.994,3.8838,401.42,104.96,8.29,199.5
2026-02-06 14:00:00,28.639,3.9859,400.34,102.39,8.92,191.3
2026-02-06 15:00:00,27.757,3.8832,402.6,102.37,8.15,176.8
2026-02-06 16:00:00,28.767,3.8884,393.85,105.94,8.79,203.9
2026-02-06 17:00:00,26.236,3.9202,404.01,103.78,8.34,188.2
2026-02-06 18:00:00,26.902,3.9699,397.82,104.11,8.49,190.8
2026-02-06 19:00:00,27.83,3.8042,403.51,102.31,7.86,187.0
2026-02-06 20:00:00,27.532,3.893,398.87,105.08,9.66,184.4
2026-02-06 21:00:00,26.624,3.8733,396.51,102.26,7.66,197.4
2026-02-06 22:00:00,26.744,3.8613,399.79,102.88,10.16,205.5
2026-02-06 23:00:00,27.173,3.8185,398.44,102.7,7.33,168.9
2026-02-07 00:00:00,29.87,3.8721,398.09,102.14,8.31,181.8
2026-02-07 01:00:00,28.314,3.8504,402.42,105.79,7.12,188.5
2026-02-07 02:00:00,30.821,3.9457,398.67,104.45,7.67,172.4
2026-02-07 03:00:00,31.139,3.8971,401.26,103.7,7.32,185.3
2026-02-07 04:00:00,30.618,3.838,404.55,107.36,6.22,199.1
2026-02-07 05:00:00,29.928,3.9303,400.57,103.74,8.71,191.0
2026-02-07 06:00:00,31.643,3.9165,395.8,103.78,8.01,184.5
2026-02-07 07:00:00,29.233,3.9969,399.84,103.98,6.74,195.6
2026-02-07 08:00:00,30.224,3.9545,405.03,103.08,7.45,201.6
2026-02-07 09:00:00,31.292,3.9165,402.2,103.57,8.0,190.2
2026-02-07 10:00:00,28.434,3.9373,402.36,102.68,7.59,193.2
2026-02-07 11:00:00,30.975,3.9019,398.73,104.65,8.12,180.5
2026-02-07 12:00:00,30.047,3.8831,402.02,102.11,7.39,186.4
2026-02-07 13:00:00,30.357,4.017,399.56,105.58,8.63,202.8
2026-02-07 14:00:00,31.869,3.9292,397.24,103.52,9.19,211.2
2026-02-07 15:00:00,31.469,4.0184,402.09,102.82,8.1,193.1
2026-02-07 16:00:00,31.156,3.9432,397.5,105.77,7.58,193.0
2026-02-07 17:00:00,30.915,3.9355,401.6,103.24,7.92,199.4
2026-02-07 18:00:00,29.926,3.8438,392.6,104.06,7.31,190.2
2026-02-07 19:00:00,29.379,3.8795,398.97,105.42,7.33,178.5
2026-02-07 20:00:00,30.425,3.9412,397.36,104.77,8.02,195.0
2026-02-07 21:00:00,28.664,3.9052,399.29,104.32,7.48,188.9
2026-02-07 22:00:00,28.372,3.8995,404.04,104.3,8.06,193.5
2026-02-07 23:00:00,31.581,3.8671,395.69,102.37,7.48,191.0
2026-02-08 00:00:00,29.79,3.8641,397.02,105.32,8.85,182.4
2026-02-08 01:00:00,29.735,3.8911,398.56,103.81,7.32,173.2
2026-02-08 02:00:00,27.859,3.8626,400.87,104.58,8.67,182.1
2026-02-08 03:00:00,29.048,3.8284,397.06,105.51,7.89,208.5
2026-02-08 04:00:00,29.659,3.8762,397.9,100.91,9.03,199.7
2026-02-08 05:00:00,32.175,4.0022,400.96,102.44,6.59,186.1
2026-02-08 06:00:00,29.046,3.8266,402.05,105.43,7.21,187.4
2026-02-08 07:00:00,27.852,3.9498,397.31,102.29,6.43,179.7
2026-02-08 08:00:00,27.564,3.9521,401.85,102.14,7.28,189.1
2026-02-08 09:00:00,29.162,3.8464,403.99,104.93,9.6,162.1
2026-02-08 10:00:00,27.687,3.9352,400.62,103.55,7.06,194.9
2026-02-08 11:00:00,28.616,3.9673,403.28,105.36,6.51,193.1
2026-02-08 12:00:00,30.605,3.9916,403.72,105.7,7.38,204.6
2026-02-08 13:00:00,30.717,3.921,401.53,103.77,8.15,186.9
2026-02-08 14:00:00,29.492,3.891,395.4,103.06,8.32,192.0
2026-02-08 15:00:00,30.35,3.948,403.89,103.92,8.86,182.8
2026-02-08 16:00:00,28.484,3.9446,400.71,102.8,8.76,204.6
2026-02-08 17:00:00,29.748,3.9657,402.78,105.38,7.35,171.2
2026-02-08 18:00:00,28.774,3.7367,398.3,102.3,8.08,182.7
2026-02-08 19:00:00,29.069,3.8544,399.19,106.23,7.16,172.3
2026-02-08 20:00:00,30.306,3.9382,399.85,103.37,8.24,186.2
2026-02-08 21:00:00,29.915,3.8841,398.06,104.81,7.34,195.4
2026-02-08 22:00:00,28.029,3.8719,400.5,102.92,8.78,188.9
2026-02-08 23:00:00,29.249,3.8003,401.65,104.1,6.39,192.3
2026-02-09 00:00:00,28.127,3.8633,396.65,101.85,8.01,190.1
2026-02-09 01:00:00,27.667,4.0006,399.87,104.21,6.71,192.9
2026-02-09 02:00:00,28.625,3.8542,406.25,103.12,8.1,186.1
2026-02-09 03:00:00,27.516,3.7545,402.52,100.66,8.98,178.6
2026-02-09 04:00:00,27.399,4.0249,397.0,103.63,6.98,187.9
2026-02-09 05:00:00,28.185,3.9775,392.03,103.85,8.46,198.8
2026-02-09 06:00:00,27.192,3.903,405.56,104.52,9.68,177.6
2026-02-09 07:00:00,27.245,3.9006,396.84,104.94,7.08,193.2
2026-02-09 08:00:00,26.58,3.8561,400.7,104.87,7.21,174.6
2026-02-09 09:00:00,28.312,3.8485,401.14,105.93,8.5,174.5
2026-02-09 10:00:00,28.887,3.9553,398.16,103.33,9.13,193.0
2026-02-09 11:00:00,28.209,3.9543,401.59,108.24,9.11,191.5
2026-02-09 12:00:00,27.961,3.885,403.67,102.2,8.72,184.1
2026-02-09 13:00:00,26.312,3.9496,401.31,104.44,7.75,189.8
2026-02-09 14:00:00,27.333,3.9678,404.16,103.95,8.02,193.0
2026-02-09 15:00:00,28.635,3.9122,398.67,103.67,8.24,188.7
2026-02-09 16:00:00,27.551,3.963,401.33,105.41,7.31,198.6
2026-02-09 17:00:00,27.904,3.8885,398.02,103.08,7.64,191.5
2026-02-09 18:00:00,27.815,4.0024,401.54,104.41,7.95,182.3
2026-02-09 19:00:00,27.207,3.9195,395.51,106.49,9.29,175.4
2026-02-09 20:00:00,28.907,3.9572,403.51,105.07,9.35,182.3
2026-02-09 21:00:00,27.507,3.9324,400.27,101.9,8.69,200.7
2026-02-09 22:00:00,27.714,3.921,403.0,100.88,7.58,181.6
2026-02-09 23:00:00,27.77,3.8396,396.28,104.39,9.5,178.0
2026-02-10 00:00:00,29.607,3.9501,403.15,106.04,7.69,201.7
2026-02-10 01:00:00,26.96,3.862,401.12,105.23,6.93,171.3
2026-02-10 02:00:00,28.594,3.9168,402.22,103.95,6.98,201.8
2026-02-10 03:00:00,28.905,3.9107,406.69,104.43,9.25,189.1
2026-02-10 04:00:00,25.774,3.844,391.85,103.71,8.98,173.3
2026-02-10 05:00:00,28.862,3.8883,402.87,104.63,7.24,196.3
2026-02-10 06:00:00,28.217,3.9475,406.0,103.78,9.36,189.5
2026-02-10 07:00:00,28.77,3.9121,398.13,104.27,7.68,196.2
2026-02-10 08:00:00,27.354,3.8542,402.79,104.89,8.5,196.2
2026-02-10 09:00:00,29.143,3.9267,402.94,102.92,8.46,183.2
2026-02-10 10:00:00,27.205,3.8916,402.13,104.12,9.48,197.4
2026-02-10 11:00:00,28.623,3.9088,396.14,104.17,8.07,208.2
2026-02-10 12:00:00,27.59,3.8969,398.01,104.32,6.66,193.6
2026-02-10 13:00:00,28.273,3.9123,408.12,103.97,8.44,190.4
2026-02-10 14:00:00,29.186,4.0157,405.3,104.6,7.03,195.0
2026-02-10 15:00:00,26.854,3.8589,398.4,102.42,8.05,186.9
2026-02-10 16:00:00,27.629,3.9218,397.96,106.03,8.56,186.2
2026-02-10 17:00:00,28.633,3.8685,398.27,105.63,6.76,195.2
2026-02-10 18:00:00,29.894,3.7907,407.42,101.16,6.23,169.2
2026-02-10 19:00:00,27.254,3.8723,394.35,103.76,8.69,182.6
2026-02-10 20:00:00,28.346,3.9333,405.39,103.93,8.62,195.6
2026-02-10 21:00:00,28.287,3.8847,401.22,105.11,6.96,186.6
2026-02-10 22:00:00,28.533,3.9171,401.13,106.55,8.88,177.6
2026-02-10 23:00:00,29.603,3.866,397.58,105.7,7.76,173.1
2026-02-11 00:00:00,26.876,3.9246,401.75,101.9,8.68,184.0
2026-02-11 01:00:00,27.101,3.8381,397.15,101.03,7.39,201.2
2026-02-11 02:00:00,26.562,3.8724,404.28,104.36,8.65,193.7
2026-02-11 03:00:00,26.288,3.9083,401.42,105.77,8.51,199.3
2026-02-11 04:00:00,25.471,3.8052,401.04,104.27,8.38,180.0
2026-02-11 05:00:00,26.482,3.8468,400.32,103.92,7.87,193.4
2026-02-11 06:00:00,25.962,3.8999,402.2,106.34,8.35,198.5
2026-02-11 07:00:00,26.835,3.9861,406.48,103.05,8.58,193.3
2026-02-11 08:00:00,27.644,3.776,398.08,101.37,9.14,193.1
2026-02-11 09:00:00,26.903,3.9221,400.93,104.66,7.68,169.4
2026-02-11 10:00:00,26.63,3.898,398.33,103.1,9.09,182.6
2026-02-11 11:00:00,25.511,3.9348,404.55,102.05,7.21,179.4
2026-02-11 12:00:00,26.672,3.9294,404.37,103.94,7.81,184.0
2026-02-11 13:00:00,27.273,3.8703,397.5,103.67,7.99,194.2
2026-02-11 14:00:00,25.852,3.9899,405.91,102.3,8.13,179.8
2026-02-11 15:00:00,26.133,3.8376,399.17,104.43,8.15,176.4
2026-02-11 16:00:00,24.739,3.806,403.77,103.74,8.07,204.9
2026-02-11 17:00:00,25.549,3.9217,397.96,104.3,6.47,186.0
2026-02-11 18:00:00,26.298,3.906,395.63,103.63,8.73,189.1
2026-02-11 19:00:00,27.046,3.9341,400.77,103.45,8.07,180.5
2026-02-11 20:00:00,26.892,3.9169,403.66,107.46,8.7,195.9
2026-02-11 21:00:00,26.51,3.9439,404.26,103.58,6.97,176.2
2026-02-11 22:00:00,27.161,3.9243,401.67,101.43,7.55,174.2
2026-02-11 23:00:00,25.43,3.8713,397.92,106.44,6.97,183.7
2026-02-12 00:00:00,26.144,3.904,402.26,102.78,6.64,185.7
2026-02-12 01:00:00,27.087,3.8446,403.0,102.44,7.48,185.4
2026-02-12 02:00:00,28.331,3.9403,401.1,102.45,7.09,182.9
2026-02-12 03:00:00,28.074,3.9669,400.46,102.92,6.56,185.4
2026-02-12 04:00:00,27.187,3.9287,401.21,102.93,8.42,188.4
2026-02-12 05:00:00,27.48,3.9132,402.38,104.52,7.62,202.1
2026-02-12 06:00:00,25.907,3.9345,398.66,103.45,8.23,184.7
2026-02-12 07:00:00,25.923,3.8529,396.57,104.05,8.26,189.2
2026-02-12 08:00:00,25.487,3.9071,402.91,102.26,7.27,199.4
2026-02-12 09:00:00,26.622,3.9554,398.99,101.82,7.97,189.5
2026-02-12 10:00:00,27.002,3.8571,398.61,107.12,7.55,206.2
2026-02-12 11:00:00,25.841,3.912,401.16,105.34,8.0,183.5
2026-02-12 12:00:00,26.848,3.825,392.4,101.65,9.28,198.6
2026-02-12 13:00:00,28.269,3.9254,395.55,102.5,8.26,181.6
2026-02-12 14:00:00,25.986,3.8453,397.7,101.1,8.35,182.7
2026-02-12 15:00:00,27.79,3.9843,399.81,105.6,8.9,192.2
2026-02-12 16:00:00,26.615,3.9652,402.03,103.73,7.6,190.1
2026-02-12 17:00:00,27.523,3.9352,398.22,103.78,8.14,185.9
2026-02-12 18:00:00,26.69,3.8509,397.57,104.45,8.2,187.0
2026-02-12 19:00:00,28.519,3.8918,402.14,104.43,7.62,197.0
2026-02-12 20:00:00,27.652,3.9011,401.54,108.31,7.3,188.1
2026-02-12 21:00:00,27.227,3.9007,397.57,103.29,7.82,187.4
2026-02-12 22:00:00,26.81,3.9805,400.73,103.46,8.57,196.7
2026-02-12 23:00:00,25.908,3.8702,396.75,104.53,8.7,188.0
2026-02-13 00:00:00,28.595,3.8722,399.09,103.93,8.16,206.8
2026-02-13 01:00:00,26.651,3.9292,400.29,105.8,6.95,178.6
2026-02-13 02:00:00,28.985,3.9641,403.31,103.85,8.87,190.3
2026-02-13 03:00:00,26.674,3.8942,399.27,102.47,7.56,183.3
2026-02-13 04:00:00,28.004,3.9497,403.41,105.68,7.16,195.9
2026-02-13 05:00:00,28.245,3.9217,397.23,99.66,8.14,181.9
2026-02-13 06:00:00,28.313,3.8272,401.69,103.38,6.95,185.7
2026-02-13 07:00:00,27.445,3.9424,402.45,105.88,8.62,185.6
2026-02-13 08:00:00,27.206,3.9088,399.01,101.54,6.36,197.7
2026-02-13 09:00:00,27.663,3.9994,398.51,105.58,8.13,195.0
2026-02-13 10:00:00,27.624,3.9559,401.59,103.31,7.93,187.8
2026-02-13 11:00:00,27.633,3.912,398.75,103.15,8.0,172.4
2026-02-13 12:00:00,27.901,3.9192,390.71,102.37,7.99,167.6
2026-02-13 13:00:00,27.926,3.9498,401.45,105.43,7.92,198.6
2026-02-13 14:00:00,28.142,3.8941,400.29,101.51,6.92,200.2
2026-02-13 15:00:00,28.421,3.8593,395.42,101.03,8.93,193.5
2026-02-13 16:00:00,29.142,3.9639,406.12,105.26,7.55,186.6
2026-02-13 17:00:00,28.48,3.8287,401.72,103.38,9.03,184.4
2026-02-13 18:00:00,26.949,3.9481,390.32,105.6,8.24,184.0
2026-02-13 19:00:00,28.107,3.8757,401.88,104.14,8.61,180.4
2026-02-13 20:00:00,26.996,3.9925,400.93,103.73,7.27,184.8
2026-02-13 21:00:00,27.749,3.8391,399.86,103.61,6.42,190.1
2026-02-13 22:00:00,28.567,3.878,399.34,104.38,7.51,172.5
2026-02-13 23:00:00,27.577,3.8774,398.04,106.08,8.08,182.5
2026-02-14 00:00:00,28.63,3.9796,402.42,101.32,8.48,185.0
2026-02-14 01:00:00,28.721,3.956,402.14,102.72,7.98,196.3
2026-02-14 02:00:00,29.131,3.9205,397.88,105.94,9.16,183.3
2026-02-14 03:00:00,27.985,3.8761,402.59,104.31,7.95,191.8
2026-02-14 04:00:00,27.934,3.8976,399.68,103.04,8.63,183.4
2026-02-14 05:00:00,28.672,3.9349,401.89,104.1,8.18,193.9
2026-02-14 06:00:00,29.533,3.8506,402.51,107.03,8.31,187.3
2026-02-14 07:00:00,30.272,3.9314,397.74,103.85,7.54,200.3
2026-02-14 08:00:00,28.083,3.9629,397.96,104.45,7.65,193.8
2026-02-14 09:00:00,30.261,3.9315,396.34,103.61,8.11,208.9
2026-02-14 10:00:00,28.788,3.8798,397.67,103.92,8.53,180.0
2026-02-14 11:00:00,30.476,3.9634,402.43,104.94,9.96,179.4
2026-02-14 12:00:00,28.755,4.0082,396.3,104.47,7.86,180.6
2026-02-14 13:00:00,28.403,3.8892,400.82,104.74,8.48,190.7
2026-02-14 14:00:00,29.267,3.9307,398.08,102.0,8.67,169.1
2026-02-14 15:00:00,29.732,3.9642,396.23,100.63,7.31,193.1
2026-02-14 16:00:00,28.384,3.9518,401.94,102.5,8.62,175.5
2026-02-14 17:00:00,28.837,3.9113,404.0,105.19,9.21,175.4
2026-02-14 18:00:00,32.075,3.8554,400.83,106.36,8.41,202.1
2026-02-14 19:00:00,28.151,3.8431,398.65,103.14,8.09,186.7
2026-02-14 20:00:00,28.204,3.911,395.73,102.94,8.25,180.9
2026-02-14 21:00:00,29.218,3.9328,404.49,105.82,8.71,195.0
2026-02-14 22:00:00,28.12,3.8565,397.33,103.17,7.88,180.3
2026-02-14 23:00:00,28.845,3.956,398.64,101.05,7.76,188.4
2026-02-15 00:00:00,28.066,4.0076,402.79,106.55,7.49,197.6
2026-02-15 01:00:00,28.588,3.895,397.42,104.31,6.42,199.5
2026-02-15 02:00:00,30.767,3.9744,393.6,104.27,7.38,183.6
2026-02-15 03:00:00,28.136,3.9583,402.15,102.7,8.44,191.4
2026-02-15 04:00:00,30.116,3.8249,399.58,102.53,7.96,169.4
2026-02-15 05:00:00,27.566,3.8932,398.11,102.62,7.88,184.0
2026-02-15 06:00:00,27.564,3.8862,399.98,104.45,6.58,185.6
2026-02-15 07:00:00,29.366,3.8259,400.29,103.21,8.85,202.0
2026-02-15 08:00:00,28.584,3.8731,395.13,103.15,7.3,190.1
2026-02-15 09:00:00,29.679,3.9938,400.82,104.14,7.87,192.7
2026-02-15 10:00:00,28.186,3.9864,397.66,104.13,7.49,199.2
2026-02-15 11:00:00,29.899,3.9319,400.52,104.05,8.44,185.1
2026-02-15 12:00:00,29.774,3.9873,402.98,105.2,7.67,208.1
2026-02-15 13:00:00,27.205,3.8636,406.33,103.38,7.35,173.5
2026-02-15 14:00:00,29.264,3.9594,400.64,101.58,7.94,182.3
2026-02-15 15:00:00,29.159,3.9735,401.36,104.66,9.24,207.1
2026-02-15 16:00:00,27.393,3.9233,396.56,102.89,8.93,179.2
2026-02-15 17:00:00,28.266,3.9631,401.45,101.6,7.94,188.0
2026-02-15 18:00:00,27.649,4.0029,400.28,104.13,8.85,192.0
2026-02-15 19:00:00,27.305,3.9024,401.4,104.31,8.88,199.1
2026-02-15 20:00:00,28.865,3.8946,400.29,106.96,6.74,201.8
2026-02-15 21:00:00,28.814,3.8689,400.16,105.0,6.94,192.3
2026-02-15 22:00:00,28.929,3.8594,400.6,106.18,8.21,182.2
2026-02-15 23:00:00,27.108,3.8164,403.13,103.81,7.98,188.6
2026-02-16 00:00:00,31.078,3.9902,402.28,106.31,7.11,196.7
2026-02-16 01:00:00,32.385,3.8477,397.64,102.9,8.86,193.0
2026-02-16 02:00:00,31.102,3.9381,398.27,104.3,8.0,182.3
2026-02-16 03:00:00,32.66,3.9063,393.47,103.83,9.24,168.7
2026-02-16 04:00:00,32.621,3.915,396.6,104.08,7.16,175.7
2026-02-16 05:00:00,32.131,3.9175,394.9,103.32,8.08,175.2
2026-02-16 06:00:00,32.78,3.8671,401.38,105.06,7.32,194.1
2026-02-16 07:00:00,31.876,3.9234,398.93,105.54,8.62,205.8
2026-02-16 08:00:00,32.766,3.8369,398.55,104.74,8.84,183.9
2026-02-16 09:00:00,31.779,3.9188,399.9,105.59,7.28,195.7
2026-02-16 10:00:00,31.027,3.9246,397.49,103.69,8.79,181.3
2026-02-16 11:00:00,31.837,3.935,399.89,103.71,8.06,182.0
2026-02-16 12:00:00,32.473,3.9391,405.32,104.52,8.91,185.8
2026-02-16 13:00:00,32.217,3.8586,400.93,103.64,8.81,170.8
2026-02-16 14:00:00,31.612,3.8889,402.17,103.06,7.73,203.0
2026-02-16 15:00:00,31.185,3.8846,403.56,101.03,8.37,194.1
2026-02-16 16:00:00,32.01,3.8166,396.06,102.89,7.39,197.2
2026-02-16 17:00:00,31.357,3.9729,400.14,105.01,7.54,184.9
2026-02-16 18:00:00,32.169,3.9463,398.29,105.99,7.87,206.0
2026-02-16 19:00:00,30.627,3.8867,402.12,104.01,7.61,197.0
2026-02-16 20:00:00,32.647,3.8841,402.46,103.48,7.44,203.3
2026-02-16 21:00:00,31.247,3.8799,402.45,102.68,7.32,188.2
2026-02-16 22:00:00,31.853,3.949,399.67,103.16,7.06,187.6
2026-02-16 23:00:00,31.339,3.9574,395.51,101.51,6.6,188.4
2026-02-17 00:00:00,30.905,3.982,395.46,104.32,7.57,206.4
2026-02-17 01:00:00,30.821,3.9773,400.11,105.66,8.33,184.4
2026-02-17 02:00:00,31.35,3.888,393.59,103.93,7.09,195.7
2026-02-17 03:00:00,31.881,3.9175,401.8,102.28,7.43,184.8
2026-02-17 04:00:00,32.26,3.8823,400.98,101.39,7.65,191.8
2026-02-17 05:00:00,30.383,3.8884,401.44,104.79,7.1,177.4
2026-02-17 06:00:00,31.001,3.9421,396.15,105.07,6.94,188.9
2026-02-17 07:00:00,31.644,3.8223,400.13,103.75,7.15,197.9
2026-02-17 08:00:00,29.656,3.8694,396.88,104.71,8.47,203.8
2026-02-17 09:00:00,30.275,3.8612,404.52,103.15,8.57,206.3
2026-02-17 10:00:00,31.203,3.8122,397.02,102.89,8.69,182.6
2026-02-17 11:00:00,31.177,3.9122,400.57,104.01,7.43,203.8
2026-02-17 12:00:00,30.592,3.9755,397.38,101.53,9.12,178.7
2026-02-17 13:00:00,30.576,3.8823,399.59,103.53,7.14,178.3
2026-02-17 14:00:00,30.656,3.8652,405.12,104.13,9.11,185.3
2026-02-17 15:00:00,31.181,3.8706,397.21,103.64,7.84,215.7
2026-02-17 16:00:00,29.251,3.8675,402.1,103.75,8.11,197.6
2026-02-17 17:00:00,30.325,3.8642,395.94,103.89,8.42,192.0
2026-02-17 18:00:00,31.507,3.8789,400.8,102.74,6.47,195.6
2026-02-17 19:00:00,30.021,3.9311,398.12,101.68,7.27,186.9
2026-02-17 20:00:00,29.817,3.885,401.58,103.95,8.36,188.3
2026-02-17 21:00:00,29.817,3.8502,393.4,104.84,8.85,179.9
2026-02-17 22:00:00,29.571,3.8562,400.92,104.1,7.79,189.2
2026-02-17 23:00:00,28.922,3.8921,399.35,104.67,7.41,184.4
2026-02-18 00:00:00,3.432,4.0311,398.12,106.98,7.25,190.3
2026-02-18 01:00:00,3.781,3.9663,400.32,104.26,8.8,202.7
2026-02-18 02:00:00,4.384,3.9113,398.48,105.7,6.32,211.5
2026-02-18 03:00:00,5.041,3.7964,400.79,102.73,8.01,191.1
2026-02-18 04:00:00,5.966,3.8086,401.13,105.69,6.96,197.3
2026-02-18 05:00:00,6.484,3.8726,394.26,104.21,7.61,205.4
2026-02-18 06:00:00,6.721,3.9343,401.0,104.27,7.01,182.7
2026-02-18 07:00:00,7.405,3.8954,399.65,105.13,8.03,197.0
2026-02-18 08:00:00,7.969,3.9181,398.41,101.75,8.66,198.5
2026-02-18 09:00:00,8.774,3.8595,403.24,104.13,8.12,183.2
2026-02-18 10:00:00,8.847,3.8681,401.06,102.96,7.97,184.5
2026-02-18 11:00:00,9.022,3.9021,400.35,104.09,5.65,200.1
2026-02-18 12:00:00,10.196,3.852,405.64,104.02,8.58,191.2
2026-02-18 13:00:00,9.533,3.9587,396.58,105.59,7.89,181.4
2026-02-18 14:00:00,9.96,3.876,396.97,104.03,7.12,196.9
2026-02-18 15:00:00,11.587,3.877,405.85,105.14,7.48,193.5
2026-02-18 16:00:00,11.47,3.8622,399.43,102.87,7.19,196.2
2026-02-18 17:00:00,12.643,3.8591,398.17,103.0,8.61,192.7
2026-02-18 18:00:00,12.59,3.965,403.14,103.55,7.2,190.0
2026-02-18 19:00:00,13.21,3.9244,399.82,105.84,6.7,183.7
2026-02-18 20:00:00,13.783,3.8746,398.69,102.27,9.48,188.0
2026-02-18 21:00:00,14.059,3.8606,398.56,103.86,9.27,203.2
2026-02-18 22:00:00,14.982,3.9734,404.31,103.65,7.44,202.6
2026-02-18 23:00:00,13.116,3.925,398.13,102.42,8.03,181.0
2026-02-19 00:00:00,32.96,3.9417,399.37,105.44,7.63,193.2
2026-02-19 01:00:00,32.272,3.9633,393.94,104.38,8.42,164.2
2026-02-19 02:00:00,31.657,3.8242,399.68,103.58,7.71,195.7
2026-02-19 03:00:00,35.482,3.849,400.97,104.03,8.83,168.9
2026-02-19 04:00:00,31.676,3.846,396.73,104.31,7.6,170.0
2026-02-19 05:00:00,32.524,3.8193,397.66,103.67,7.36,201.6
2026-02-19 06:00:00,35.451,3.9228,395.36,106.05,9.61,187.8
2026-02-19 07:00:00,33.619,3.952,400.48,105.79,8.41,183.7
2026-02-19 08:00:00,32.771,3.886,397.89,105.87,8.22,187.7
2026-02-19 09:00:00,34.039,3.9021,402.95,106.32,8.11,183.9
2026-02-19 10:00:00,32.096,3.9848,401.02,103.07,7.9,178.6
2026-02-19 11:00:00,34.558,3.9132,398.82,101.78,9.63,190.8
2026-02-19 12:00:00,31.075,3.87,399.81,104.17,7.12,200.9
2026-02-19 13:00:00,33.816,3.9003,397.95,101.33,7.61,187.6
2026-02-19 14:00:00,32.087,3.9124,402.22,103.25,7.65,189.4
2026-02-19 15:00:00,34.866,3.9678,395.01,103.21,9.96,186.4
2026-02-19 16:00:00,34.957,3.9227,403.59,103.42,8.04,195.0
2026-02-19 17:00:00,33.233,3.8956,404.09,103.71,9.01,183.8
2026-02-19 18:00:00,32.943,3.9339,401.4,105.37,8.01,189.4
2026-02-19 19:00:00,32.791,3.8214,398.69,105.47,7.92,191.7
2026-02-19 20:00:00,34.47,3.8536,400.94,103.14,8.86,175.4
2026-02-19 21:00:00,32.912,3.8737,398.93,103.14,9.44,187.6
2026-02-19 22:00:00,33.111,3.8284,396.04,102.85,7.03,194.7
2026-02-19 23:00:00,32.685,3.8765,399.5,102.63,6.99,183.1
2026-02-20 00:00:00,31.911,3.8932,397.43,106.28,8.26,196.2
2026-02-20 01:00:00,33.143,3.8539,402.71,104.33,8.2,175.0
2026-02-20 02:00:00,30.974,3.8989,399.78,106.21,7.69,192.1
2026-02-20 03:00:00,31.439,3.8355,398.92,104.11,9.33,201.8
2026-02-20 04:00:00,31.231,3.8553,399.85,103.14,9.89,198.0
2026-02-20 05:00:00,31.682,3.873,396.84,103.84,5.99,186.1
2026-02-20 06:00:00,31.312,3.9729,394.85,105.29,7.73,197.4
2026-02-20 07:00:00,31.054,3.919,402.39,107.68,7.37,188.6
2026-02-20 08:00:00,31.642,3.8709,399.69,104.02,7.73,173.3
2026-02-20 09:00:00,31.983,3.8293,399.72,105.45,7.0,188.6
2026-02-20 10:00:00,31.922,3.8973,398.62,104.01,8.52,180.1
2026-02-20 11:00:00,31.588,3.9341,398.25,102.25,8.58,196.6
2026-02-20 12:00:00,32.623,3.899,398.1,106.19,8.95,197.7
2026-02-20 13:00:00,31.289,3.9054,397.44,102.48,8.07,193.0
2026-02-20 14:00:00,32.26,3.9048,405.9,102.58,9.01,186.1
2026-02-20 15:00:00,32.608,3.8557,406.36,106.08,6.77,202.6
2026-02-20 16:00:00,31.924,3.944,400.03,103.82,6.94,185.6
2026-02-20 17:00:00,31.741,3.8201,397.2,104.04,8.36,185.8
2026-02-20 18:00:00,33.053,3.8761,401.85,105.93,7.41,201.4
2026-02-20 19:00:00,31.648,3.8604,404.74,106.42,7.79,200.7
2026-02-20 20:00:00,32.691,3.9007,406.47,103.89,7.52,190.7
2026-02-20 21:00:00,31.69,3.8811,399.31,102.13,8.51,177.3
2026-02-20 22:00:00,32.81,3.936,399.01,103.51,7.53,190.5
2026-02-20 23:00:00,33.414,3.9184,398.92,106.62,7.73,187.1
2026-02-21 00:00:00,29.789,3.9352,403.65,104.99,8.46,197.2
2026-02-21 01:00:00,28.67,4.0098,396.78,100.64,7.83,176.2
2026-02-21 02:00:00,28.177,3.8452,400.28,105.69,7.65,183.4
2026-02-21 03:00:00,28.691,3.8664,399.94,103.88,7.05,199.7
2026-02-21 04:00:00,27.16,3.9465,401.26,102.53,7.77,198.9
2026-02-21 05:00:00,27.814,4.0095,397.28,105.82,6.76,188.0
2026-02-21 06:00:00,28.858,3.8099,400.94,102.47,7.01,183.3
2026-02-21 07:00:00,27.59,3.8782,398.39,102.81,6.0,203.5
2026-02-21 08:00:00,29.759,3.9242,399.29,102.62,8.25,193.1
2026-02-21 09:00:00,27.295,3.8932,402.29,104.48,7.99,191.6
2026-02-21 10:00:00,27.435,3.899,400.32,102.97,7.94,199.2
2026-02-21 11:00:00,28.882,3.795,395.91,105.51,8.36,194.6
2026-02-21 12:00:00,26.886,3.9051,401.81,104.68,7.46,184.7
2026-02-21 13:00:00,28.283,3.9106,403.9,100.73,7.56,202.4
2026-02-21 14:00:00,27.088,3.9069,404.3,102.57,8.29,209.1
2026-02-21 15:00:00,26.983,3.8047,403.19,103.33,7.99,191.0
2026-02-21 16:00:00,29.041,3.8874,403.0,105.17,8.02,200.6
2026-02-21 17:00:00,28.275,3.8969,408.96,101.11,7.12,180.3
2026-02-21 18:00:00,27.677,3.9098,399.42,107.37,7.62,179.6
2026-02-21 19:00:00,28.035,3.8799,398.64,105.39,8.26,201.3
2026-02-21 20:00:00,27.142,3.931,400.11,103.12,6.78,189.4
2026-02-21 21:00:00,27.059,3.9362,401.4,104.73,10.2,202.6
2026-02-21 22:00:00,26.348,3.9299,400.67,104.34,7.62,199.2
2026-02-21 23:00:00,25.687,3.8353,401.86,104.3,8.73,186.4
2026-02-22 00:00:00,30.504,3.939,400.52,101.46,8.75,179.4
2026-02-22 01:00:00,31.8,3.9099,401.74,105.52,7.21,196.5
2026-02-22 02:00:00,30.937,3.888,400.05,103.27,8.04,192.5
2026-02-22 03:00:00,30.406,3.9543,400.31,102.39,8.37,195.2
2026-02-22 04:00:00,29.68,3.9148,398.92,104.39,7.87,193.9
2026-02-22 05:00:00,31.159,3.7885,400.26,104.83,8.58,202.3
2026-02-22 06:00:00,31.301,3.9651,402.57,103.32,7.46,202.7
2026-02-22 07:00:00,31.635,3.8144,396.92,105.73,8.13,173.1
2026-02-22 08:00:00,31.395,3.9493,401.96,103.94,7.85,184.9
2026-02-22 09:00:00,30.518,3.9139,407.49,107.84,7.88,175.5
2026-02-22 10:00:00,30.905,3.8866,399.29,101.54,7.95,183.7
2026-02-22 11:00:00,31.032,3.8241,400.13,102.22,7.35,183.7
2026-02-22 12:00:00,30.484,3.8734,398.36,103.1,7.45,184.4
2026-02-22 13:00:00,30.667,3.9933,402.74,103.12,6.92,201.3
2026-02-22 14:00:00,30.975,3.9177,403.46,101.19,7.52,191.9
2026-02-22 15:00:00,32.268,3.8963,400.25,103.96,7.97,191.6
2026-02-22 16:00:00,30.462,3.8652,398.89,104.94,8.93,191.4
2026-02-22 17:00:00,30.738,3.9611,401.68,105.1,7.91,186.0
2026-02-22 18:00:00,31.438,3.8927,403.5,102.71,8.27,190.3
2026-02-22 19:00:00,30.059,3.883,396.92,103.49,7.8,216.2
2026-02-22 20:00:00,30.037,3.9324,398.67,104.55,7.74,182.2
2026-02-22 21:00:00,32.3,3.9557,394.88,103.8,7.73,174.4
2026-02-22 22:00:00,31.144,3.9255,400.18,104.7,9.4,185.7
2026-02-22 23:00:00,32.138,4.0082,391.45,103.68,9.08,193.5
2026-02-23 00:00:00,28.791,3.9712,402.67,101.65,8.66,188.4
2026-02-23 01:00:00,29.498,3.8429,401.66,104.27,7.27,186.9
2026-02-23 02:00:00,30.559,3.9767,395.65,104.78,7.78,185.2
2026-02-23 03:00:00,29.543,3.976,401.7,102.62,8.06,194.7
2026-02-23 04:00:00,30.294,3.898,400.49,104.39,8.54,171.7
2026-02-23 05:00:00,30.538,3.9173,400.12,102.43,8.23,209.8
2026-02-23 06:00:00,28.818,3.8212,401.39,104.09,7.99,175.3
2026-02-23 07:00:00,29.7,3.9331,387.3,104.28,8.63,181.4
2026-02-23 08:00:00,27.481,3.9061,406.45,104.58,9.81,193.7
2026-02-23 09:00:00,29.145,3.8631,404.3,102.07,7.54,186.2
2026-02-23 10:00:00,29.593,3.904,395.7,102.3,9.39,191.2
2026-02-23 11:00:00,29.339,3.8845,400.94,102.94,8.91,198.8
2026-02-23 12:00:00,29.33,3.9472,399.62,103.43,8.81,189.4
2026-02-23 13:00:00,28.631,3.9807,399.56,104.73,9.23,177.8
2026-02-23 14:00:00,29.071,3.9499,399.23,103.39,7.91,187.4
2026-02-23 15:00:00,29.069,3.922,400.39,106.62,8.29,207.0
2026-02-23 16:00:00,29.464,3.9884,399.74,105.88,8.17,206.5
2026-02-23 17:00:00,28.667,3.8794,401.31,102.65,9.2,188.7
2026-02-23 18:00:00,29.812,3.9533,401.94,102.99,6.99,173.9
2026-02-23 19:00:00,28.564,3.8653,397.78,104.75,6.96,174.4
2026-02-23 20:00:00,29.501,3.9907,397.39,103.89,7.99,201.2
2026-02-23 21:00:00,30.096,3.8801,402.86,104.16,8.67,208.3
2026-02-23 22:00:00,27.441,3.8317,396.1,102.22,8.11,191.6
2026-02-23 23:00:00,30.851,3.9718,400.97,103.86,8.56,194.6
2026-02-24 00:00:00,29.423,3.9358,398.6,103.91,7.9,184.4
2026-02-24 01:00:00,29.264,3.9046,399.72,102.21,9.33,207.1
2026-02-24 02:00:00,31.283,3.9592,399.79,102.64,7.22,173.1
2026-02-24 03:00:00,29.541,3.8161,400.38,104.42,7.59,184.8
2026-02-24 04:00:00,29.767,3.9286,399.05,106.52,7.31,184.1
2026-02-24 05:00:00,29.397,3.8906,400.66,104.82,7.75,205.6
2026-02-24 06:00:00,28.186,3.9134,400.14,102.0,6.88,191.0
2026-02-24 07:00:00,30.814,3.9194,399.75,103.52,7.61,186.0
2026-02-24 08:00:00,30.358,3.9518,401.56,102.97,8.43,199.9
2026-02-24 09:00:00,28.197,3.9147,398.36,104.14,6.99,179.5
2026-02-24 10:00:00,29.693,3.8721,398.49,102.68,8.32,200.2
2026-02-24 11:00:00,28.95,3.9113,398.63,104.33,8.84,192.2
2026-02-24 12:00:00,29.679,3.8476,403.18,106.35,6.49,195.3
2026-02-24 13:00:00,29.632,3.8366,404.95,104.72,9.6,182.1
2026-02-24 14:00:00,29.378,3.8257,400.11,101.5,7.73,200.8
2026-02-24 15:00:00,30.244,3.9452,400.28,105.07,7.88,177.4
2026-02-24 16:00:00,30.197,3.8953,397.58,102.34,8.91,173.7
2026-02-24 17:00:00,29.055,3.9158,401.67,104.29,6.8,200.2
2026-02-24 18:00:00,29.681,3.8269,403.04,103.8,6.54,163.8
2026-02-24 19:00:00,29.637,3.8674,400.68,104.16,7.36,193.8
2026-02-24 20:00:00,29.971,3.8467,402.17,104.24,7.83,193.0
2026-02-24 21:00:00,29.075,3.8595,399.57,102.57,9.15,192.0
2026-02-24 22:00:00,30.407,3.9854,404.11,107.01,7.31,205.8
2026-02-24 23:00:00,29.431,3.8889,400.56,104.1,7.97,192.9
2026-02-25 00:00:00,31.101,3.7931,395.72,102.09,8.22,191.0
2026-02-25 01:00:00,30.119,3.9919,400.08,101.92,8.33,207.6
2026-02-25 02:00:00,31.506,3.8968,400.45,104.48,8.47,188.6
2026-02-25 03:00:00,29.375,3.9756,404.48,104.03,7.55,184.0
2026-02-25 04:00:00,28.792,3.8402,399.2,102.95,8.22,185.0
2026-02-25 05:00:00,28.987,3.8812,392.7,104.53,7.81,203.3
2026-02-25 06:00:00,29.396,3.8925,397.33,107.04,8.21,201.8
2026-02-25 07:00:00,29.493,3.9284,397.23,103.09,7.76,181.3
2026-02-25 08:00:00,30.413,3.9404,403.44,102.66,7.54,189.5
2026-02-25 09:00:00,30.343,3.8381,399.18,105.48,8.06,188.8
2026-02-25 10:00:00,28.793,3.8829,401.97,105.45,6.68,193.6
2026-02-25 11:00:00,29.447,3.8533,405.27,104.92,7.14,179.8
2026-02-25 12:00:00,29.91,3.8265,399.29,104.67,6.94,191.3
2026-02-25 13:00:00,30.123,3.8659,400.95,104.89,8.29,183.0
2026-02-25 14:00:00,30.483,3.8816,400.45,104.01,7.96,170.0
2026-02-25 15:00:00,30.642,3.9206,400.21,104.81,7.63,188.0
2026-02-25 16:00:00,30.177,3.7928,397.68,103.05,7.72,184.2
2026-02-25 17:00:00,29.065,3.9089,402.1,104.57,8.75,194.4
2026-02-25 18:00:00,31.015,3.974,398.5,102.74,7.5,186.1
2026-02-25 19:00:00,30.367,3.9225,400.46,102.95,7.63,187.5
2026-02-25 20:00:00,29.93,3.7513,400.57,104.64,7.4,203.3
2026-02-25 21:00:00,30.406,3.9312,395.22,105.07,8.08,191.4
2026-02-25 22:00:00,27.75,3.822,398.95,101.97,8.97,178.5
2026-02-25 23:00:00,30.382,3.915,408.08,104.0,9.11,185.2
2026-02-26 00:00:00,26.63,3.9148,403.58,103.14,8.77,195.2
2026-02-26 01:00:00,27.566,3.908,400.27,103.05,8.08,193.7
2026-02-26 02:00:00,26.966,3.7711,401.76,102.95,8.4,181.3
2026-02-26 03:00:00,27.87,3.887,398.95,103.87,8.25,172.5
2026-02-26 04:00:00,28.561,3.9475,400.83,101.55,8.63,189.6
2026-02-26 05:00:00,28.885,3.8756,399.33,105.38,6.3,185.8
2026-02-26 06:00:00,27.417,3.7853,397.12,104.29,8.23,205.8
2026-02-26 07:00:00,28.329,3.8328,402.2,104.51,8.06,178.5
2026-02-26 08:00:00,29.07,3.9842,400.78,102.76,7.08,178.7
2026-02-26 09:00:00,28.284,3.8152,403.26,103.7,8.25,197.2
2026-02-26 10:00:00,29.504,3.9348,399.42,104.51,8.09,190.1
2026-02-26 11:00:00,27.653,3.85,400.85,101.97,8.87,186.1
2026-02-26 12:00:00,26.626,3.931,401.93,104.12,6.8,177.0
2026-02-26 13:00:00,28.011,4.0094,400.69,104.4,8.44,181.3
2026-02-26 14:00:00,28.475,3.8684,400.07,102.78,7.04,182.3
2026-02-26 15:00:00,26.823,3.8795,404.48,104.41,7.55,193.9
2026-02-26 16:00:00,27.115,3.9545,402.29,103.46,7.95,190.6
2026-02-26 17:00:00,26.76,3.8432,399.57,102.66,7.97,198.2
2026-02-26 18:00:00,27.405,3.9283,405.14,103.36,9.12,181.9
2026-02-26 19:00:00,26.66,3.9087,399.52,101.84,9.01,198.3
2026-02-26 20:00:00,26.803,3.8902,399.76,102.18,8.25,176.8
2026-02-26 21:00:00,26.189,3.9705,398.15,102.89,7.82,183.0
2026-02-26 22:00:00,29.326,3.9225,402.46,105.31,9.67,168.1
2026-02-26 23:00:00,28.22,3.9087,400.24,105.72,8.49,173.1
2026-02-27 00:00:00,27.889,3.8919,403.27,100.94,8.5,191.4
2026-02-27 01:00:00,28.222,3.9193,393.86,105.02,7.97,182.3
2026-02-27 02:00:00,28.455,3.8979,404.87,105.58,7.13,197.7
2026-02-27 03:00:00,27.685,3.8987,399.56,105.5,7.37,194.3
2026-02-27 04:00:00,26.433,3.916,396.28,102.13,7.96,179.0
2026-02-27 05:00:00,28.584,3.8461,404.71,105.21,8.08,196.2
2026-02-27 06:00:00,27.856,4.016,401.48,103.14,8.3,186.7
2026-02-27 07:00:00,27.632,3.8712,398.43,105.25,7.97,197.6
2026-02-27 08:00:00,27.439,3.8958,398.62,105.9,9.29,189.2
2026-02-27 09:00:00,28.422,3.8296,396.28,105.1,6.64,217.5
2026-02-27 10:00:00,28.519,3.9858,399.77,102.02,7.31,181.5
2026-02-27 11:00:00,28.39,3.8497,397.64,106.34,7.05,183.9
2026-02-27 12:00:00,28.819,4.0243,395.17,100.44,7.46,192.3
2026-02-27 13:00:00,27.665,3.8732,396.23,105.28,7.61,183.7
2026-02-27 14:00:00,27.736,3.973,400.59,107.89,7.76,196.3
2026-02-27 15:00:00,25.938,3.8688,400.0,102.99,7.4,184.7
2026-02-27 16:00:00,26.904,3.8745,400.31,104.6,7.16,188.2
2026-02-27 17:00:00,27.044,3.9468,405.28,104.34,8.36,187.6
2026-02-27 18:00:00,28.12,3.8913,396.31,105.91,9.82,196.6
2026-02-27 19:00:00,27.715,3.9257,405.15,103.36,8.62,192.2
2026-02-27 20:00:00,25.918,3.8843,401.84,104.6,7.94,178.0
2026-02-27 21:00:00,27.936,3.9113,401.78,106.76,8.08,201.5
2026-02-27 22:00:00,28.136,4.0409,401.68,108.06,7.25,178.4
2026-02-27 23:00:00,28.139,3.8963,404.13,105.32,8.72,182.9
2026-02-28 00:00:00,27.041,3.9464,398.54,104.15,9.04,190.5
2026-02-28 01:00:00,27.268,3.9655,401.63,101.94,8.17,191.2
2026-02-28 02:00:00,27.356,4.0195,403.73,104.37,7.55,199.5
2026-02-28 03:00:00,27.236,3.9706,401.26,105.65,7.43,189.2
2026-02-28 04:00:00,27.125,3.8636,401.46,103.58,7.78,183.9
2026-02-28 05:00:00,27.005,3.8226,402.97,104.75,8.53,203.5
2026-02-28 06:00:00,27.3,3.8895,404.27,103.56,8.2,169.2
2026-02-28 07:00:00,26.629,3.9028,402.19,104.9,8.83,185.1
2026-02-28 08:00:00,26.605,3.914,397.81,103.5,8.1,170.6
2026-02-28 09:00:00,25.762,3.9231,397.99,105.2,7.65,180.1
2026-02-28 10:00:00,27.536,3.889,401.21,103.04,7.38,187.0
2026-02-28 11:00:00,26.389,3.8921,397.05,104.55,8.64,194.9
2026-02-28 12:00:00,25.994,3.9625,394.83,104.34,8.1,197.8
2026-02-28 13:00:00,26.473,3.8758,403.52,105.72,7.2,187.4
2026-02-28 14:00:00,26.381,3.7712,403.44,103.04,8.06,192.7
2026-02-28 15:00:00,25.973,3.9459,398.05,101.84,8.28,191.8
2026-02-28 16:00:00,26.576,3.8979,405.1,105.06,8.02,186.5
2026-02-28 17:00:00,28.501,3.879,394.2,105.85,7.61,168.4
2026-02-28 18:00:00,25.881,3.8328,393.45,102.88,7.53,206.4
2026-02-28 19:00:00,26.942,3.8714,399.53,104.31,8.8,203.2
2026-02-28 20:00:00,25.427,3.8268,399.97,106.89,7.61,201.0
2026-02-28 21:00:00,26.558,3.8725,399.26,106.1,7.63,190.9
2026-02-28 22:00:00,27.282,3.9466,400.22,105.36,9.37,198.1
2026-02-28 23:00:00,26.715,3.8941,400.9,103.63,7.12,180.9
2026-03-01 00:00:00,27.018,3.8029,408.8,105.32,7.57,182.8
2026-03-01 01:00:00,28.488,3.8307,396.99,105.59,7.96,198.0
2026-03-01 02:00:00,27.567,3.9012,398.14,104.76,8.21,192.6
2026-03-01 03:00:00,27.127,3.9614,400.29,104.94,7.09,173.7
2026-03-01 04:00:00,28.085,3.8686,397.55,104.59,9.09,187.5
2026-03-01 05:00:00,27.237,3.9235,401.73,104.14,6.57,198.0
2026-03-01 06:00:00,26.841,4.0058,398.0,104.37,7.98,192.3
2026-03-01 07:00:00,29.548,3.8887,403.16,104.06,7.74,198.0
2026-03-01 08:00:00,27.764,3.8925,397.17,104.69,10.76,189.0
2026-03-01 09:00:00,28.009,3.8726,410.54,101.91,7.56,171.5
2026-03-01 10:00:00,28.059,3.9096,401.4,104.04,9.28,204.2
2026-03-01 11:00:00,28.457,3.767,397.37,104.22,8.74,162.8
2026-03-01 12:00:00,28.803,3.9189,404.93,102.3,7.41,179.9
2026-03-01 13:00:00,26.971,3.8627,394.84,106.01,8.46,182.1
2026-03-01 14:00:00,25.782,3.9598,393.21,102.37,7.0,182.8
2026-03-01 15:00:00,27.858,3.9444,401.01,102.27,9.06,202.2
2026-03-01 16:00:00,28.124,4.0203,396.84,102.87,7.38,183.9
2026-03-01 17:00:00,28.007,3.9112,398.83,105.77,7.94,184.5
2026-03-01 18:00:00,26.947,3.8349,399.33,102.7,7.92,193.8
2026-03-01 19:00:00,27.844,3.8774,405.74,102.26,8.57,190.3
2026-03-01 20:00:00,27.694,3.8659,397.65,104.96,6.61,191.3
2026-03-01 21:00:00,26.244,3.8076,400.21,103.14,9.56,172.3
2026-03-01 22:00:00,27.577,3.905,400.49,103.28,6.69,197.3
2026-03-01 23:00:00,28.072,3.9192,400.81,105.8,8.78,196.9
2026-03-02 00:00:00,27.7,3.9508,397.37,104.58,7.19,188.4
2026-03-02 01:00:00,28.909,3.8843,402.86,103.28,9.34,188.4
2026-03-02 02:00:00,30.454,3.936,399.88,102.31,7.66,209.8
2026-03-02 03:00:00,27.176,3.8213,400.9,105.89,7.7,181.4
2026-03-02 04:00:00,28.048,3.8891,403.38,106.83,7.88,181.7
2026-03-02 05:00:00,27.218,3.8128,399.77,101.65,8.57,187.6
2026-03-02 06:00:00,27.635,3.972,394.75,105.36,8.08,192.5
2026-03-02 07:00:00,28.222,3.8425,401.8,105.79,6.37,190.9
2026-03-02 08:00:00,28.129,3.8846,401.2,103.68,7.67,201.9
2026-03-02 09:00:00,27.402,3.8788,398.68,102.76,7.56,203.9
2026-03-02 10:00:00,27.511,4.025,395.17,100.3,7.42,177.0
2026-03-02 11:00:00,29.279,3.9217,396.68,103.65,7.72,216.2
2026-03-02 12:00:00,28.336,3.912,401.52,104.3,7.98,181.0
2026-03-02 13:00:00,28.29,3.9089,395.85,104.07,6.96,172.8
2026-03-02 14:00:00,28.147,3.9245,402.73,103.1,6.79,180.6
2026-03-02 15:00:00,27.986,3.8924,401.31,103.67,8.82,183.2
2026-03-02 16:00:00,28.608,3.9306,401.07,104.76,7.09,198.5
2026-03-02 17:00:00,27.772,3.8891,396.83,104.51,7.62,182.8
2026-03-02 18:00:00,28.796,3.8599,401.0,104.23,8.41,190.2
2026-03-02 19:00:00,27.179,3.9061,401.04,106.8,9.48,198.6
2026-03-02 20:00:00,29.059,3.7695,398.33,102.32,8.47,195.3
2026-03-02 21:00:00,28.691,3.9288,401.06,103.81,7.52,197.0
2026-03-02 22:00:00,28.233,3.9531,398.62,103.57,7.36,196.5
2026-03-02 23:00:00,27.525,3.7801,397.51,102.93,7.98,186.3
2026-03-03 00:00:00,33.98,3.9157,402.92,106.1,8.84,199.3
2026-03-03 01:00:00,32.26,3.9222,399.69,105.17,7.53,196.7
2026-03-03 02:00:00,32.24,3.9378,403.73,105.87,7.68,203.5
2026-03-03 03:00:00,31.038,3.9089,395.72,104.04,7.05,189.7
2026-03-03 04:00:00,32.04,3.9648,406.59,105.33,8.85,194.9
2026-03-03 05:00:00,32.668,3.8898,396.54,102.84,8.66,186.1
2026-03-03 06:00:00,33.14,3.8561,407.03,106.1,7.95,209.2
2026-03-03 07:00:00,33.276,3.9571,399.63,103.37,9.18,197.8
2026-03-03 08:00:00,33.595,3.9528,400.52,103.38,8.34,172.8
2026-03-03 09:00:00,32.867,3.959,399.45,106.89,7.76,180.0
2026-03-03 10:00:00,33.358,3.8937,402.0,103.1,8.48,191.6
2026-03-03 11:00:00,33.029,3.9501,397.82,103.82,8.93,202.8
2026-03-03 12:00:00,33.488,3.8465,400.75,103.46,7.78,175.0
2026-03-03 13:00:00,30.719,3.9515,402.56,101.88,7.75,191.0
2026-03-03 14:00:00,32.199,3.927,398.94,101.96,7.69,194.8
2026-03-03 15:00:00,31.861,3.9393,403.25,104.96,8.48,189.4
2026-03-03 16:00:00,33.3,3.865,393.05,102.99,9.18,200.6
2026-03-03 17:00:00,31.71,3.8899,397.9,102.25,7.75,198.1
2026-03-03 18:00:00,32.803,3.8882,393.53,107.3,7.08,190.3
2026-03-03 19:00:00,33.545,3.9094,402.53,100.52,7.3,183.3
2026-03-03 20:00:00,31.415,3.8211,402.63,102.09,8.88,199.0
2026-03-03 21:00:00,32.391,3.8304,398.22,102.92,7.47,182.2
2026-03-03 22:00:00,32.779,3.8853,399.82,103.95,8.97,210.0
2026-03-03 23:00:00,32.746,3.8958,399.51,105.43,8.55,191.1
2026-03-04 00:00:00,32.531,3.9285,403.12,103.35,8.34,171.9
2026-03-04 01:00:00,32.02,3.9237,395.27,101.74,8.2,170.3
2026-03-04 02:00:00,32.357,4.0035,401.04,106.62,9.24,182.4
2026-03-04 03:00:00,32.48,3.9187,403.3,106.15,8.62,193.4
2026-03-04 04:00:00,31.647,3.9525,398.28,105.48,9.07,175.6
2026-03-04 05:00:00,34.652,3.8907,403.25,105.42,9.49,201.9
2026-03-04 06:00:00,34.285,3.9424,397.67,103.74,8.56,199.6
2026-03-04 07:00:00,32.833,3.8648,396.28,104.15,10.42,188.9
2026-03-04 08:00:00,32.209,3.931,402.24,104.22,6.41,183.3
2026-03-04 09:00:00,32.073,3.932,398.16,103.67,7.13,184.6
2026-03-04 10:00:00,34.856,3.9423,401.33,102.76,7.04,200.4
2026-03-04 11:00:00,32.683,3.9307,400.95,104.22,6.03,199.3
2026-03-04 12:00:00,34.421,3.9049,399.55,104.36,7.82,171.9
2026-03-04 13:00:00,32.347,3.9007,403.26,102.56,7.77,190.5
2026-03-04 14:00:00,33.159,3.9984,402.0,105.03,7.06,206.3
2026-03-04 15:00:00,31.018,3.9691,402.71,104.2,7.18,195.7
2026-03-04 16:00:00,32.246,3.9694,391.31,104.18,5.93,191.1
2026-03-04 17:00:00,32.403,3.9437,396.66,102.56,6.29,185.8
2026-03-04 18:00:00,32.868,3.8888,397.15,103.7,8.47,193.3
2026-03-04 19:00:00,30.765,3.876,397.38,99.85,8.5,193.4
2026-03-04 20:00:00,31.671,3.9273,400.78,103.3,8.26,188.0
2026-03-04 21:00:00,32.014,3.9526,395.34,106.89,8.22,186.0
2026-03-04 22:00:00,33.111,3.8538,398.83,107.02,8.39,188.6
2026-03-04 23:00:00,32.541,3.9471,402.83,103.54,8.97,190.0
2026-03-05 00:00:00,2.769,3.9391,397.85,101.69,7.9,199.0
2026-03-05 01:00:00,3.19,3.9453,403.72,103.51,8.03,188.9
2026-03-05 02:00:00,3.823,3.926,400.65,106.11,8.34,193.2
2026-03-05 03:00:00,4.012,3.9054,404.13,105.12,8.12,189.4
2026-03-05 04:00:00,4.415,3.8655,403.2,104.1,8.1,203.1
2026-03-05 05:00:00,4.988,3.8782,404.41,105.01,6.77,190.3
2026-03-05 06:00:00,5.341,3.8771,399.44,101.62,7.46,208.6
2026-03-05 07:00:00,5.96,3.8786,403.02,102.03,7.86,203.4
2026-03-05 08:00:00,6.488,3.9195,399.5,104.6,8.6,188.8
2026-03-05 09:00:00,6.986,3.9152,394.48,105.45,9.5,198.8
2026-03-05 10:00:00,7.502,3.8846,401.27,107.02,9.23,183.7
2026-03-05 11:00:00,8.476,3.8686,398.28,103.89,8.55,188.5
2026-03-05 12:00:00,8.759,3.9188,404.91,102.05,8.15,197.3
2026-03-05 13:00:00,9.483,3.8002,399.53,101.17,8.41,185.3
2026-03-05 14:00:00,9.429,3.9541,402.83,103.82,8.56,221.6
2026-03-05 15:00:00,9.511,3.9326,398.8,105.38,7.44,196.9
2026-03-05 16:00:00,9.465,3.9142,407.77,102.44,7.61,200.1
2026-03-05 17:00:00,10.099,3.789,395.36,104.43,8.95,191.9
2026-03-05 18:00:00,11.18,3.9585,400.18,106.15,9.26,187.8
2026-03-05 19:00:00,11.846,3.9399,399.93,104.12,8.94,178.7
2026-03-05 20:00:00,10.266,3.9628,406.13,104.56,8.9,174.7
2026-03-05 21:00:00,10.41,3.8773,399.2,104.37,7.69,190.2
2026-03-05 22:00:00,11.032,3.9349,403.46,105.45,9.18,189.0
2026-03-05 23:00:00,10.884,3.8104,395.22,105.33,8.45,191.2
2026-03-06 00:00:00,30.451,3.842,393.62,103.22,7.85,164.9
2026-03-06 01:00:00,31.949,3.8693,401.5,106.06,9.25,187.6
2026-03-06 02:00:00,31.623,3.9487,400.36,104.58,7.34,193.2
2026-03-06 03:00:00,30.12,3.892,400.5,105.51,7.86,187.9
2026-03-06 04:00:00,30.34,4.0405,398.92,104.8,6.84,191.1
2026-03-06 05:00:00,29.616,3.8746,402.42,106.69,8.18,196.7
2026-03-06 06:00:00,30.891,3.8807,400.43,105.56,8.21,186.8
2026-03-06 07:00:00,30.288,3.9271,399.19,105.49,6.92,198.3
2026-03-06 08:00:00,29.972,3.8992,406.57,105.66,7.63,186.7
2026-03-06 09:00:00,31.559,3.9505,400.1,105.23,7.71,162.9
2026-03-06 10:00:00,31.743,3.8784,401.99,103.83,7.82,181.6
2026-03-06 11:00:00,31.438,3.9454,404.0,105.16,8.4,185.4
2026-03-06 12:00:00,30.775,3.9249,392.66,102.34,7.91,198.9
2026-03-06 13:00:00,32.032,3.9893,397.89,104.2,7.63,182.4
2026-03-06 14:00:00,30.399,3.9088,402.64,101.84,7.94,180.5
2026-03-06 15:00:00,32.029,3.989,398.73,103.01,8.54,200.2
2026-03-06 16:00:00,29.8,3.8809,400.97,102.48,9.25,190.9
2026-03-06 17:00:00,30.777,3.8436,403.85,102.03,7.45,184.4
2026-03-06 18:00:00,30.589,3.8296,397.77,104.95,8.0,191.6
2026-03-06 19:00:00,31.615,3.9247,403.17,104.1,7.31,207.1
2026-03-06 20:00:00,29.131,3.8327,396.64,107.63,8.1,201.3
2026-03-06 21:00:00,29.261,3.8465,401.07,103.36,8.12,196.5
2026-03-06 22:00:00,30.795,3.9064,400.76,103.75,8.28,200.2
2026-03-06 23:00:00,29.851,3.9161,402.81,103.78,7.96,209.1
2026-03-07 00:00:00,31.625,4.0177,405.78,103.57,7.48,187.6
2026-03-07 01:00:00,31.396,3.7305,400.3,105.9,8.08,193.8
2026-03-07 02:00:00,30.384,3.8186,403.03,103.65,8.43,190.8
2026-03-07 03:00:00,32.398,3.9265,401.48,103.94,7.39,194.6
2026-03-07 04:00:00,31.6,3.9032,393.65,102.91,9.6,184.9
2026-03-07 05:00:00,30.77,3.8072,398.44,102.79,8.69,196.9
2026-03-07 06:00:00,31.107,3.9539,398.72,106.65,7.85,199.8
2026-03-07 07:00:00,32.547,3.8768,401.31,103.91,8.15,193.6
2026-03-07 08:00:00,30.535,3.9036,402.31,102.09,7.45,185.6
2026-03-07 09:00:00,29.335,3.9201,398.8,102.79,6.95,181.7
2026-03-07 10:00:00,31.003,3.8391,402.91,105.03,8.28,173.6
2026-03-07 11:00:00,29.893,3.955,399.02,102.93,7.46,194.3
2026-03-07 12:00:00,28.907,3.9538,400.84,102.52,8.53,163.3
2026-03-07 13:00:00,29.458,3.9177,404.63,102.28,6.9,189.8
2026-03-07 14:00:00,30.673,3.8639,397.74,106.4,7.28,174.1
2026-03-07 15:00:00,30.203,3.9671,402.19,103.99,6.99,189.4
2026-03-07 16:00:00,33.212,3.932,403.25,101.66,7.69,184.7
2026-03-07 17:00:00,32.171,3.887,399.9,103.31,5.74,201.7
2026-03-07 18:00:00,28.832,3.8724,395.33,103.14,7.65,185.1
2026-03-07 19:00:00,31.902,3.841,399.13,104.85,7.69,185.0
2026-03-07 20:00:00,32.357,3.9402,397.55,104.43,7.29,194.8
2026-03-07 21:00:00,29.253,3.9415,401.2,104.55,8.01,192.5
2026-03-07 22:00:00,29.768,3.9042,401.86,104.69,7.27,195.9
2026-03-07 23:00:00,29.46,3.8642,397.48,103.11,7.91,197.0
2026-03-08 00:00:00,29.059,3.9234,397.82,105.15,8.8,182.5
2026-03-08 01:00:00,27.145,3.8928,405.88,103.56,7.87,197.2
2026-03-08 02:00:00,27.152,3.8461,399.67,105.29,7.76,183.6
2026-03-08 03:00:00,26.731,3.9801,396.23,105.99,7.43,201.6
2026-03-08 04:00:00,29.6,3.8563,401.78,105.12,9.01,187.0
2026-03-08 05:00:00,29.199,3.9056,396.98,105.52,9.02,189.9
2026-03-08 06:00:00,28.043,3.9393,405.11,102.14,8.86,210.5
2026-03-08 07:00:00,27.402,3.9293,400.21,104.55,9.01,174.0
2026-03-08 08:00:00,27.717,3.8309,399.07,106.83,7.16,185.3
2026-03-08 09:00:00,27.631,3.9204,399.05,102.83,7.38,188.4
2026-03-08 10:00:00,27.105,3.779,403.53,104.2,7.52,188.4
2026-03-08 11:00:00,28.767,3.8569,400.09,103.2,8.99,165.5
2026-03-08 12:00:00,26.954,3.9708,396.41,102.81,7.02,166.6
2026-03-08 13:00:00,28.058,3.9341,400.92,102.13,7.57,206.5
2026-03-08 14:00:00,27.979,3.8529,402.66,103.54,6.49,181.3
2026-03-08 15:00:00,28.916,3.8912,399.68,104.95,7.37,174.8
2026-03-08 16:00:00,28.12,3.8676,399.94,102.88,7.39,175.6
2026-03-08 17:00:00,28.377,3.9972,396.25,105.73,8.54,183.4
2026-03-08 18:00:00,27.274,3.9268,398.92,103.56,7.63,209.2
2026-03-08 19:00:00,26.771,3.9217,405.72,104.25,9.73,190.0
2026-03-08 20:00:00,28.288,3.9396,397.84,104.06,8.47,183.4
2026-03-08 21:00:00,28.546,3.9554,396.51,103.83,8.33,182.9
2026-03-08 22:00:00,29.015,3.9627,398.34,104.4,7.51,189.0
2026-03-08 23:00:00,28.558,3.8932,400.59,103.36,8.98,199.6
2026-03-09 00:00:00,27.54,3.9293,408.05,103.34,9.14,217.2
2026-03-09 01:00:00,27.899,3.9423,393.49,106.14,8.55,198.8
2026-03-09 02:00:00,28.244,3.9509,403.51,105.14,7.81,188.8
2026-03-09 03:00:00,28.116,3.8915,397.63,102.15,7.96,181.2
2026-03-09 04:00:00,27.774,3.8381,396.02,103.43,7.85,212.3
2026-03-09 05:00:00,28.012,3.9549,401.64,104.52,7.8,196.9
2026-03-09 06:00:00,28.529,3.8319,402.15,103.76,6.75,182.7
2026-03-09 07:00:00,28.679,3.9494,399.78,105.91,8.67,174.9
2026-03-09 08:00:00,27.155,3.9196,397.42,103.12,8.27,187.5
2026-03-09 09:00:00,27.491,3.8313,406.31,101.95,7.68,201.4
2026-03-09 10:00:00,27.991,3.8539,396.65,105.8,8.65,170.6
2026-03-09 11:00:00,26.898,3.9338,405.01,103.22,8.8,174.2
2026-03-09 12:00:00,26.648,3.8382,401.6,104.35,8.61,172.4
2026-03-09 13:00:00,29.488,3.8807,408.17,104.43,6.56,189.9
2026-03-09 14:00:00,27.345,3.9796,400.75,105.94,7.37,182.4
2026-03-09 15:00:00,28.191,3.905,397.23,104.83,8.97,186.6
2026-03-09 16:00:00,27.637,3.876,401.7,103.84,8.37,201.5
2026-03-09 17:00:00,27.8,3.8868,399.14,106.29,7.92,190.8
2026-03-09 18:00:00,27.796,3.9462,401.28,102.26,8.78,194.2
2026-03-09 19:00:00,29.085,3.9275,399.85,102.48,8.81,202.8
2026-03-09 20:00:00,27.301,3.8971,401.45,103.81,8.32,186.2
2026-03-09 21:00:00,27.5,3.9624,394.82,104.98,7.36,190.4
2026-03-09 22:00:00,27.473,3.908,398.12,104.42,6.84,179.1
2026-03-09 23:00:00,27.927,3.9319,397.44,106.97,7.69,198.0
2026-03-10 00:00:00,29.557,3.8492,396.92,102.21,6.71,185.5
2026-03-10 01:00:00,30.477,3.9823,399.77,104.42,6.29,205.2
2026-03-10 02:00:00,32.767,3.8433,396.72,102.82,9.15,176.4
2026-03-10 03:00:00,30.308,3.8186,400.83,105.28,7.2,201.6
2026-03-10 04:00:00,31.438,3.8569,401.68,105.94,9.04,195.3
2026-03-10 05:00:00,32.561,3.9002,400.97,106.74,7.91,181.8
2026-03-10 06:00:00,30.134,3.8736,394.28,102.57,7.07,188.2
2026-03-10 07:00:00,29.986,3.8942,399.99,105.22,8.85,206.1
2026-03-10 08:00:00,31.061,3.8298,402.39,104.63,7.65,198.5
2026-03-10 09:00:00,33.191,3.9198,398.77,104.34,7.27,210.4
2026-03-10 10:00:00,30.154,3.8488,403.18,103.73,7.01,199.8
2026-03-10 11:00:00,32.421,3.818,402.05,105.55,9.53,195.1
2026-03-10 12:00:00,32.041,3.9067,402.26,106.68,8.61,184.0
2026-03-10 13:00:00,31.254,4.0015,396.27,103.12,7.48,203.7
2026-03-10 14:00:00,30.482,3.88,399.9,104.9,8.52,178.6
2026-03-10 15:00:00,30.228,3.8284,403.58,103.66,8.17,190.3
2026-03-10 16:00:00,29.901,3.8174,396.63,107.01,7.7,195.3
2026-03-10 17:00:00,30.349,4.0333,400.34,101.63,7.62,193.5
2026-03-10 18:00:00,32.273,3.883,402.07,104.47,8.19,186.0
2026-03-10 19:00:00,31.68,3.9571,400.03,103.51,10.27,197.2
2026-03-10 20:00:00,31.939,3.827,403.38,101.59,8.98,193.6
2026-03-10 21:00:00,30.853,3.8659,400.57,103.42,6.62,201.0
2026-03-10 22:00:00,29.86,3.892,398.58,106.38,6.77,200.2
2026-03-10 23:00:00,31.749,3.7538,395.73,102.95,7.15,192.3
2026-03-11 00:00:00,30.644,3.9534,397.8,104.8,7.82,195.2
2026-03-11 01:00:00,30.07,3.8991,399.01,104.79,8.1,180.2
2026-03-11 02:00:00,28.22,3.951,402.34,103.89,8.96,189.5
2026-03-11 03:00:00,30.019,3.879,403.91,106.76,7.84,183.8
2026-03-11 04:00:00,31.111,3.9461,401.99,101.85,8.26,192.1
2026-03-11 05:00:00,29.875,3.9239,399.59,104.63,8.01,187.4
2026-03-11 06:00:00,31.704,3.8992,401.94,105.46,7.26,188.4
2026-03-11 07:00:00,29.356,3.8929,396.54,105.36,8.02,177.9
2026-03-11 08:00:00,30.577,3.8512,395.74,104.68,8.06,183.0
2026-03-11 09:00:00,30.8,3.9244,400.61,105.58,8.27,202.9
2026-03-11 10:00:00,30.467,3.9186,391.57,103.53,9.56,184.6
2026-03-11 11:00:00,30.033,3.8795,394.66,104.95,9.55,207.1
2026-03-11 12:00:00,29.945,3.8569,398.45,104.82,7.71,198.2
2026-03-11 13:00:00,30.41,3.8397,396.64,105.32,8.71,190.5
2026-03-11 14:00:00,31.489,3.8986,399.22,103.99,8.47,167.3
2026-03-11 15:00:00,30.278,3.9091,397.56,102.77,9.02,185.6
2026-03-11 16:00:00,29.88,3.9481,396.39,107.76,7.43,183.9
2026-03-11 17:00:00,28.839,3.8705,397.2,103.34,7.13,166.2
2026-03-11 18:00:00,31.212,3.939,402.05,104.85,8.5,183.1
2026-03-11 19:00:00,32.759,3.8711,396.41,107.1,7.7,190.7
2026-03-11 20:00:00,29.226,3.8879,401.5,104.52,7.03,197.8
2026-03-11 21:00:00,29.432,3.8224,402.78,104.52,7.83,182.3
2026-03-11 22:00:00,30.834,3.8873,397.96,104.87,8.24,178.0
2026-03-11 23:00:00,31.272,3.8168,397.61,104.57,7.94,198.1
2026-03-12 00:00:00,30.599,3.7816,404.04,103.27,8.01,182.5
2026-03-12 01:00:00,29.098,3.9329,401.48,104.41,7.49,206.0
2026-03-12 02:00:00,30.422,3.9307,400.33,104.48,8.95,200.8
2026-03-12 03:00:00,31.091,3.9071,400.49,102.3,7.87,184.7
2026-03-12 04:00:00,29.338,3.9016,400.31,102.97,6.66,187.7
2026-03-12 05:00:00,30.09,3.9169,397.4,102.07,6.54,190.0
2026-03-12 06:00:00,29.544,3.9302,395.76,106.01,7.86,188.0
2026-03-12 07:00:00,30.203,3.9356,402.43,101.24,7.55,194.5
2026-03-12 08:00:00,30.592,3.9115,397.36,104.64,7.86,190.1
2026-03-12 09:00:00,31.173,3.8952,401.39,106.2,8.81,177.6
2026-03-12 10:00:00,29.109,3.8005,403.2,103.75,7.57,189.2
2026-03-12 11:00:00,29.014,3.9286,397.35,105.36,8.22,189.5
2026-03-12 12:00:00,30.571,3.8881,399.94,105.82,9.35,195.6
2026-03-12 13:00:00,31.334,3.822,400.46,104.0,7.64,195.5
2026-03-12 14:00:00,31.808,3.9268,403.43,106.11,9.08,191.1
2026-03-12 15:00:00,29.548,3.9587,402.72,103.38,9.32,182.2
2026-03-12 16:00:00,29.006,3.8992,396.22,103.84,7.99,184.7
2026-03-12 17:00:00,30.164,3.8398,393.4,105.28,8.77,198.9
2026-03-12 18:00:00,29.737,3.9247,399.14,105.83,7.1,193.3
2026-03-12 19:00:00,29.689,3.9373,400.35,101.43,7.78,180.8
2026-03-12 20:00:00,30.511,3.9447,396.59,104.7,7.24,185.5
2026-03-12 21:00:00,30.245,3.9622,401.52,105.03,7.65,189.0
2026-03-12 22:00:00,30.656,3.9104,400.62,104.66,9.35,204.0
2026-03-12 23:00:00,31.374,3.9218,397.88,102.35,8.16,180.8
2026-03-13 00:00:00,29.063,3.8879,406.76,104.11,8.17,190.0
2026-03-13 01:00:00,30.982,3.8377,400.98,105.27,8.26,193.6
2026-03-13 02:00:00,30.871,3.9391,396.85,101.18,7.67,190.4
2026-03-13 03:00:00,31.396,3.8667,400.71,104.04,8.62,186.1
2026-03-13 04:00:00,31.407,3.9398,399.38,103.87,7.69,183.6
2026-03-13 05:00:00,30.261,3.8501,402.31,104.69,7.95,191.6
2026-03-13 06:00:00,30.866,3.9765,402.77,103.6,8.59,174.4
2026-03-13 07:00:00,30.383,3.865,401.11,103.27,7.42,183.4
2026-03-13 08:00:00,29.526,3.8377,397.26,104.61,8.24,197.8
2026-03-13 09:00:00,32.329,3.9466,394.78,103.14,9.22,192.0
2026-03-13 10:00:00,31.155,3.9125,396.06,104.66,7.91,180.7
2026-03-13 11:00:00,31.146,3.9855,399.56,102.17,7.93,181.5
2026-03-13 12:00:00,28.619,3.8774,401.2,102.64,7.94,188.9
2026-03-13 13:00:00,30.381,3.8813,399.11,103.62,7.9,195.1
2026-03-13 14:00:00,30.345,3.86,401.47,103.03,9.67,187.7
2026-03-13 15:00:00,32.572,3.9129,400.93,105.33,8.34,188.8
2026-03-13 16:00:00,30.48,3.8558,397.24,105.26,6.12,206.8
2026-03-13 17:00:00,31.624,3.8852,405.09,106.75,8.87,166.5
2026-03-13 18:00:00,28.974,3.9317,396.5,104.58,7.67,193.7
2026-03-13 19:00:00,30.47,3.8993,394.98,103.9,7.29,199.9
2026-03-13 20:00:00,30.141,3.9203,401.6,103.72,7.32,190.9
2026-03-13 21:00:00,30.616,3.9356,397.14,102.22,8.5,191.9
2026-03-13 22:00:00,31.797,3.9635,394.39,104.28,8.07,190.1
2026-03-13 23:00:00,31.566,3.9917,399.27,103.71,8.46,196.7
2026-03-14 00:00:00,30.814,3.9389,403.8,103.12,8.93,181.7
2026-03-14 01:00:00,32.089,3.8526,397.28,101.88,7.69,188.7
2026-03-14 02:00:00,30.775,3.8774,399.0,103.13,7.62,190.4
2026-03-14 03:00:00,30.384,3.9024,396.52,101.88,8.51,181.1
2026-03-14 04:00:00,30.974,3.8454,395.27,101.83,7.22,201.5
2026-03-14 05:00:00,30.231,3.9054,398.49,103.98,6.95,199.4
2026-03-14 06:00:00,31.057,3.8714,401.99,101.56,7.34,192.2
2026-03-14 07:00:00,32.305,3.8692,404.96,105.56,7.21,193.9
2026-03-14 08:00:00,31.913,3.847,404.04,101.55,9.0,200.2
2026-03-14 09:00:00,32.408,3.9364,400.51,101.52,9.31,195.4
2026-03-14 10:00:00,31.671,3.8672,393.16,104.58,7.23,188.8
2026-03-14 11:00:00,31.416,3.8317,401.06,102.74,7.48,196.5
2026-03-14 12:00:00,29.563,3.8672,399.0,105.35,7.86,195.6
2026-03-14 13:00:00,29.893,3.8213,399.23,106.15,8.33,184.7
2026-03-14 14:00:00,30.32,3.961,401.57,101.73,6.37,208.0
2026-03-14 15:00:00,31.04,3.8958,400.77,103.72,7.8,188.4
2026-03-14 16:00:00,29.071,3.8786,398.31,105.43,8.69,185.3
2026-03-14 17:00:00,30.777,3.8989,405.51,105.43,7.39,203.2
2026-03-14 18:00:00,30.041,3.9506,400.01,102.12,7.58,187.2
2026-03-14 19:00:00,31.879,3.9595,394.54,103.13,8.77,194.0
2026-03-14 20:00:00,31.371,3.9273,401.96,105.77,7.62,167.0
2026-03-14 21:00:00,31.341,3.8636,394.8,103.92,7.33,188.3
2026-03-14 22:00:00,29.013,3.9207,399.52,104.12,7.34,181.0
2026-03-14 23:00:00,31.76,3.9258,398.9,102.06,8.31,184.0
2026-03-15 00:00:00,3.405,3.8601,400.19,104.36,7.48,194.1
2026-03-15 01:00:00,3.556,3.9586,398.43,103.21,7.77,185.3
2026-03-15 02:00:00,4.207,3.9036,397.83,103.39,8.04,186.8
2026-03-15 03:00:00,4.709,3.933,405.38,102.95,8.59,181.9
2026-03-15 04:00:00,5.375,3.8413,397.96,102.72,7.83,185.6
2026-03-15 05:00:00,6.631,3.8519,401.48,105.04,6.54,172.3
2026-03-15 06:00:00,6.817,3.8375,398.76,99.98,7.08,186.6
2026-03-15 07:00:00,7.478,3.9944,397.9,105.99,7.93,186.9
2026-03-15 08:00:00,7.556,3.8844,395.31,103.77,7.06,192.6
2026-03-15 09:00:00,9.273,3.8326,404.61,102.25,7.68,199.3
2026-03-15 10:00:00,8.952,3.9545,403.73,103.48,7.53,195.4
2026-03-15 11:00:00,9.512,3.9798,393.53,105.4,8.34,186.5
2026-03-15 12:00:00,9.439,3.8581,397.51,106.26,7.97,186.8
2026-03-15 13:00:00,10.405,3.9244,402.02,103.89,7.8,181.8
2026-03-15 14:00:00,10.902,3.8904,398.02,103.46,8.93,197.2
2026-03-15 15:00:00,11.631,3.9557,400.2,105.62,7.95,203.6
2026-03-15 16:00:00,12.34,3.8824,396.37,104.12,8.07,178.9
2026-03-15 17:00:00,12.437,3.8683,400.65,102.05,7.95,208.2
2026-03-15 18:00:00,13.738,3.8963,404.34,103.37,8.61,192.5
2026-03-15 19:00:00,12.841,3.9219,406.79,102.67,7.27,206.1
2026-03-15 20:00:00,12.704,3.8921,398.52,102.84,8.34,179.7
2026-03-15 21:00:00,12.453,3.8855,401.46,106.04,7.94,198.5
2026-03-15 22:00:00,14.001,3.9207,402.34,103.63,6.71,197.2
2026-03-15 23:00:00,12.39,3.9253,397.45,102.21,7.87,177.1
2026-03-16 00:00:00,32.82,3.8883,399.22,106.17,8.6,187.2
2026-03-16 01:00:00,33.531,3.9173,398.89,101.96,7.4,208.7
2026-03-16 02:00:00,32.794,3.9253,404.9,102.87,8.82,164.5
2026-03-16 03:00:00,31.751,3.7909,399.82,103.96,7.38,183.2
2026-03-16 04:00:00,35.575,3.9177,401.42,102.62,7.34,191.5
2026-03-16 05:00:00,32.433,3.8892,399.0,101.37,8.26,191.7
2026-03-16 06:00:00,33.281,3.9322,405.24,103.35,8.13,203.0
2026-03-16 07:00:00,32.388,3.9545,398.43,103.27,7.11,188.2
2026-03-16 08:00:00,34.757,3.9883,400.15,104.71,8.88,179.1
2026-03-16 09:00:00,32.351,3.8889,394.34,102.78,7.48,186.3
2026-03-16 10:00:00,32.536,3.7855,401.15,103.18,8.32,195.3
2026-03-16 11:00:00,32.559,3.985,394.77,103.83,8.01,203.5
2026-03-16 12:00:00,32.626,3.9234,400.35,106.93,7.68,180.5
2026-03-16 13:00:00,32.24,3.9173,404.02,100.4,6.93,203.3
2026-03-16 14:00:00,32.31,3.8602,398.43,102.58,7.1,190.2
2026-03-16 15:00:00,31.973,3.9815,392.37,104.69,7.39,205.9
2026-03-16 16:00:00,31.757,3.9214,404.64,104.73,7.44,187.5
2026-03-16 17:00:00,32.913,3.9694,400.22,104.82,7.07,189.9
2026-03-16 18:00:00,33.942,3.8825,398.35,103.33,8.86,194.4
2026-03-16 19:00:00,33.112,3.8604,394.54,105.47,7.6,197.7
2026-03-16 20:00:00,33.225,3.8674,396.51,105.27,6.26,166.1
2026-03-16 21:00:00,34.244,3.8552,400.32,105.47,9.6,179.2
2026-03-16 22:00:00,32.537,3.9412,399.73,102.7,8.69,172.3
2026-03-16 23:00:00,33.672,3.8936,399.74,102.84,7.73,199.6
2026-03-17 00:00:00,31.511,3.9515,401.48,103.3,7.71,189.6
2026-03-17 01:00:00,30.854,3.9651,396.29,106.43,7.38,180.3
2026-03-17 02:00:00,31.247,3.8315,404.69,106.31,9.07,206.6
2026-03-17 03:00:00,32.444,3.8047,401.73,102.8,8.61,186.3
2026-03-17 04:00:00,30.856,3.8498,401.46,105.51,7.07,192.9
2026-03-17 05:00:00,31.698,3.8901,399.15,105.64,8.98,196.4
2026-03-17 06:00:00,31.936,3.9335,398.01,103.77,7.96,180.0
2026-03-17 07:00:00,32.021,3.9894,405.82,103.54,7.56,181.2
2026-03-17 08:00:00,31.917,3.8921,403.21,102.25,8.06,183.2
2026-03-17 09:00:00,31.521,3.8851,394.25,105.1,7.98,190.8
2026-03-17 10:00:00,31.201,3.8489,399.85,105.04,9.26,191.3
2026-03-17 11:00:00,30.782,3.9542,399.15,103.53,7.93,195.3
2026-03-17 12:00:00,30.156,3.9017,399.61,103.24,9.27,173.7
2026-03-17 13:00:00,31.254,3.906,400.39,106.08,6.28,185.9
2026-03-17 14:00:00,30.473,3.8264,397.99,104.49,7.71,208.3
2026-03-17 15:00:00,29.872,3.9128,400.68,104.07,8.45,186.9
2026-03-17 16:00:00,31.768,3.885,398.4,102.56,7.63,196.6
2026-03-17 17:00:00,30.86,3.9332,399.32,103.93,8.99,178.2
2026-03-17 18:00:00,31.248,3.9426,401.58,104.52,9.08,185.5
2026-03-17 19:00:00,31.455,3.9858,396.56,104.8,8.47,193.2
2026-03-17 20:00:00,31.755,3.8594,400.47,103.84,8.3,191.7
2026-03-17 21:00:00,33.069,3.9499,406.28,105.52,8.36,197.6
2026-03-17 22:00:00,32.604,3.8626,395.74,101.96,8.62,187.0
2026-03-17 23:00:00,31.125,3.9073,402.43,103.48,7.4,185.5
2026-03-18 00:00:00,31.732,3.8926,401.85,105.53,7.82,182.3
2026-03-18 01:00:00,29.927,3.8755,397.04,104.32,7.0,191.8
2026-03-18 02:00:00,30.646,3.9386,396.82,104.14,8.56,174.5
2026-03-18 03:00:00,31.324,3.8729,397.28,101.78,8.03,184.0
2026-03-18 04:00:00,30.655,3.9348,391.08,105.26,9.75,189.0
2026-03-18 05:00:00,30.624,3.8931,402.52,107.54,7.33,160.0
2026-03-18 06:00:00,31.252,3.8943,399.41,103.62,6.27,192.6
2026-03-18 07:00:00,30.319,3.9121,398.46,102.62,6.54,203.1
2026-03-18 08:00:00,30.9,3.915,404.39,104.67,8.16,167.0
2026-03-18 09:00:00,32.012,3.941,396.59,101.7,8.26,187.9
2026-03-18 10:00:00,32.282,3.8331,399.66,104.87,8.31,177.4
2026-03-18 11:00:00,29.667,3.8748,406.1,102.74,7.6,198.0
2026-03-18 12:00:00,31.381,3.9646,397.85,102.95,8.6,187.3
2026-03-18 13:00:00,30.955,3.8476,397.58,102.77,7.47,182.6
2026-03-18 14:00:00,30.674,3.8805,402.99,106.51,7.7,204.7
2026-03-18 15:00:00,31.409,3.7882,400.64,101.82,8.81,184.4
2026-03-18 16:00:00,32.394,3.9667,398.41,102.5,8.8,181.0
2026-03-18 17:00:00,30.893,3.9458,399.5,104.98,9.47,193.0
2026-03-18 18:00:00,31.612,3.8698,392.04,104.18,7.99,194.9
2026-03-18 19:00:00,31.017,3.8686,398.14,104.06,7.28,176.3
2026-03-18 20:00:00,31.212,3.8969,401.55,103.16,7.86,180.7
2026-03-18 21:00:00,30.622,3.9391,404.9,103.53,8.32,182.5
2026-03-18 22:00:00,29.659,3.8708,399.2,103.5,7.35,191.4
2026-03-18 23:00:00,32.006,3.8722,401.08,104.79,8.75,196.1
2026-03-19 00:00:00,34.179,3.9022,396.2,102.38,7.63,180.3
2026-03-19 01:00:00,32.485,3.8891,399.83,103.36,8.25,208.4
2026-03-19 02:00:00,32.274,3.8722,396.55,105.6,8.66,176.9
2026-03-19 03:00:00,33.685,3.8316,401.06,104.0,8.03,172.7
2026-03-19 04:00:00,33.415,3.9083,403.78,104.16,7.95,183.1
2026-03-19 05:00:00,33.757,3.939,402.16,105.3,7.87,176.4
2026-03-19 06:00:00,33.32,3.9702,403.6,103.01,9.6,203.4
2026-03-19 07:00:00,34.062,3.8527,402.0,105.39,9.71,185.9
2026-03-19 08:00:00,32.997,3.9584,403.39,105.32,7.62,184.0
2026-03-19 09:00:00,33.519,3.9239,402.71,102.98,6.79,200.8
2026-03-19 10:00:00,33.179,3.8943,402.85,101.95,8.0,186.8
2026-03-19 11:00:00,33.713,3.899,402.02,102.16,7.68,181.8
2026-03-19 12:00:00,34.31,3.9627,400.32,105.05,7.85,184.1
2026-03-19 13:00:00,34.598,3.8967,404.03,107.53,7.12,196.0
2026-03-19 14:00:00,32.968,3.9211,393.38,104.93,7.36,193.2
2026-03-19 15:00:00,33.708,3.9423,400.16,104.52,7.81,175.7
2026-03-19 16:00:00,32.694,3.8779,399.15,104.28,8.21,200.7
2026-03-19 17:00:00,35.201,3.8518,400.56,104.7,7.84,197.0
2026-03-19 18:00:00,31.113,3.9345,399.52,101.32,7.83,209.1
2026-03-19 19:00:00,33.185,4.0021,406.58,104.5,7.8,197.2
2026-03-19 20:00:00,34.711,3.9902,401.18,102.82,9.24,172.9
2026-03-19 21:00:00,33.091,3.9063,401.66,103.22,8.17,199.5
2026-03-19 22:00:00,33.355,3.8624,402.49,104.34,7.29,183.7
2026-03-19 23:00:00,35.14,3.8948,401.78,103.4,7.93,190.2
2026-03-20 00:00:00,32.644,3.9406,403.32,105.3,7.74,184.5
2026-03-20 01:00:00,31.191,3.956,399.29,102.32,7.15,198.5
2026-03-20 02:00:00,32.854,3.9402,400.74,105.48,8.25,162.7
2026-03-20 03:00:00,34.448,3.8402,404.63,104.31,7.44,185.6
2026-03-20 04:00:00,32.328,3.9213,401.7,102.14,6.61,203.2
2026-03-20 05:00:00,33.499,3.8382,403.16,105.85,8.43,195.7
2026-03-20 06:00:00,32.606,3.7589,402.32,102.92,9.62,186.6
2026-03-20 07:00:00,33.681,3.8653,395.89,103.31,9.71,190.8
2026-03-20 08:00:00,31.19,3.9541,403.69,102.88,8.13,190.5
2026-03-20 09:00:00,32.359,3.907,395.44,104.61,8.83,182.0
2026-03-20 10:00:00,33.771,3.9407,401.83,106.23,8.04,182.9
2026-03-20 11:00:00,33.889,3.9283,393.71,104.17,7.43,186.7
2026-03-20 12:00:00,33.197,3.9781,401.35,103.05,7.58,192.4
2026-03-20 13:00:00,33.5,4.0374,397.27,103.21,8.8,186.9
2026-03-20 14:00:00,33.281,3.8212,395.23,105.08,7.22,198.0
2026-03-20 15:00:00,32.626,3.9174,403.66,102.86,7.4,201.8
2026-03-20 16:00:00,33.117,3.8943,402.77,102.58,8.0,177.8
2026-03-20 17:00:00,31.786,3.9342,403.71,104.33,6.86,189.0
2026-03-20 18:00:00,33.415,3.9,403.56,102.81,8.27,186.8
2026-03-20 19:00:00,33.006,3.8842,401.54,102.23,7.78,193.7
2026-03-20 20:00:00,33.94,3.9546,400.63,105.74,9.03,189.0
2026-03-20 21:00:00,35.03,3.9774,399.22,103.86,7.65,189.1
2026-03-20 22:00:00,33.437,3.9148,398.89,104.76,8.98,199.2
2026-03-20 23:00:00,33.74,3.8848,399.18,106.51,8.06,182.8
2026-03-21 00:00:00,32.007,3.9829,395.62,106.49,7.25,198.8
2026-03-21 01:00:00,31.242,3.8711,397.26,102.52,7.03,186.6
2026-03-21 02:00:00,32.101,3.8885,405.81,103.67,7.47,190.1
2026-03-21 03:00:00,32.691,3.8647,400.04,105.53,7.62,195.3
2026-03-21 04:00:00,31.007,3.891,399.66,103.66,8.61,174.6
2026-03-21 05:00:00,29.978,3.8772,395.49,102.6,7.05,188.8
2026-03-21 06:00:00,29.582,3.8851,398.04,105.5,6.72,173.5
2026-03-21 07:00:00,29.674,3.8431,397.21,104.82,7.32,187.4
2026-03-21 08:00:00,30.972,3.9243,395.69,102.7,7.93,202.7
2026-03-21 09:00:00,30.464,3.8601,401.95,104.02,7.95,207.2
2026-03-21 10:00:00,30.411,3.9338,405.42,103.25,9.75,196.7
2026-03-21 11:00:00,31.408,3.9697,400.55,100.26,8.18,188.1
2026-03-21 12:00:00,29.783,3.9337,398.31,102.67,9.71,201.1
2026-03-21 13:00:00,32.542,3.9868,396.16,106.73,7.18,179.7
2026-03-21 14:00:00,31.457,3.8827,405.04,103.47,8.51,189.8
2026-03-21 15:00:00,30.456,3.8867,398.73,104.24,7.89,198.4
2026-03-21 16:00:00,30.889,3.9141,404.83,104.72,10.19,191.3
2026-03-21 17:00:00,31.447,3.9304,403.47,105.16,7.99,188.2
2026-03-21 18:00:00,30.797,3.9009,395.56,102.22,7.11,204.1
2026-03-21 19:00:00,31.395,3.9511,399.35,104.5,7.36,171.0
2026-03-21 20:00:00,30.92,3.8756,398.19,101.96,8.46,197.7
2026-03-21 21:00:00,31.644,3.9531,397.58,104.87,7.95,185.3
2026-03-21 22:00:00,31.164,3.8535,399.03,103.97,6.61,204.7
2026-03-21 23:00:00,32.037,3.939,405.06,104.99,8.47,206.1
2026-03-22 00:00:00,32.032,3.8348,402.77,103.66,8.81,196.5
2026-03-22 01:00:00,31.826,3.8972,396.79,104.08,7.87,198.0
2026-03-22 02:00:00,34.289,3.9137,399.22,104.19,7.94,185.7
2026-03-22 03:00:00,32.725,3.8457,397.58,104.38,8.75,195.2
2026-03-22 04:00:00,32.233,3.9553,400.98,106.56,8.41,190.1
2026-03-22 05:00:00,31.351,3.9629,402.94,106.04,7.58,179.6
2026-03-22 06:00:00,33.804,3.9006,392.87,104.97,7.02,203.9
2026-03-22 07:00:00,33.537,3.804,401.03,104.0,8.49,178.2
2026-03-22 08:00:00,31.133,3.9446,394.23,103.86,8.35,197.3
2026-03-22 09:00:00,32.822,4.0128,403.56,103.78,7.9,182.9
2026-03-22 10:00:00,32.681,4.0044,402.11,103.88,7.07,165.6
2026-03-22 11:00:00,32.418,3.8628,401.12,102.36,8.59,187.8
2026-03-22 12:00:00,31.9,3.9154,398.62,103.94,7.42,194.6
2026-03-22 13:00:00,30.872,3.8951,401.67,105.28,8.43,202.8
2026-03-22 14:00:00,32.725,4.0269,398.48,101.02,6.28,171.4
2026-03-22 15:00:00,32.455,3.8155,395.63,105.01,6.58,190.5
2026-03-22 16:00:00,33.306,3.9572,400.65,101.92,7.21,204.0
2026-03-22 17:00:00,33.996,3.8782,402.54,105.1,7.72,200.2
2026-03-22 18:00:00,31.614,3.9284,401.75,103.76,7.55,205.2
2026-03-22 19:00:00,31.708,3.8555,395.82,103.65,7.84,181.9
2026-03-22 20:00:00,33.556,3.9058,401.72,101.94,7.74,205.5
2026-03-22 21:00:00,33.507,3.9233,403.44,105.11,8.26,194.2
2026-03-22 22:00:00,32.972,3.8814,405.31,107.64,8.16,190.1
2026-03-22 23:00:00,34.803,3.9249,401.9,104.79,8.12,187.3
2026-03-23 00:00:00,32.566,3.8307,403.35,106.35,7.88,187.0
2026-03-23 01:00:00,33.684,3.8954,398.58,105.51,7.19,170.1
2026-03-23 02:00:00,31.833,3.8782,397.91,103.02,7.57,187.8
2026-03-23 03:00:00,29.668,3.9425,399.22,103.55,7.81,198.8
2026-03-23 04:00:00,32.105,4.0137,393.75,105.33,8.83,161.8
2026-03-23 05:00:00,32.349,3.8971,399.77,104.07,8.36,186.7
2026-03-23 06:00:00,31.116,3.9507,400.15,105.33,10.17,176.9
2026-03-23 07:00:00,30.946,3.8668,399.82,106.57,8.39,201.4
2026-03-23 08:00:00,33.596,3.8028,399.06,103.04,8.37,180.1
2026-03-23 09:00:00,33.337,3.8768,397.8,102.48,6.98,189.9
2026-03-23 10:00:00,31.219,3.9172,398.65,104.73,8.19,201.2
2026-03-23 11:00:00,32.475,3.8745,403.8,103.19,7.3,199.0
2026-03-23 12:00:00,30.581,3.8671,395.5,101.79,8.25,180.9
2026-03-23 13:00:00,33.358,3.973,401.09,103.02,7.99,187.5
2026-03-23 14:00:00,32.833,3.8056,399.52,104.13,8.33,197.0
2026-03-23 15:00:00,31.383,3.9309,396.47,105.68,8.3,188.8
2026-03-23 16:00:00,32.817,3.8644,394.94,104.75,8.07,186.6
2026-03-23 17:00:00,31.105,3.923,402.63,102.63,6.88,196.8
2026-03-23 18:00:00,30.725,3.9632,404.24,103.14,9.85,187.4
2026-03-23 19:00:00,31.673,3.8949,401.34,105.25,8.28,183.1
2026-03-23 20:00:00,31.452,3.8231,396.96,104.26,8.0,184.4
2026-03-23 21:00:00,31.971,3.863,399.89,104.09,8.79,200.2
2026-03-23 22:00:00,30.8,3.8806,394.75,106.98,6.31,189.2
2026-03-23 23:00:00,30.273,3.9021,400.62,104.9,7.5,196.9
2026-03-24 00:00:00,31.155,3.8524,397.57,102.83,9.33,198.7
2026-03-24 01:00:00,32.412,3.799,399.69,104.93,6.58,199.5
2026-03-24 02:00:00,30.781,3.8984,400.7,103.81,7.97,194.5
2026-03-24 03:00:00,32.921,3.9754,404.05,104.19,6.39,178.8
2026-03-24 04:00:00,31.357,3.9311,403.51,103.42,7.46,190.9
2026-03-24 05:00:00,32.01,3.9341,402.27,103.67,6.02,185.7
2026-03-24 06:00:00,28.988,3.8912,408.03,105.84,8.29,212.2
2026-03-24 07:00:00,30.823,3.9201,401.6,102.96,7.54,196.9
2026-03-24 08:00:00,32.065,3.8715,399.62,105.0,7.84,182.7
2026-03-24 09:00:00,32.197,3.8937,400.39,102.24,7.96,186.3
2026-03-24 10:00:00,30.445,3.9769,400.44,104.38,8.7,204.0
2026-03-24 11:00:00,32.803,3.8663,400.69,103.12,7.82,193.9
2026-03-24 12:00:00,32.968,3.8471,402.34,104.59,7.19,219.2
2026-03-24 13:00:00,31.731,3.9606,399.88,104.58,8.72,190.7
2026-03-24 14:00:00,31.852,3.9636,403.38,107.74,8.26,172.4
2026-03-24 15:00:00,30.473,3.9275,397.05,101.88,8.94,173.9
2026-03-24 16:00:00,30.281,3.9096,403.66,105.25,7.1,197.8
2026-03-24 17:00:00,30.872,3.9161,390.81,102.11,8.3,188.5
2026-03-24 18:00:00,32.218,3.7055,404.22,105.33,9.69,184.5
2026-03-24 19:00:00,32.732,3.9313,399.43,104.8,8.09,197.1
2026-03-24 20:00:00,31.669,3.9052,397.78,103.4,8.19,193.4
2026-03-24 21:00:00,32.216,3.9462,397.83,102.88,6.67,203.3
2026-03-24 22:00:00,33.711,3.9201,402.0,102.88,8.13,204.6
2026-03-24 23:00:00,32.158,3.8301,400.99,104.05,8.73,207.0
2026-03-25 00:00:00,31.73,3.9273,403.11,102.75,7.86,173.7
2026-03-25 01:00:00,31.932,3.9387,401.21,104.76,7.43,182.1
2026-03-25 02:00:00,32.922,3.9359,399.06,104.99,7.43,180.5
2026-03-25 03:00:00,32.026,3.8981,401.06,107.66,8.38,192.3
2026-03-25 04:00:00,33.663,3.8629,399.73,103.36,7.97,213.6
2026-03-25 05:00:00,29.84,3.9668,396.15,101.67,7.92,189.6
2026-03-25 06:00:00,31.401,3.8464,402.18,102.13,8.55,219.1
2026-03-25 07:00:00,30.444,3.9163,400.55,101.76,8.06,200.5
2026-03-25 08:00:00,32.61,3.938,398.44,103.92,7.34,202.6
2026-03-25 09:00:00,31.001,3.8489,398.44,106.69,6.76,199.7
2026-03-25 10:00:00,32.45,3.8761,400.86,101.85,8.37,195.5
2026-03-25 11:00:00,30.986,3.9131,400.33,104.99,8.63,201.7
2026-03-25 12:00:00,31.622,3.934,402.97,106.66,8.16,186.2
2026-03-25 13:00:00,31.101,3.8995,395.02,102.51,8.62,211.4
2026-03-25 14:00:00,33.057,3.8736,404.0,104.68,7.66,204.5
2026-03-25 15:00:00,32.621,3.9508,402.08,105.65,7.85,188.1
2026-03-25 16:00:00,31.179,3.9511,401.79,105.66,7.83,188.3
2026-03-25 17:00:00,31.741,3.9066,399.64,106.34,8.25,164.7
2026-03-25 18:00:00,31.166,3.9186,400.83,104.27,7.92,206.6
2026-03-25 19:00:00,30.991,3.9446,403.22,105.67,9.88,182.4
2026-03-25 20:00:00,31.154,3.9262,402.03,105.08,7.57,187.6
2026-03-25 21:00:00,33.287,3.9413,402.47,105.5,9.57,190.0
2026-03-25 22:00:00,32.09,3.8274,399.41,104.7,8.63,184.2
2026-03-25 23:00:00,30.482,3.8647,394.06,102.59,7.99,196.1
2026-03-26 00:00:00,31.379,3.9147,398.06,104.5,7.8,201.8
2026-03-26 01:00:00,31.011,3.8223,399.53,107.31,9.07,189.1
2026-03-26 02:00:00,27.244,3.9405,401.51,103.94,8.74,193.9
2026-03-26 03:00:00,30.556,3.8927,399.8,104.74,7.82,178.9
2026-03-26 04:00:00,28.886,3.9184,397.73,102.8,7.51,197.6
2026-03-26 05:00:00,28.085,3.7783,400.77,103.77,9.25,187.4
2026-03-26 06:00:00,28.649,3.9162,401.08,104.59,8.32,212.3
2026-03-26 07:00:00,29.651,3.9218,399.97,101.45,7.05,181.1
2026-03-26 08:00:00,29.667,3.8398,404.32,103.87,7.23,182.7
2026-03-26 09:00:00,29.987,3.8685,396.76,102.14,7.98,207.5
2026-03-26 10:00:00,27.428,3.88,400.06,102.73,9.77,191.5
2026-03-26 11:00:00,28.377,3.9118,396.34,105.15,7.99,201.6
2026-03-26 12:00:00,29.043,3.9176,404.83,103.57,7.15,186.1
2026-03-26 13:00:00,30.105,3.8797,401.25,105.67,7.3,174.0
2026-03-26 14:00:00,29.086,3.8172,397.54,103.53,6.59,189.8
2026-03-26 15:00:00,29.82,3.8159,398.44,101.38,8.39,185.9
2026-03-26 16:00:00,30.243,3.9632,401.58,103.78,8.12,183.8
2026-03-26 17:00:00,29.767,3.9795,397.8,103.6,8.06,192.0
2026-03-26 18:00:00,30.451,3.8344,398.0,103.61,8.09,194.6
2026-03-26 19:00:00,30.151,3.895,396.77,102.04,6.93,196.5
2026-03-26 20:00:00,31.172,3.8495,395.35,103.19,8.03,182.8
2026-03-26 21:00:00,29.564,3.9237,400.52,103.05,6.83,186.7
2026-03-26 22:00:00,30.721,3.8074,403.97,103.98,9.04,181.7
2026-03-26 23:00:00,29.066,3.8246,400.14,103.92,7.69,189.0
2026-03-27 00:00:00,4.729,3.8518,402.2,101.39,7.48,191.6
2026-03-27 01:00:00,5.326,3.899,394.8,103.26,7.81,174.2
2026-03-27 02:00:00,6.34,3.8292,396.96,101.78,7.99,180.3
2026-03-27 03:00:00,7.136,3.931,398.35,104.5,9.23,171.6
2026-03-27 04:00:00,7.042,3.9769,396.79,107.95,8.53,165.4
2026-03-27 05:00:00,8.847,3.8841,399.75,104.97,7.38,185.1
2026-03-27 06:00:00,9.32,3.8064,398.62,104.12,7.89,189.7
2026-03-27 07:00:00,10.03,3.7952,396.89,100.87,8.12,197.9
2026-03-27 08:00:00,10.89,3.7922,398.42,104.95,8.26,196.0
2026-03-27 09:00:00,12.06,3.84,400.3,104.25,7.09,182.9
2026-03-27 10:00:00,12.291,3.9895,402.73,103.85,7.95,173.0
2026-03-27 11:00:00,13.173,3.9437,398.45,104.62,9.0,185.9
2026-03-27 12:00:00,12.864,3.8895,399.22,107.84,7.84,187.8
2026-03-27 13:00:00,15.44,3.8578,398.67,103.61,7.77,192.6
2026-03-27 14:00:00,15.6,3.7788,402.98,103.16,8.46,189.7
2026-03-27 15:00:00,16.737,3.9599,399.11,103.18,8.22,188.0
2026-03-27 16:00:00,18.539,3.884,397.97,106.8,7.39,196.8
2026-03-27 17:00:00,17.285,3.9285,404.46,105.94,7.62,194.8
2026-03-27 18:00:00,19.715,3.903,405.35,106.24,9.31,189.8
2026-03-27 19:00:00,19.001,3.8377,397.23,104.8,7.4,190.0
2026-03-27 20:00:00,17.644,3.8632,396.26,104.4,7.39,191.0
2026-03-27 21:00:00,19.184,3.8804,399.95,107.37,8.41,205.5
2026-03-27 22:00:00,20.035,3.9419,401.49,101.54,8.37,179.8
2026-03-27 23:00:00,17.402,3.8952,403.33,104.85,8.56,197.5
2026-03-28 00:00:00,31.56,3.8464,396.65,104.09,8.81,189.4
2026-03-28 01:00:00,30.152,3.8718,398.5,102.99,7.11,205.7
2026-03-28 02:00:00,31.012,3.8166,400.47,104.75,8.65,179.5
2026-03-28 03:00:00,29.123,4.013,396.04,101.84,8.12,200.8
2026-03-28 04:00:00,31.76,3.8574,399.98,102.85,7.97,182.9
2026-03-28 05:00:00,33.151,3.9578,399.33,103.74,9.08,182.7
2026-03-28 06:00:00,30.592,3.8751,399.98,106.51,7.46,177.2
2026-03-28 07:00:00,29.787,3.867,395.72,102.08,7.29,194.6
2026-03-28 08:00:00,31.066,3.8802,401.0,104.0,7.88,180.7
2026-03-28 09:00:00,31.57,3.8964,399.25,103.39,8.09,188.7
2026-03-28 10:00:00,29.689,3.8678,396.29,99.54,6.92,215.3
2026-03-28 11:00:00,29.181,3.8922,402.13,103.67,7.87,179.3
2026-03-28 12:00:00,30.149,3.8617,396.33,103.7,8.47,198.6
2026-03-28 13:00:00,32.419,3.9278,409.75,104.22,7.09,175.2
2026-03-28 14:00:00,31.088,3.9417,402.78,104.04,9.06,190.5
2026-03-28 15:00:00,30.501,3.8919,400.27,104.93,7.01,179.4
2026-03-28 16:00:00,31.957,3.8817,403.56,104.99,8.25,202.2
2026-03-28 17:00:00,30.732,3.9336,402.5,105.61,7.24,189.8
2026-03-28 18:00:00,32.29,3.937,404.18,106.36,7.54,190.0
2026-03-28 19:00:00,32.244,3.9284,397.42,104.72,8.35,185.0
2026-03-28 20:00:00,30.531,3.9476,402.23,102.38,7.28,187.1
2026-03-28 21:00:00,30.9,3.8973,397.53,104.51,6.38,181.6
2026-03-28 22:00:00,30.897,3.9002,399.68,104.55,8.15,186.8
2026-03-28 23:00:00,32.36,3.8952,407.92,101.48,8.72,177.3
2026-03-29 00:00:00,28.578,3.8507,391.2,103.21,7.92,179.7
2026-03-29 01:00:00,29.696,3.9225,398.06,105.41,7.4,208.7
2026-03-29 02:00:00,30.1,3.8322,402.15,104.35,6.79,209.7
2026-03-29 03:00:00,29.724,3.9288,408.19,102.96,7.42,194.7
2026-03-29 04:00:00,27.952,3.9554,397.36,106.18,9.0,178.7
2026-03-29 05:00:00,28.927,3.9641,396.28,104.05,8.39,199.0
2026-03-29 06:00:00,30.182,3.8599,402.59,104.74,8.91,179.6
2026-03-29 07:00:00,31.571,3.9276,399.09,104.96,7.94,171.4
2026-03-29 08:00:00,29.538,3.9181,400.9,104.36,7.39,179.5
2026-03-29 09:00:00,29.734,3.9096,399.68,104.52,7.45,184.0
2026-03-29 10:00:00,29.566,3.8852,398.15,103.9,7.62,203.5
2026-03-29 11:00:00,29.467,3.8518,401.27,106.51,7.87,177.7
2026-03-29 12:00:00,30.821,3.8464,399.79,103.57,7.03,198.1
2026-03-29 13:00:00,30.43,3.8916,400.82,102.19,7.74,193.2
2026-03-29 14:00:00,30.759,3.8056,401.36,102.37,6.27,198.0
2026-03-29 15:00:00,31.119,3.8466,402.41,104.07,8.63,209.0
2026-03-29 16:00:00,31.251,3.908,396.46,102.89,7.73,183.6
2026-03-29 17:00:00,30.452,3.9302,405.61,105.76,6.95,215.2
2026-03-29 18:00:00,30.116,3.8786,394.58,104.21,9.88,190.0
2026-03-29 19:00:00,30.643,3.9222,403.23,102.9,7.35,196.8
2026-03-29 20:00:00,31.034,3.867,401.3,105.57,8.32,185.9
2026-03-29 21:00:00,32.098,3.9761,402.04,103.81,6.98,185.7
2026-03-29 22:00:00,30.186,3.8516,403.25,102.12,9.36,186.1
2026-03-29 23:00:00,29.422,3.8865,401.61,105.64,7.12,196.9
2026-03-30 00:00:00,29.514,3.832,396.48,105.87,6.89,183.6
2026-03-30 01:00:00,29.951,3.9773,393.44,104.23,8.13,172.9
2026-03-30 02:00:00,29.498,3.8828,401.7,103.49,7.55,192.0
2026-03-30 03:00:00,30.899,3.8317,400.11,103.63,7.94,199.3
2026-03-30 04:00:00,29.341,3.8223,399.27,101.99,9.33,204.0
2026-03-30 05:00:00,28.904,3.8989,394.9,103.69,7.59,209.3
2026-03-30 06:00:00,30.346,3.911,403.41,103.36,8.55,182.8
2026-03-30 07:00:00,29.351,3.999,391.25,104.92,7.37,199.5
2026-03-30 08:00:00,29.193,3.9078,395.78,105.68,7.38,174.9
2026-03-30 09:00:00,26.912,3.8044,402.15,101.99,6.88,189.9
2026-03-30 10:00:00,29.73,3.9048,398.97,106.8,7.01,182.6
2026-03-30 11:00:00,29.642,3.9266,404.52,104.0,8.65,194.0
2026-03-30 12:00:00,32.663,3.8646,404.25,103.92,8.19,196.9
2026-03-30 13:00:00,31.066,3.8642,399.51,102.5,5.74,211.8
2026-03-30 14:00:00,30.041,3.8957,397.38,103.59,8.29,202.4
2026-03-30 15:00:00,30.164,3.906,396.56,103.0,7.99,170.2
2026-03-30 16:00:00,29.41,3.9003,404.91,101.26,6.85,197.9
2026-03-30 17:00:00,27.607,4.0144,400.57,105.37,8.47,172.2
2026-03-30 18:00:00,30.445,3.8489,399.25,103.97,8.16,197.9
2026-03-30 19:00:00,29.927,3.9572,400.88,103.1,8.35,185.3
2026-03-30 20:00:00,30.645,3.8792,398.87,105.48,6.47,194.5
2026-03-30 21:00:00,29.427,3.9349,401.86,102.49,8.36,206.4
2026-03-30 22:00:00,29.53,3.9382,407.41,101.0,7.8,208.9
2026-03-30 23:00:00,29.745,3.8915,396.7,99.71,8.6,196.4
2026-03-31 00:00:00,31.782,3.9284,396.78,100.98,8.18,204.8
2026-03-31 01:00:00,30.95,3.9263,405.33,103.17,7.83,199.5
2026-03-31 02:00:00,30.159,3.8602,398.59,104.98,7.34,186.1
2026-03-31 03:00:00,30.837,3.8535,398.17,104.26,8.17,181.6
2026-03-31 04:00:00,30.024,3.9454,398.44,103.9,7.86,182.8
2026-03-31 05:00:00,31.221,3.8833,394.51,106.46,7.76,191.0
2026-03-31 06:00:00,30.838,3.8755,396.49,102.48,7.47,196.5
2026-03-31 07:00:00,30.234,3.9218,392.63,102.38,8.04,177.9
2026-03-31 08:00:00,31.226,3.886,398.9,102.35,7.8,174.1
2026-03-31 09:00:00,31.39,3.9125,398.85,102.23,8.3,180.6
2026-03-31 10:00:00,31.487,3.9314,397.6,103.58,9.4,195.7
2026-03-31 11:00:00,31.445,3.8697,402.15,101.91,8.48,199.1
2026-03-31 12:00:00,30.316,3.9194,398.65,103.48,8.15,193.8
2026-03-31 13:00:00,30.673,3.9206,396.7,101.66,8.31,164.9
2026-03-31 14:00:00,28.981,3.828,402.08,104.9,10.45,186.3
2026-03-31 15:00:00,30.21,3.8902,395.57,105.42,7.2,181.2
2026-03-31 16:00:00,30.7,3.8704,401.31,105.02,8.58,189.1
2026-03-31 17:00:00,29.72,3.8957,396.43,101.57,6.66,199.4
2026-03-31 18:00:00,29.212,3.9548,399.56,103.35,7.99,205.6
2026-03-31 19:00:00,29.187,3.9192,398.32,102.27,6.23,179.4
2026-03-31 20:00:00,29.611,3.8971,402.41,104.51,7.73,206.7
2026-03-31 21:00:00,29.945,3.8988,398.77,104.92,8.34,189.2
2026-03-31 22:00:00,31.108,3.9117,397.82,105.37,7.55,183.0
2026-03-31 23:00:00,31.217,3.8729,399.97,107.85,8.68,184.3
2026-04-01 00:00:00,26.315,3.9483,400.99,102.56,8.51,173.4
2026-04-01 01:00:00,27.814,3.9629,404.93,101.99,8.48,209.9
2026-04-01 02:00:00,27.12,3.8904,403.99,101.82,7.92,194.3
2026-04-01 03:00:00,26.397,3.9025,402.76,105.24,7.95,177.7
2026-04-01 04:00:00,25.531,3.8531,398.36,102.82,10.27,187.8
2026-04-01 05:00:00,26.656,3.9313,396.0,103.09,8.47,182.6
2026-04-01 06:00:00,27.583,3.867,400.65,106.18,8.88,191.3
2026-04-01 07:00:00,26.886,3.9365,398.73,102.34,8.79,201.4
2026-04-01 08:00:00,27.002,3.8881,396.57,103.05,7.72,192.6
2026-04-01 09:00:00,27.457,3.9026,401.18,102.05,8.09,201.7
2026-04-01 10:00:00,26.23,3.8048,402.03,106.24,8.58,185.0
2026-04-01 11:00:00,27.258,3.795,400.19,102.87,8.9,180.0
2026-04-01 12:00:00,28.42,4.0204,405.83,105.48,7.41,187.0
2026-04-01 13:00:00,27.563,3.919,398.08,103.64,7.34,193.9
2026-04-01 14:00:00,26.719,3.9641,402.15,103.45,9.1,166.9
2026-04-01 15:00:00,25.618,3.8697,401.58,106.84,8.63,192.9
2026-04-01 16:00:00,26.767,3.8107,398.19,105.61,8.26,184.0
2026-04-01 17:00:00,26.749,3.8667,394.2,103.65,7.48,177.4
2026-04-01 18:00:00,26.61,3.8834,400.43,104.01,8.13,187.5
2026-04-01 19:00:00,26.167,3.8937,399.9,105.41,8.02,182.9
2026-04-01 20:00:00,27.415,3.8972,402.4,107.2,8.63,177.0
2026-04-01 21:00:00,26.016,3.9245,394.95,103.25,8.15,184.7
2026-04-01 22:00:00,26.063,3.8957,398.75,103.16,8.39,183.0
2026-04-01 23:00:00,26.561,3.9605,402.5,103.99,7.82,192.3
2026-04-02 00:00:00,24.59,3.8339,397.59,105.62,7.21,206.2
2026-04-02 01:00:00,24.932,3.8974,398.51,104.15,8.62,194.5
2026-04-02 02:00:00,25.415,3.9232,398.03,104.83,8.6,189.0
2026-04-02 03:00:00,23.781,3.8612,401.69,102.67,9.42,197.5
2026-04-02 04:00:00,23.123,3.8459,400.21,102.11,7.88,198.9
2026-04-02 05:00:00,24.912,3.8454,402.25,105.49,7.43,196.3
2026-04-02 06:00:00,23.989,3.8334,403.55,105.71,7.25,163.6
2026-04-02 07:00:00,25.185,3.869,401.08,102.0,8.39,200.7
2026-04-02 08:00:00,24.541,3.9397,400.91,105.44,7.56,184.2
2026-04-02 09:00:00,22.996,3.8769,399.04,102.25,8.8,187.1
2026-04-02 10:00:00,26.625,3.929,397.49,103.96,8.57,200.6
2026-04-02 11:00:00,25.536,3.8765,402.96,103.91,8.75,188.7
2026-04-02 12:00:00,24.405,3.9163,398.03,103.98,8.3,171.6
2026-04-02 13:00:00,24.055,3.8757,403.0,104.2,7.98,182.5
2026-04-02 14:00:00,24.759,3.8843,402.89,103.57,7.96,195.9
2026-04-02 15:00:00,24.777,3.8218,400.57,103.91,6.51,177.7
2026-04-02 16:00:00,25.133,3.9167,398.56,105.39,6.6,203.7
2026-04-02 17:00:00,24.019,3.9743,398.76,103.22,8.23,187.3
2026-04-02 18:00:00,25.192,3.9398,398.95,103.71,8.0,207.2
2026-04-02 19:00:00,24.419,3.9514,399.89,102.74,6.68,192.3
2026-04-02 20:00:00,24.796,3.912,403.83,105.08,9.46,196.2
2026-04-02 21:00:00,23.777,3.9563,396.81,103.78,6.96,199.2
2026-04-02 22:00:00,25.486,3.8312,397.28,102.91,6.46,188.5
2026-04-02 23:00:00,24.219,3.8281,392.98,101.67,8.15,173.9
2026-04-03 00:00:00,29.78,3.9076,401.87,103.77,8.11,204.0
2026-04-03 01:00:00,29.245,3.8971,403.59,102.13,8.45,163.1
2026-04-03 02:00:00,28.331,3.816,399.18,103.86,6.09,207.9
2026-04-03 03:00:00,31.682,3.9604,399.23,104.64,7.4,183.9
2026-04-03 04:00:00,29.119,3.9129,398.3,103.24,9.4,186.2
2026-04-03 05:00:00,30.362,3.9181,398.54,103.32,8.89,184.5
2026-04-03 06:00:00,30.427,3.8773,398.8,106.2,6.59,182.6
2026-04-03 07:00:00,29.282,3.9195,397.84,104.12,8.51,209.4
2026-04-03 08:00:00,30.685,3.8284,405.09,103.95,7.19,191.9
2026-04-03 09:00:00,28.93,3.8784,397.16,103.2,5.97,202.3
2026-04-03 10:00:00,29.857,3.9394,401.03,103.78,9.04,202.6
2026-04-03 11:00:00,29.477,3.9382,398.78,103.18,8.31,190.3
2026-04-03 12:00:00,29.694,3.7954,397.27,104.06,8.51,196.0
2026-04-03 13:00:00,29.298,3.9208,396.07,104.58,9.45,187.1
2026-04-03 14:00:00,28.876,3.9498,399.45,103.92,8.39,186.1
2026-04-03 15:00:00,30.438,3.8614,397.54,104.35,8.31,191.6
2026-04-03 16:00:00,30.393,3.8944,397.88,104.62,6.7,189.4
2026-04-03 17:00:00,30.657,3.9252,403.26,103.55,7.76,184.7
2026-04-03 18:00:00,29.356,3.9079,402.8,103.87,9.22,194.3
2026-04-03 19:00:00,27.985,3.9309,398.47,104.08,7.39,184.3
2026-04-03 20:00:00,31.661,3.9505,398.85,102.83,7.68,183.5
2026-04-03 21:00:00,30.381,3.956,395.29,104.65,7.93,187.1
2026-04-03 22:00:00,30.539,3.8615,397.42,103.84,7.41,184.7
2026-04-03 23:00:00,30.566,3.8349,403.72,106.04,7.74,196.6
2026-04-04 00:00:00,29.111,3.887,398.7,102.79,8.78,193.9
2026-04-04 01:00:00,30.949,3.824,399.75,103.41,6.81,201.2
2026-04-04 02:00:00,30.175,3.9208,404.68,103.28,9.31,172.3
2026-04-04 03:00:00,31.367,3.9433,396.67,102.18,10.1,184.7
2026-04-04 04:00:00,31.207,3.924,400.61,103.89,7.06,179.1
2026-04-04 05:00:00,29.386,3.95,394.42,102.49,8.39,189.5
2026-04-04 06:00:00,29.665,3.8528,394.88,102.9,7.09,185.1
2026-04-04 07:00:00,29.213,3.8243,404.1,100.88,8.64,185.7
2026-04-04 08:00:00,29.527,3.8381,397.1,103.31,6.32,200.0
2026-04-04 09:00:00,30.178,3.8972,399.76,105.62,7.96,197.3
2026-04-04 10:00:00,29.435,3.9857,397.9,102.35,7.43,198.9
2026-04-04 11:00:00,31.459,3.9168,406.33,102.4,7.38,184.8
2026-04-04 12:00:00,31.216,3.8511,399.88,102.17,8.13,181.0
2026-04-04 13:00:00,32.755,3.9378,398.32,105.21,7.92,183.3
2026-04-04 14:00:00,30.487,3.8234,404.39,105.83,7.07,188.2
2026-04-04 15:00:00,28.295,3.9259,400.81,104.29,7.54,189.0
2026-04-04 16:00:00,29.397,3.8863,397.82,102.95,7.41,163.7
2026-04-04 17:00:00,29.284,3.9417,404.23,103.06,8.0,202.5
2026-04-04 18:00:00,28.543,3.917,394.68,104.53,7.78,188.3
2026-04-04 19:00:00,29.793,3.9952,391.78,101.75,8.14,192.0
2026-04-04 20:00:00,29.333,3.9149,399.83,104.08,8.89,180.6
2026-04-04 21:00:00,30.206,3.9443,398.17,105.82,7.26,172.6
2026-04-04 22:00:00,29.004,3.9017,402.94,103.33,7.91,189.1
2026-04-04 23:00:00,30.575,3.8466,399.43,102.5,8.32,197.9
2026-04-05 00:00:00,27.586,3.9077,399.21,105.01,7.35,189.6
2026-04-05 01:00:00,28.536,3.9369,406.81,104.29,9.21,205.2
2026-04-05 02:00:00,29.414,3.9017,400.34,105.52,7.41,197.0
2026-04-05 03:00:00,28.881,3.9306,399.76,101.31,7.64,194.4
2026-04-05 04:00:00,29.506,3.9099,406.71,101.95,7.37,181.7
2026-04-05 05:00:00,29.663,3.873,399.17,102.66,7.34,209.0
2026-04-05 06:00:00,31.942,3.8891,400.13,101.37,7.63,197.1
2026-04-05 07:00:00,30.036,3.8868,405.44,108.46,7.81,179.0
2026-04-05 08:00:00,30.22,3.9424,397.24,103.85,8.86,193.7
2026-04-05 09:00:00,28.885,3.9437,397.35,106.3,7.97,170.4
2026-04-05 10:00:00,28.88,3.9388,405.46,104.51,7.73,213.2
2026-04-05 11:00:00,28.471,3.9512,395.2,101.26,7.09,198.0
2026-04-05 12:00:00,29.9,3.8882,401.19,102.85,9.21,190.7
2026-04-05 13:00:00,30.159,3.8315,399.68,102.08,8.53,173.0
2026-04-05 14:00:00,30.34,3.9517,401.63,105.89,9.23,186.7
2026-04-05 15:00:00,29.229,3.8742,399.87,103.62,7.78,207.2
2026-04-05 16:00:00,29.733,3.8759,404.44,102.22,7.91,195.2
2026-04-05 17:00:00,30.262,3.8336,395.68,102.08,7.29,201.5
2026-04-05 18:00:00,29.578,3.915,397.26,103.12,8.48,193.1
2026-04-05 19:00:00,29.396,3.9469,398.05,103.08,7.6,183.4
2026-04-05 20:00:00,30.387,3.8224,401.15,101.09,6.54,189.4
2026-04-05 21:00:00,29.912,3.8898,393.61,105.7,8.84,180.8
2026-04-05 22:00:00,30.833,3.8665,399.96,102.73,7.13,174.0
2026-04-05 23:00:00,29.39,3.9308,398.71,104.85,8.65,204.7
2026-04-06 00:00:00,4.832,3.8997,400.65,103.73,7.28,177.4
2026-04-06 01:00:00,5.823,3.8529,401.57,106.17,8.14,184.0
2026-04-06 02:00:00,6.249,3.9768,397.03,102.6,7.57,197.5
2026-04-06 03:00:00,7.177,3.8698,400.14,105.31,7.02,188.3
2026-04-06 04:00:00,7.829,3.9333,401.97,101.82,7.92,183.9
2026-04-06 05:00:00,8.528,3.9203,399.6,104.31,9.73,208.3
2026-04-06 06:00:00,9.638,3.9015,406.1,103.0,6.55,187.8
2026-04-06 07:00:00,9.493,3.7815,396.62,103.33,7.61,193.3
2026-04-06 08:00:00,11.057,3.9287,396.41,105.04,9.26,187.1
2026-04-06 09:00:00,11.357,3.9217,401.71,103.97,8.3,180.0
2026-04-06 10:00:00,11.152,3.8675,398.63,103.8,7.52,180.0
2026-04-06 11:00:00,13.143,3.9218,399.02,103.33,8.01,183.9
2026-04-06 12:00:00,14.109,3.87,393.96,106.65,8.27,198.5
2026-04-06 13:00:00,14.407,3.8902,400.09,104.13,7.86,181.0
2026-04-06 14:00:00,15.784,3.9009,405.75,102.74,7.67,189.1
2026-04-06 15:00:00,14.535,3.855,393.92,102.96,8.08,190.9
2026-04-06 16:00:00,17.739,3.9095,402.93,104.75,6.2,191.2
2026-04-06 17:00:00,16.266,3.9309,403.73,106.0,8.25,189.9
2026-04-06 18:00:00,17.129,3.9359,400.6,103.55,6.92,176.0
2026-04-06 19:00:00,17.941,3.9396,399.83,102.63,8.6,200.4
2026-04-06 20:00:00,18.613,3.8865,400.71,103.75,8.42,178.7
2026-04-06 21:00:00,19.527,3.9008,406.86,100.8,7.28,174.6
2026-04-06 22:00:00,18.422,3.9183,398.13,104.22,8.13,181.7
2026-04-06 23:00:00,18.352,3.8399,398.54,103.06,7.4,178.7
2026-04-07 00:00:00,33.126,3.8959,405.25,100.75,7.87,190.3
2026-04-07 01:00:00,33.334,3.9101,406.85,102.8,6.65,195.2
2026-04-07 02:00:00,31.964,3.9051,398.95,107.04,7.17,205.6
2026-04-07 03:00:00,33.236,3.9072,400.22,102.39,8.0,190.9
2026-04-07 04:00:00,32.445,3.8355,398.24,103.57,7.82,175.2
2026-04-07 05:00:00,32.946,3.9548,399.39,106.1,8.19,185.1
2026-04-07 06:00:00,31.802,3.8368,397.71,103.65,7.1,186.8
2026-04-07 07:00:00,34.522,3.8003,400.66,104.16,8.26,192.8
2026-04-07 08:00:00,32.788,3.8806,399.2,102.59,7.4,190.5
2026-04-07 09:00:00,32.878,3.9066,397.72,102.14,9.66,194.6
2026-04-07 10:00:00,33.686,3.9105,402.13,105.47,9.08,189.2
2026-04-07 11:00:00,33.348,3.9417,395.3,103.99,8.28,180.8
2026-04-07 12:00:00,32.237,3.9559,401.26,103.89,7.56,191.6
2026-04-07 13:00:00,36.133,3.9061,396.98,101.52,8.85,194.9
2026-04-07 14:00:00,31.915,3.9694,403.83,102.85,7.42,194.1
2026-04-07 15:00:00,32.81,3.9246,403.24,103.11,8.22,176.9
2026-04-07 16:00:00,33.463,3.9533,391.66,102.18,8.27,173.8
2026-04-07 17:00:00,32.862,3.9285,400.33,105.03,7.92,200.6
2026-04-07 18:00:00,32.533,3.8752,397.15,101.31,7.88,190.1
2026-04-07 19:00:00,32.622,3.8498,398.65,105.43,8.14,201.9
2026-04-07 20:00:00,33.249,3.8772,406.59,102.6,6.66,183.5
2026-04-07 21:00:00,33.056,3.9383,400.73,103.13,9.12,193.6
2026-04-07 22:00:00,33.029,3.8756,405.11,105.91,7.32,202.2
2026-04-07 23:00:00,33.115,3.8875,403.53,103.07,8.09,202.7
2026-04-08 00:00:00,32.891,3.8323,398.09,104.39,7.45,190.4
2026-04-08 01:00:00,33.379,3.8728,396.31,104.54,9.35,189.0
2026-04-08 02:00:00,33.13,3.9291,401.12,102.2,8.4,196.0
2026-04-08 03:00:00,31.949,3.9233,397.73,102.45,7.34,201.4
2026-04-08 04:00:00,33.598,3.91,405.08,102.94,8.75,185.8
2026-04-08 05:00:00,30.672,3.9429,400.97,101.9,7.72,195.1
2026-04-08 06:00:00,32.347,3.94,395.46,107.31,7.91,182.8
2026-04-08 07:00:00,32.172,3.8673,395.2,102.32,8.15,198.2
2026-04-08 08:00:00,31.504,3.9197,398.77,107.35,8.51,197.8
2026-04-08 09:00:00,33.028,3.9248,399.39,102.84,9.33,204.3
2026-04-08 10:00:00,33.758,3.8486,400.03,105.08,8.09,172.5
2026-04-08 11:00:00,32.66,3.8336,396.67,104.83,5.47,201.5
2026-04-08 12:00:00,31.653,3.8756,399.47,103.39,7.79,182.3
2026-04-08 13:00:00,32.8,3.8453,399.71,104.0,7.79,202.0
2026-04-08 14:00:00,32.505,3.8719,406.47,106.17,8.47,187.3
2026-04-08 15:00:00,34.185,3.9172,399.59,103.81,8.76,193.1
2026-04-08 16:00:00,32.094,3.7929,402.31,104.12,8.68,192.5
2026-04-08 17:00:00,33.654,3.9264,399.94,103.75,6.49,174.7
2026-04-08 18:00:00,34.708,3.8566,397.96,107.09,8.22,170.0
2026-04-08 19:00:00,30.167,3.8139,398.7,105.23,8.34,184.5
2026-04-08 20:00:00,33.478,3.8281,398.86,105.65,10.21,183.0
2026-04-08 21:00:00,31.632,3.9104,400.73,105.15,8.46,206.5
2026-04-08 22:00:00,34.572,3.9352,397.09,103.64,8.16,188.1
2026-04-08 23:00:00,33.891,3.9356,400.94,104.1,8.79,182.8
2026-04-09 00:00:00,32.005,3.8793,397.01,103.25,6.04,189.5
2026-04-09 01:00:00,32.515,3.9382,403.01,104.93,6.74,192.2
2026-04-09 02:00:00,33.49,3.8453,401.5,102.77,6.79,194.4
2026-04-09 03:00:00,32.686,4.0071,400.69,103.23,8.13,190.3
2026-04-09 04:00:00,33.048,3.8552,397.66,106.36,7.37,206.7
2026-04-09 05:00:00,32.398,3.9418,400.05,106.12,8.11,190.7
2026-04-09 06:00:00,32.685,3.9132,401.91,105.39,7.87,189.9
2026-04-09 07:00:00,33.056,3.7973,400.72,102.2,8.04,184.4
2026-04-09 08:00:00,32.692,3.8971,396.27,104.03,9.27,206.2
2026-04-09 09:00:00,34.998,3.96,401.43,106.98,8.01,199.6
2026-04-09 10:00:00,33.804,3.912,397.6,104.54,9.55,194.1
2026-04-09 11:00:00,32.92,3.9137,399.09,103.99,7.39,198.1
2026-04-09 12:00:00,32.89,3.8947,399.97,101.67,9.21,207.8
2026-04-09 13:00:00,32.576,4.0314,400.4,103.43,8.28,195.0
2026-04-09 14:00:00,32.689,3.9234,396.28,105.21,7.53,175.6
2026-04-09 15:00:00,33.179,3.8384,402.92,106.37,7.11,185.2
2026-04-09 16:00:00,32.028,3.8415,397.36,103.88,6.86,198.0
2026-04-09 17:00:00,35.436,3.8509,400.12,103.2,5.96,170.4
2026-04-09 18:00:00,34.973,3.8979,404.88,104.15,8.72,201.4
2026-04-09 19:00:00,32.707,3.9717,404.09,103.65,8.09,178.8
2026-04-09 20:00:00,34.825,3.8548,400.31,103.22,7.69,199.9
2026-04-09 21:00:00,33.407,3.96,400.14,105.78,7.18,183.0
2026-04-09 22:00:00,29.781,3.9629,403.22,102.02,7.25,189.3
2026-04-09 23:00:00,32.166,3.9674,405.4,104.44,8.27,188.0
2026-04-10 00:00:00,27.757,3.8239,397.84,103.86,8.97,183.2
2026-04-10 01:00:00,29.266,3.9993,405.77,105.59,8.79,166.1
2026-04-10 02:00:00,28.515,3.9153,400.12,105.23,8.85,195.8
2026-04-10 03:00:00,28.01,3.8778,397.26,105.7,8.34,203.2
2026-04-10 04:00:00,29.058,3.8483,399.7,102.54,6.85,173.8
2026-04-10 05:00:00,29.727,3.8852,396.78,103.08,7.98,188.3
2026-04-10 06:00:00,28.626,3.8713,402.36,103.42,9.45,181.1
2026-04-10 07:00:00,26.465,3.8555,401.66,104.47,8.55,197.9
2026-04-10 08:00:00,30.435,3.8739,403.47,104.34,7.86,206.3
2026-04-10 09:00:00,30.209,3.8231,402.99,105.34,7.03,183.0
2026-04-10 10:00:00,28.723,3.8922,403.19,105.86,6.96,163.1
2026-04-10 11:00:00,28.187,3.9205,401.12,106.15,9.08,202.3
2026-04-10 12:00:00,27.977,3.9723,397.42,106.61,8.85,196.5
2026-04-10 13:00:00,29.617,3.9337,399.77,102.08,8.78,196.6
2026-04-10 14:00:00,29.486,3.8899,403.16,103.19,7.0,201.8
2026-04-10 15:00:00,28.733,3.8714,398.86,106.45,8.34,186.1
2026-04-10 16:00:00,28.065,3.86,399.79,101.84,7.76,187.3
2026-04-10 17:00:00,27.869,3.8819,397.38,104.19,9.28,208.6
2026-04-10 18:00:00,28.028,3.8951,401.81,103.52,6.82,183.1
2026-04-10 19:00:00,28.081,3.8448,400.56,103.94,7.32,206.0
2026-04-10 20:00:00,28.695,3.9857,399.01,104.36,7.7,187.6
2026-04-10 21:00:00,28.018,3.835,397.07,105.07,8.65,198.4
2026-04-10 22:00:00,27.745,3.9729,401.27,102.53,7.78,188.7
2026-04-10 23:00:00,29.068,3.7981,395.38,104.91,8.41,180.3
2026-04-11 00:00:00,29.191,3.9446,400.09,103.51,6.6,178.6
2026-04-11 01:00:00,29.655,3.9007,401.15,102.34,6.04,183.4
2026-04-11 02:00:00,28.851,3.8832,404.1,105.96,8.24,190.4
2026-04-11 03:00:00,29.527,3.8898,403.21,101.54,8.62,193.2
2026-04-11 04:00:00,29.005,3.8204,400.86,102.3,7.01,188.3
2026-04-11 05:00:00,29.051,3.8966,397.62,103.84,9.33,189.5
2026-04-11 06:00:00,28.422,3.8566,397.97,106.13,8.37,204.1
2026-04-11 07:00:00,29.6,3.9819,394.48,101.55,8.13,194.7
2026-04-11 08:00:00,28.224,3.8785,398.44,104.93,7.28,178.7
2026-04-11 09:00:00,28.715,3.8554,400.19,103.82,8.62,183.7
2026-04-11 10:00:00,28.889,3.8543,406.18,102.75,8.46,195.0
2026-04-11 11:00:00,28.349,3.9371,401.18,102.81,6.74,185.6
2026-04-11 12:00:00,28.787,3.8466,397.18,104.62,7.33,178.7
2026-04-11 13:00:00,29.342,3.9649,396.68,102.17,9.04,168.6
2026-04-11 14:00:00,28.954,3.9621,399.47,103.0,7.98,196.2
2026-04-11 15:00:00,28.599,3.8956,398.33,104.59,8.19,182.7
2026-04-11 16:00:00,29.146,3.907,403.59,103.88,7.32,190.5
2026-04-11 17:00:00,31.024,3.9633,404.08,101.91,9.56,194.8
2026-04-11 18:00:00,29.535,3.9031,401.56,101.0,8.78,176.0
2026-04-11 19:00:00,30.752,3.9144,397.96,102.47,7.78,205.1
2026-04-11 20:00:00,29.248,3.9045,397.49,106.31,7.76,183.1
2026-04-11 21:00:00,29.565,3.8679,399.21,101.45,6.68,195.1
2026-04-11 22:00:00,28.536,3.9244,401.21,104.99,8.5,200.5
2026-04-11 23:00:00,29.116,3.8809,403.09,102.25,7.23,176.9
2026-04-12 00:00:00,28.993,3.9603,403.97,103.27,6.81,182.0
2026-04-12 01:00:00,29.879,3.9768,399.25,105.37,8.61,175.2
2026-04-12 02:00:00,30.742,3.964,401.65,103.84,8.96,195.6
2026-04-12 03:00:00,29.883,3.9221,404.38,102.54,7.83,185.1
2026-04-12 04:00:00,29.962,3.9076,398.85,104.38,7.9,202.7
2026-04-12 05:00:00,30.72,3.8977,400.27,103.52,7.32,194.3
2026-04-12 06:00:00,30.611,3.8052,397.0,105.62,9.12,180.7
2026-04-12 07:00:00,28.725,3.8277,403.11,104.22,7.89,181.5
2026-04-12 08:00:00,30.376,3.8764,404.07,103.66,8.65,195.1
2026-04-12 09:00:00,29.843,3.8839,405.12,105.89,7.21,206.7
2026-04-12 10:00:00,28.574,3.9279,402.07,104.0,7.19,180.7
2026-04-12 11:00:00,30.523,3.8615,400.01,104.31,7.48,179.2
2026-04-12 12:00:00,28.604,3.8793,403.07,103.81,7.77,207.1
2026-04-12 13:00:00,30.968,3.9425,401.28,104.85,8.79,192.9
2026-04-12 14:00:00,30.595,3.912,403.01,101.96,7.15,204.8
2026-04-12 15:00:00,30.904,3.8585,396.81,105.57,7.81,190.8
2026-04-12 16:00:00,30.944,3.9284,400.28,105.95,6.67,183.8
2026-04-12 17:00:00,32.435,3.9376,404.77,102.75,9.59,177.3
2026-04-12 18:00:00,30.265,3.9168,397.28,104.88,5.55,197.9
2026-04-12 19:00:00,29.714,3.8672,395.6,102.0,7.07,179.3
2026-04-12 20:00:00,29.7,3.8238,397.74,101.25,9.61,194.5
2026-04-12 21:00:00,27.363,3.9314,407.94,104.38,8.37,195.1
2026-04-12 22:00:00,31.421,4.0085,400.82,100.98,7.91,173.0
2026-04-12 23:00:00,28.426,3.9497,399.35,103.4,8.4,198.1
2026-04-13 00:00:00,28.554,3.975,397.36,105.01,7.76,188.3
2026-04-13 01:00:00,29.022,3.9512,402.6,104.02,8.94,176.2
2026-04-13 02:00:00,29.699,3.8315,391.6,101.52,8.65,188.6
2026-04-13 03:00:00,29.402,3.8548,397.74,102.17,7.88,191.6
2026-04-13 04:00:00,29.284,3.8956,399.29,104.11,8.53,181.3
2026-04-13 05:00:00,29.746,3.9544,395.84,102.81,7.69,179.2
2026-04-13 06:00:00,28.871,3.8681,404.83,104.42,9.23,188.2
2026-04-13 07:00:00,29.305,3.8922,399.3,108.01,9.0,191.5
2026-04-13 08:00:00,27.467,3.8772,402.86,104.47,7.77,198.3
2026-04-13 09:00:00,29.567,3.8621,400.58,105.12,8.61,188.3
2026-04-13 10:00:00,28.803,3.8963,401.8,104.45,8.92,186.4
2026-04-13 11:00:00,29.272,3.8907,401.2,102.35,9.03,187.2
2026-04-13 12:00:00,30.562,3.9733,395.89,104.38,8.46,189.7
2026-04-13 13:00:00,29.836,3.8571,402.94,104.41,7.83,164.9
2026-04-13 14:00:00,30.027,3.8283,404.31,105.6,6.94,175.1
2026-04-13 15:00:00,29.694,3.9649,400.73,104.44,8.13,207.0
2026-04-13 16:00:00,29.794,3.8385,404.2,105.57,8.0,188.5
2026-04-13 17:00:00,30.624,3.932,399.39,105.89,7.74,188.2
2026-04-13 18:00:00,27.787,3.8823,408.19,101.58,6.94,200.0
2026-04-13 19:00:00,28.642,3.9473,405.16,103.51,7.55,201.1
2026-04-13 20:00:00,29.844,3.9774,399.49,104.74,7.5,178.9
2026-04-13 21:00:00,28.42,3.8516,404.92,105.4,8.1,189.0
2026-04-13 22:00:00,29.193,3.9637,400.0,101.45,7.89,171.5
2026-04-13 23:00:00,28.886,3.8583,394.59,101.37,7.98,195.0
2026-04-14 00:00:00,28.672,3.8545,397.14,104.19,8.76,199.6
2026-04-14 01:00:00,28.331,3.8509,401.97,104.46,7.54,179.1
2026-04-14 02:00:00,27.813,3.9576,403.91,103.48,8.15,205.9
2026-04-14 03:00:00,27.091,3.8741,399.27,104.51,6.65,194.2
2026-04-14 04:00:00,26.995,3.9441,399.68,103.22,8.67,190.1
2026-04-14 05:00:00,27.457,3.9447,399.09,104.41,9.04,175.3
2026-04-14 06:00:00,28.869,3.9434,406.6,101.16,8.63,212.1
2026-04-14 07:00:00,28.588,3.9013,398.89,101.4,9.06,177.0
2026-04-14 08:00:00,26.68,3.9384,403.05,105.27,8.66,180.1
2026-04-14 09:00:00,28.195,3.8805,397.27,104.51,7.12,188.0
2026-04-14 10:00:00,29.495,3.8932,399.41,105.15,6.97,193.0
2026-04-14 11:00:00,29.252,3.9284,397.6,105.24,7.63,197.7
2026-04-14 12:00:00,27.398,3.8421,404.59,103.64,7.82,176.5
2026-04-14 13:00:00,27.804,3.9719,401.4,103.89,6.44,197.8
2026-04-14 14:00:00,28.608,3.9563,398.54,104.75,7.48,174.7
2026-04-14 15:00:00,26.591,3.9337,398.75,103.77,6.64,206.3
2026-04-14 16:00:00,27.727,3.8057,395.71,102.96,8.72,193.7
2026-04-14 17:00:00,28.64,3.8611,402.31,103.83,8.79,181.1
2026-04-14 18:00:00,27.669,3.852,397.81,102.6,8.35,184.7
2026-04-14 19:00:00,26.874,3.8725,397.64,101.29,8.06,190.5
2026-04-14 20:00:00,28.18,3.9697,395.07,104.83,8.14,179.1
2026-04-14 21:00:00,29.312,3.8356,400.26,104.77,7.65,182.2
2026-04-14 22:00:00,28.984,3.9544,398.21,105.85,8.2,177.4
2026-04-14 23:00:00,28.896,3.8909,398.46,104.49,8.24,181.5
2026-04-15 00:00:00,28.84,3.9295,402.09,106.58,7.93,191.1
2026-04-15 01:00:00,28.644,3.9977,400.63,104.65,9.02,197.1
2026-04-15 02:00:00,28.679,3.8825,403.4,104.46,7.58,187.4
2026-04-15 03:00:00,30.314,3.8382,399.46,105.66,8.82,179.3
2026-04-15 04:00:00,29.261,3.9169,400.7,103.61,7.52,187.0
2026-04-15 05:00:00,29.495,3.8999,404.95,104.53,8.58,196.0
2026-04-15 06:00:00,29.093,3.9421,398.23,105.56,8.52,184.7
2026-04-15 07:00:00,30.111,3.8774,402.4,102.45,8.16,203.3
2026-04-15 08:00:00,28.88,3.8009,397.55,104.72,7.91,173.8
2026-04-15 09:00:00,28.886,3.8744,393.86,103.27,7.84,184.9
2026-04-15 10:00:00,28.924,3.9628,395.57,103.08,8.87,191.0
2026-04-15 11:00:00,28.117,3.9191,392.38,103.16,8.4,176.0
2026-04-15 12:00:00,29.942,3.9008,399.75,107.83,8.59,190.9
2026-04-15 13:00:00,27.855,3.8197,398.61,104.01,8.46,179.8
2026-04-15 14:00:00,28.929,3.9227,395.3,103.78,8.72,185.7
2026-04-15 15:00:00,29.515,3.903,401.24,104.59,7.84,185.6
2026-04-15 16:00:00,29.072,3.9268,397.21,105.95,5.92,195.2
2026-04-15 17:00:00,30.852,3.9042,401.83,104.52,10.2,199.4
2026-04-15 18:00:00,30.699,3.8715,400.21,103.3,7.72,183.4
2026-04-15 19:00:00,29.488,3.8542,402.42,104.17,8.53,183.1
2026-04-15 20:00:00,29.757,4.0244,402.81,104.95,8.72,203.0
2026-04-15 21:00:00,30.617,3.8753,398.9,104.48,9.24,199.5
2026-04-15 22:00:00,29.028,3.9318,401.76,103.46,7.54,172.1
2026-04-15 23:00:00,28.127,3.8524,405.13,104.31,8.86,192.8
2026-04-16 00:00:00,31.288,3.9802,399.73,105.27,8.25,183.7
2026-04-16 01:00:00,30.984,3.9317,398.93,105.93,7.74,196.8
2026-04-16 02:00:00,31.499,3.8961,401.47,103.57,7.5,183.9
2026-04-16 03:00:00,31.637,3.9103,403.59,104.54,8.69,199.4
2026-04-16 04:00:00,31.3,3.9552,398.4,101.27,5.62,188.2
2026-04-16 05:00:00,32.466,3.8786,386.49,106.08,9.09,181.9
2026-04-16 06:00:00,31.81,3.9688,397.91,102.95,8.24,198.3
2026-04-16 07:00:00,31.373,3.9206,401.06,104.68,8.34,181.0
2026-04-16 08:00:00,29.629,3.8758,397.62,100.88,9.09,182.8
2026-04-16 09:00:00,32.28,3.8601,400.81,104.45,8.26,188.1
2026-04-16 10:00:00,31.163,3.8965,408.25,106.03,7.39,188.2
2026-04-16 11:00:00,30.291,3.9832,402.44,103.7,7.09,179.9
2026-04-16 12:00:00,31.025,3.8764,398.93,103.66,7.03,191.9
2026-04-16 13:00:00,31.348,3.9313,395.92,105.1,8.83,193.4
2026-04-16 14:00:00,30.631,3.8575,399.63,104.45,8.38,190.4
2026-04-16 15:00:00,29.84,3.8839,399.82,103.16,8.3,200.8
2026-04-16 16:00:00,30.288,3.9237,397.42,102.57,7.75,208.4
2026-04-16 17:00:00,31.946,3.8877,403.41,104.09,8.34,179.3
2026-04-16 18:00:00,30.438,3.824,402.63,101.84,9.09,175.8
2026-04-16 19:00:00,31.366,3.9082,396.34,100.9,7.53,205.5
2026-04-16 20:00:00,32.719,3.832,399.97,103.59,8.88,193.2
2026-04-16 21:00:00,30.539,4.0115,402.28,102.73,8.94,198.1
2026-04-16 22:00:00,32.573,3.8405,400.46,102.94,7.85,187.7
2026-04-16 23:00:00,31.793,3.8484,403.04,103.32,8.31,188.8
2026-04-17 00:00:00,26.974,3.9371,398.85,105.3,7.64,193.8
2026-04-17 01:00:00,26.646,3.8644,393.14,102.72,7.44,184.8
2026-04-17 02:00:00,27.755,3.8489,401.73,107.93,7.24,194.1
2026-04-17 03:00:00,27.329,3.9011,400.47,105.0,9.95,182.9
2026-04-17 04:00:00,27.155,3.9092,406.36,106.32,9.57,195.7
2026-04-17 05:00:00,27.073,3.9026,398.92,102.84,8.29,197.8
2026-04-17 06:00:00,27.012,3.8225,401.61,108.15,7.95,179.4
2026-04-17 07:00:00,27.803,3.8501,400.41,104.45,7.58,180.8
2026-04-17 08:00:00,26.986,3.8428,401.16,104.74,7.1,197.3
2026-04-17 09:00:00,25.738,3.9119,397.81,102.19,7.6,191.6
2026-04-17 10:00:00,27.326,3.9307,397.41,103.84,5.89,198.1
2026-04-17 11:00:00,26.743,3.8921,399.15,101.13,8.24,191.4
2026-04-17 12:00:00,26.679,3.9511,399.54,103.2,8.9,187.6
2026-04-17 13:00:00,26.057,3.7901,398.61,103.36,7.12,194.4
2026-04-17 14:00:00,25.418,3.8944,400.1,105.48,7.98,187.1
2026-04-17 15:00:00,27.557,3.9688,400.71,102.7,8.39,178.4
2026-04-17 16:00:00,27.776,3.9123,397.24,106.77,6.86,200.3
2026-04-17 17:00:00,26.468,3.8743,395.38,101.1,8.18,180.0
2026-04-17 18:00:00,27.577,3.8974,400.99,106.85,6.65,191.1
2026-04-17 19:00:00,26.395,3.9332,399.46,103.18,7.34,187.6
2026-04-17 20:00:00,25.584,3.931,391.57,104.75,8.39,190.5
2026-04-17 21:00:00,26.474,3.9457,402.21,105.17,7.65,194.2
2026-04-17 22:00:00,26.654,3.8743,403.17,101.95,7.77,176.9
2026-04-17 23:00:00,25.25,3.9608,401.98,104.4,7.04,189.6
2026-04-18 00:00:00,29.903,3.801,402.0,104.57,9.43,180.4
2026-04-18 01:00:00,30.898,3.9033,401.06,105.26,9.83,199.9
2026-04-18 02:00:00,30.92,3.903,402.1,105.32,6.93,192.3
2026-04-18 03:00:00,29.482,3.929,404.86,105.02,8.24,191.1
2026-04-18 04:00:00,29.364,3.8319,399.37,102.68,6.92,200.1
2026-04-18 05:00:00,28.476,3.8485,395.03,105.72,9.13,193.9
2026-04-18 06:00:00,29.014,3.9256,401.55,104.13,8.21,173.2
2026-04-18 07:00:00,29.418,3.8783,399.36,103.83,6.89,192.5
2026-04-18 08:00:00,29.84,3.7913,395.39,106.14,6.8,197.1
2026-04-18 09:00:00,30.051,3.9922,399.04,102.84,7.42,182.4
2026-04-18 10:00:00,27.825,3.8431,398.32,103.27,8.57,197.0
2026-04-18 11:00:00,29.315,3.8087,401.62,103.52,6.48,184.3
2026-04-18 12:00:00,28.571,3.8979,400.9,106.37,7.43,191.1
2026-04-18 13:00:00,28.338,3.8695,395.89,103.83,8.4,186.3
2026-04-18 14:00:00,30.482,3.8947,402.47,103.5,7.94,206.6
2026-04-18 15:00:00,28.446,3.9319,394.99,103.59,8.69,211.5
2026-04-18 16:00:00,30.01,3.9089,399.11,103.45,8.04,190.6
2026-04-18 17:00:00,30.383,3.8565,397.26,105.58,8.5,185.6
2026-04-18 18:00:00,29.105,3.9261,399.14,102.92,8.09,196.9
2026-04-18 19:00:00,28.461,3.8773,401.63,101.33,7.76,198.7
2026-04-18 20:00:00,28.51,3.9297,407.01,104.97,7.23,212.6
2026-04-18 21:00:00,29.974,3.9514,401.06,102.83,7.9,187.8
2026-04-18 22:00:00,30.862,3.9611,399.09,104.38,8.46,202.7
2026-04-18 23:00:00,30.082,3.8431,403.54,102.23,7.62,174.9
2026-04-19 00:00:00,28.673,3.9361,400.12,105.58,8.8,187.8
2026-04-19 01:00:00,28.531,3.9648,402.08,105.52,8.98,187.1
2026-04-19 02:00:00,28.411,3.9099,398.47,103.0,7.29,188.7
2026-04-19 03:00:00,28.72,3.9212,401.73,105.85,8.24,192.2
2026-04-19 04:00:00,29.419,3.908,401.1,103.15,8.1,177.0
2026-04-19 05:00:00,29.931,3.9095,401.41,101.93,7.23,183.8
2026-04-19 06:00:00,27.243,3.9497,401.78,104.01,8.84,171.8
2026-04-19 07:00:00,28.09,3.9521,402.13,103.8,8.33,191.0
2026-04-19 08:00:00,28.59,3.8727,397.04,103.9,7.81,198.5
2026-04-19 09:00:00,27.576,3.8964,398.59,102.87,7.72,204.6
2026-04-19 10:00:00,30.508,3.7919,402.85,101.53,7.07,180.1
2026-04-19 11:00:00,27.814,3.9537,404.68,101.29,8.44,193.6
2026-04-19 12:00:00,28.557,3.8774,399.15,103.4,7.18,187.6
2026-04-19 13:00:00,29.055,3.9039,396.49,104.96,6.88,182.5
2026-04-19 14:00:00,27.912,3.8026,400.2,102.67,8.95,186.5
2026-04-19 15:00:00,29.69,3.8528,397.92,104.62,7.55,180.1
2026-04-19 16:00:00,28.968,3.9536,401.01,104.67,9.86,196.9
2026-04-19 17:00:00,28.526,3.906,396.28,103.44,9.13,194.4
2026-04-19 18:00:00,27.959,3.8621,395.42,107.31,7.6,177.4
2026-04-19 19:00:00,30.299,3.9018,396.85,102.56,7.05,187.5
2026-04-19 20:00:00,28.796,3.9178,397.17,103.07,8.27,202.0
2026-04-19 21:00:00,30.692,3.9559,396.17,103.42,8.49,180.5
2026-04-19 22:00:00,27.832,3.8165,399.66,102.85,7.63,177.0
2026-04-19 23:00:00,29.259,3.8569,396.11,102.22,6.9,194.5
2026-04-20 00:00:00,30.103,3.8609,397.44,106.98,8.6,203.8
2026-04-20 01:00:00,29.942,3.903,400.52,106.26,9.71,193.6
2026-04-20 02:00:00,29.608,3.9477,402.23,103.8,7.5,183.1
2026-04-20 03:00:00,30.901,3.8804,399.05,103.46,7.03,195.0
2026-04-20 04:00:00,29.475,3.9218,404.22,103.71,8.08,183.1
2026-04-20 05:00:00,30.315,3.922,403.22,106.4,6.95,205.8
2026-04-20 06:00:00,28.413,3.8481,394.1,106.32,7.59,195.9
2026-04-20 07:00:00,28.947,3.9838,396.24,103.94,7.09,187.2
2026-04-20 08:00:00,30.742,3.9139,400.92,105.14,7.58,177.4
2026-04-20 09:00:00,28.519,3.8746,403.54,103.99,7.6,190.6
2026-04-20 10:00:00,28.868,3.9424,402.3,102.8,9.35,177.6
2026-04-20 11:00:00,29.899,3.8838,402.46,105.28,8.05,192.7
2026-04-20 12:00:00,28.264,3.8246,399.98,104.43,7.57,196.1
2026-04-20 13:00:00,30.471,3.8127,401.06,106.84,7.93,189.6
2026-04-20 14:00:00,29.531,3.9244,392.55,104.67,7.69,196.2
2026-04-20 15:00:00,28.975,3.8953,400.99,105.47,7.87,193.7
2026-04-20 16:00:00,28.618,3.8962,401.1,106.85,7.32,191.3
2026-04-20 17:00:00,29.055,3.929,397.56,105.24,7.15,206.7
2026-04-20 18:00:00,29.582,3.8881,400.3,104.4,8.29,200.5
2026-04-20 19:00:00,29.566,3.869,395.85,103.24,7.22,199.4
2026-04-20 20:00:00,28.524,3.8756,400.77,106.21,6.76,188.7
2026-04-20 21:00:00,30.358,3.8202,402.16,100.76,7.92,180.5
2026-04-20 22:00:00,29.131,3.9174,404.56,102.77,9.29,206.7
2026-04-20 23:00:00,28.23,3.9031,401.78,106.26,8.58,186.1
2026-04-21 00:00:00,2.934,3.9368,397.74,104.41,8.05,181.9
2026-04-21 01:00:00,3.909,3.9085,406.45,105.64,8.85,183.8
2026-04-21 02:00:00,3.897,3.9044,399.66,102.21,9.79,213.7
2026-04-21 03:00:00,4.643,3.9093,399.23,102.46,8.34,189.7
2026-04-21 04:00:00,5.155,3.9484,406.47,103.96,8.19,187.5
2026-04-21 05:00:00,5.602,3.8499,404.86,104.8,6.97,190.2
2026-04-21 06:00:00,6.368,3.9333,398.21,104.97,8.27,184.0
2026-04-21 07:00:00,6.621,3.8425,398.86,102.13,8.76,200.3
2026-04-21 08:00:00,6.856,3.909,404.4,101.67,7.95,195.5
2026-04-21 09:00:00,7.728,3.8768,394.1,102.94,8.81,183.9
2026-04-21 10:00:00,8.087,3.8907,402.69,103.0,8.26,192.3
2026-04-21 11:00:00,8.061,3.9156,402.89,104.56,7.44,183.7
2026-04-21 12:00:00,8.409,3.8427,393.74,104.48,8.0,189.4
2026-04-21 13:00:00,10.689,3.9017,402.23,102.02,7.7,183.4
2026-04-21 14:00:00,10.08,3.8445,397.85,102.92,8.18,177.0
2026-04-21 15:00:00,10.585,3.9231,400.25,105.72,8.04,191.7
2026-04-21 16:00:00,11.128,3.9438,401.32,104.03,8.54,182.0
2026-04-21 17:00:00,11.973,3.8398,403.91,103.07,7.8,187.4
2026-04-21 18:00:00,12.312,3.8042,398.58,104.94,8.27,178.2
2026-04-21 19:00:00,12.747,3.9925,397.36,103.34,7.01,183.5
2026-04-21 20:00:00,11.877,4.004,395.99,106.75,7.96,186.1
2026-04-21 21:00:00,11.713,3.9293,398.81,103.65,7.84,190.2
2026-04-21 22:00:00,12.162,3.8844,397.56,104.92,8.09,190.1
2026-04-21 23:00:00,10.833,3.8949,397.62,102.4,7.59,180.4
2026-04-22 00:00:00,30.986,3.8372,402.55,103.63,7.28,189.1
2026-04-22 01:00:00,30.945,3.9693,403.12,103.73,8.23,182.9
2026-04-22 02:00:00,32.429,3.8842,398.25,104.71,7.04,194.8
2026-04-22 03:00:00,31.95,3.9043,403.59,106.54,6.8,195.9
2026-04-22 04:00:00,34.333,3.8992,403.99,102.74,7.98,212.1
2026-04-22 05:00:00,33.655,3.9452,399.44,103.66,8.7,190.5
2026-04-22 06:00:00,34.561,3.861,397.29,104.62,6.82,195.9
2026-04-22 07:00:00,34.326,3.9893,396.33,103.4,8.64,185.5
2026-04-22 08:00:00,33.379,3.8174,399.65,104.88,7.47,194.5
2026-04-22 09:00:00,33.021,3.8842,397.1,103.68,8.25,187.5
2026-04-22 10:00:00,33.58,3.9233,396.54,104.05,8.82,195.9
2026-04-22 11:00:00,32.644,3.8331,400.33,104.3,8.9,189.1
2026-04-22 12:00:00,32.962,3.9169,404.03,105.43,9.52,185.0
2026-04-22 13:00:00,33.96,3.9117,404.49,103.3,8.59,196.8
2026-04-22 14:00:00,32.092,3.9007,399.39,103.3,7.45,176.2
2026-04-22 15:00:00,33.335,3.9038,400.42,103.82,8.26,183.5
2026-04-22 16:00:00,32.037,3.9192,401.01,104.77,8.32,178.0
2026-04-22 17:00:00,31.817,3.8645,405.41,104.87,7.13,199.7
2026-04-22 18:00:00,33.673,3.8772,402.02,104.25,8.01,192.8
2026-04-22 19:00:00,34.098,3.9332,394.9,103.11,9.08,211.6
2026-04-22 20:00:00,31.891,3.9569,395.67,105.85,7.82,201.4
2026-04-22 21:00:00,33.545,3.8617,397.16,102.18,6.58,158.2
2026-04-22 22:00:00,31.916,3.9043,398.94,104.76,7.64,196.4
2026-04-22 23:00:00,33.378,3.8795,396.43,101.17,8.53,189.6
2026-04-23 00:00:00,26.788,3.8606,398.88,106.33,8.83,188.0
2026-04-23 01:00:00,28.911,3.8256,398.63,103.39,6.92,202.1
2026-04-23 02:00:00,28.017,3.9642,395.24,105.39,8.64,179.5
2026-04-23 03:00:00,28.599,3.913,402.0,103.38,7.29,179.9
2026-04-23 04:00:00,28.484,3.8699,399.95,100.42,7.78,172.4
2026-04-23 05:00:00,28.464,3.9659,400.98,103.57,8.71,169.7
2026-04-23 06:00:00,27.89,3.9522,398.48,101.2,7.19,194.9
2026-04-23 07:00:00,28.79,3.9084,402.83,104.19,8.2,200.2
2026-04-23 08:00:00,26.811,4.0374,401.22,107.4,8.17,203.3
2026-04-23 09:00:00,28.828,3.9236,400.45,103.78,9.22,199.0
2026-04-23 10:00:00,29.794,3.8298,394.58,104.83,9.35,179.1
2026-04-23 11:00:00,27.477,3.8572,399.7,105.64,7.95,193.3
2026-04-23 12:00:00,27.007,3.8072,400.94,104.52,7.47,192.6
2026-04-23 13:00:00,28.479,3.9332,398.35,104.04,9.42,182.0
2026-04-23 14:00:00,28.014,3.8735,402.35,102.67,6.95,182.6
2026-04-23 15:00:00,27.129,3.9142,405.62,105.0,8.46,194.7
2026-04-23 16:00:00,28.068,3.8229,396.95,105.37,6.87,207.3
2026-04-23 17:00:00,27.39,3.8798,397.42,102.21,7.64,188.0
2026-04-23 18:00:00,28.115,3.921,400.43,105.97,7.68,181.0
2026-04-23 19:00:00,27.765,3.8946,403.48,104.26,7.7,191.9
2026-04-23 20:00:00,27.326,3.8796,398.0,102.46,8.48,181.6
2026-04-23 21:00:00,27.795,3.8438,400.9,102.38,9.66,179.9
2026-04-23 22:00:00,29.071,3.927,402.64,104.26,7.2,211.7
2026-04-23 23:00:00,28.525,3.8464,403.89,103.94,7.46,196.6
2026-04-24 00:00:00,29.276,3.9315,399.97,105.57,8.36,186.6
2026-04-24 01:00:00,29.23,3.9542,400.03,102.99,8.13,195.9
2026-04-24 02:00:00,29.632,3.8354,396.75,103.61,8.67,192.3
2026-04-24 03:00:00,30.55,3.979,402.44,104.31,7.9,181.7
2026-04-24 04:00:00,29.389,3.846,402.68,101.55,8.96,188.3
2026-04-24 05:00:00,28.581,3.9077,400.46,104.11,7.0,162.4
2026-04-24 06:00:00,30.041,3.9023,402.2,100.46,7.71,180.5
2026-04-24 07:00:00,29.314,3.9495,396.58,104.74,8.42,169.5
2026-04-24 08:00:00,29.116,3.9003,399.15,104.75,8.99,197.4
2026-04-24 09:00:00,30.229,3.9452,399.72,103.1,7.05,171.2
2026-04-24 10:00:00,28.678,3.9156,399.59,103.91,8.67,199.2
2026-04-24 11:00:00,28.996,3.8946,395.59,105.64,7.86,163.9
2026-04-24 12:00:00,29.201,3.8903,402.17,104.01,8.38,184.5
2026-04-24 13:00:00,29.932,3.8445,399.57,104.3,7.74,198.7
2026-04-24 14:00:00,29.533,3.9124,400.59,104.71,8.47,180.7
2026-04-24 15:00:00,29.175,3.887,399.05,104.12,8.01,177.2
2026-04-24 16:00:00,28.981,3.9495,401.93,101.23,7.54,193.7
2026-04-24 17:00:00,28.05,3.9079,404.53,104.66,7.27,193.4
2026-04-24 18:00:00,27.662,3.8946,394.06,103.18,6.48,182.8
2026-04-24 19:00:00,28.817,3.9498,401.1,106.67,9.01,190.7
2026-04-24 20:00:00,29.76,3.8515,400.04,103.27,7.21,199.8
2026-04-24 21:00:00,28.627,3.9171,399.05,105.37,8.35,174.5
2026-04-24 22:00:00,29.488,4.0317,402.14,105.66,8.46,205.7
2026-04-24 23:00:00,28.72,3.8683,398.75,101.97,7.23,201.4
2026-04-25 00:00:00,27.404,3.8654,403.81,104.82,7.62,183.4
2026-04-25 01:00:00,27.779,3.9046,403.16,104.58,7.3,188.4
2026-04-25 02:00:00,26.837,3.8731,404.95,102.05,7.62,198.3
2026-04-25 03:00:00,28.137,3.8867,397.82,102.78,8.57,189.0
2026-04-25 04:00:00,28.226,3.933,395.72,101.45,8.34,199.5
2026-04-25 05:00:00,27.955,3.9395,395.5,103.53,7.59,184.8
2026-04-25 06:00:00,28.354,3.7693,398.5,105.51,7.71,178.9
2026-04-25 07:00:00,28.199,3.8336,402.48,102.87,9.06,193.2
2026-04-25 08:00:00,26.93,3.8921,399.56,104.83,6.88,198.4
2026-04-25 09:00:00,27.145,3.8085,399.29,102.81,8.02,205.0
2026-04-25 10:00:00,27.82,3.9816,405.97,106.93,8.17,203.2
2026-04-25 11:00:00,29.046,3.9634,399.98,105.96,8.79,192.9
2026-04-25 12:00:00,27.212,3.9317,401.35,101.93,7.1,202.1
2026-04-25 13:00:00,27.759,3.9395,399.1,102.08,7.46,167.2
2026-04-25 14:00:00,28.381,3.8291,406.32,102.77,8.14,179.7
2026-04-25 15:00:00,26.702,3.8966,397.85,107.47,7.78,166.2
2026-04-25 16:00:00,27.949,3.8552,398.48,102.79,7.22,173.2
2026-04-25 17:00:00,28.125,3.8996,399.75,103.45,9.26,182.8
2026-04-25 18:00:00,27.52,3.9809,400.89,103.15,7.33,185.0
2026-04-25 19:00:00,27.69,3.8944,404.42,101.92,8.09,196.6
2026-04-25 20:00:00,28.516,3.8872,397.72,104.53,8.52,188.8
2026-04-25 21:00:00,27.609,3.9667,399.25,103.84,9.1,190.0
2026-04-25 22:00:00,27.956,3.8882,404.63,103.93,9.13,197.9
2026-04-25 23:00:00,28.005,3.9491,398.29,106.92,7.4,193.5
2026-04-26 00:00:00,31.355,3.9166,403.71,106.19,7.11,187.0
2026-04-26 01:00:00,30.983,3.9091,399.4,104.65,7.36,184.7
2026-04-26 02:00:00,31.579,3.9157,404.28,100.75,7.09,177.2
2026-04-26 03:00:00,30.731,3.98,395.78,103.84,9.07,179.3
2026-04-26 04:00:00,32.516,3.8414,397.41,101.31,8.4,173.0
2026-04-26 05:00:00,30.534,3.901,398.15,103.3,7.66,193.5
2026-04-26 06:00:00,29.791,3.8574,396.47,105.52,9.09,195.1
2026-04-26 07:00:00,29.027,3.9011,401.49,105.42,7.96,181.6
2026-04-26 08:00:00,32.388,3.9003,397.65,104.61,8.91,186.4
2026-04-26 09:00:00,30.973,3.9111,399.37,103.52,8.24,160.4
2026-04-26 10:00:00,30.365,3.8377,396.67,104.51,7.69,186.8
2026-04-26 11:00:00,30.385,3.8019,395.04,106.12,7.16,185.6
2026-04-26 12:00:00,30.928,3.8836,399.57,101.02,7.01,191.9
2026-04-26 13:00:00,30.613,3.9512,401.97,103.21,8.05,183.1
2026-04-26 14:00:00,31.032,3.862,401.28,104.57,9.08,180.6
2026-04-26 15:00:00,30.452,3.829,402.83,103.63,7.46,178.9
2026-04-26 16:00:00,29.751,3.8827,398.94,106.05,7.77,189.8
2026-04-26 17:00:00,28.622,3.8679,405.83,106.54,6.2,205.8
2026-04-26 18:00:00,30.255,3.8332,401.71,105.12,8.57,194.3
2026-04-26 19:00:00,31.88,3.8945,401.71,107.8,8.09,174.6
2026-04-26 20:00:00,31.825,3.9068,396.51,106.57,8.88,188.7
2026-04-26 21:00:00,30.729,3.8102,400.41,100.69,6.99,205.4
2026-04-26 22:00:00,30.662,3.808,397.92,105.18,7.79,190.5
2026-04-26 23:00:00,30.271,3.8373,403.81,101.31,7.71,175.6
2026-04-27 00:00:00,28.616,3.8959,399.22,104.21,8.54,169.7
2026-04-27 01:00:00,28.843,3.9592,404.68,105.3,6.88,182.3
2026-04-27 02:00:00,29.559,3.9563,398.56,103.49,8.55,200.5
2026-04-27 03:00:00,28.418,3.8464,394.75,102.88,6.68,181.6
2026-04-27 04:00:00,29.791,3.9178,398.31,105.41,6.8,194.3
2026-04-27 05:00:00,28.312,3.9182,403.36,102.2,8.45,188.1
2026-04-27 06:00:00,28.572,3.8151,399.52,103.73,8.0,187.3
2026-04-27 07:00:00,27.833,3.9697,399.18,105.64,7.69,181.0
2026-04-27 08:00:00,29.867,3.954,398.57,104.13,8.32,175.4
2026-04-27 09:00:00,28.353,3.7945,402.62,101.0,7.78,175.9
2026-04-27 10:00:00,28.698,3.8836,398.22,104.61,7.66,197.7
2026-04-27 11:00:00,29.02,3.8405,398.78,103.94,8.57,201.3
2026-04-27 12:00:00,28.602,3.911,399.68,104.34,7.13,182.9
2026-04-27 13:00:00,29.469,3.9586,400.59,103.48,8.32,182.7
2026-04-27 14:00:00,30.256,3.8286,400.54,105.65,7.66,180.2
2026-04-27 15:00:00,28.341,3.9072,403.1,103.87,8.32,196.8
2026-04-27 16:00:00,29.066,3.9274,401.39,104.91,7.32,183.6
2026-04-27 17:00:00,28.207,3.9917,399.33,103.31,8.89,194.6
2026-04-27 18:00:00,28.507,3.9528,397.23,102.34,7.31,202.8
2026-04-27 19:00:00,28.811,3.9558,396.54,101.29,8.18,186.5
2026-04-27 20:00:00,27.186,3.9088,405.88,104.29,6.89,182.7
2026-04-27 21:00:00,28.145,3.8006,396.84,102.29,7.59,184.5
2026-04-27 22:00:00,28.915,3.9209,401.09,103.94,7.25,190.6
2026-04-27 23:00:00,28.988,4.0652,398.83,104.4,8.51,197.0
2026-04-28 00:00:00,25.535,3.887,395.46,105.23,6.76,170.4
2026-04-28 01:00:00,26.402,3.9887,402.7,105.43,7.48,192.9
2026-04-28 02:00:00,26.393,3.8872,403.15,105.52,7.87,180.9
2026-04-28 03:00:00,26.762,3.8169,394.82,103.3,8.29,201.2
2026-04-28 04:00:00,28.519,3.894,401.93,101.12,8.41,213.9
2026-04-28 05:00:00,27.73,3.9743,402.39,105.26,8.9,178.2
2026-04-28 06:00:00,26.822,3.9685,397.91,105.85,7.4,187.1
2026-04-28 07:00:00,26.562,3.9473,400.94,100.76,7.05,178.5
2026-04-28 08:00:00,27.603,3.9167,394.4,104.74,8.91,191.1
2026-04-28 09:00:00,27.666,4.0855,399.84,103.37,8.4,188.9
2026-04-28 10:00:00,26.258,3.8826,396.45,106.5,7.04,207.6
2026-04-28 11:00:00,26.638,3.829,399.03,106.42,8.1,205.9
2026-04-28 12:00:00,27.881,3.9158,398.05,105.26,8.1,184.7
2026-04-28 13:00:00,27.113,3.934,400.92,105.87,9.79,196.5
2026-04-28 14:00:00,27.863,3.9364,401.65,103.82,7.5,185.4
2026-04-28 15:00:00,26.446,3.9355,396.06,103.83,7.31,181.9
2026-04-28 16:00:00,27.769,3.9087,402.83,102.66,7.57,191.1
2026-04-28 17:00:00,27.756,3.9275,404.0,102.1,7.86,183.3
2026-04-28 18:00:00,28.569,3.8232,397.24,105.54,7.25,171.9
2026-04-28 19:00:00,28.35,3.9387,398.19,102.51,7.81,182.1
2026-04-28 20:00:00,26.629,3.9362,397.51,103.6,7.41,197.3
2026-04-28 21:00:00,27.062,3.9546,396.15,102.99,7.76,190.5
2026-04-28 22:00:00,26.81,4.0014,398.17,103.39,6.9,185.5
2026-04-28 23:00:00,28.96,3.9127,397.2,105.43,7.7,195.2
2026-04-29 00:00:00,28.884,3.8682,404.29,104.05,8.15,194.2
2026-04-29 01:00:00,30.796,3.8684,396.71,103.73,8.72,185.9
2026-04-29 02:00:00,30.904,3.8166,397.87,102.38,6.37,210.8
2026-04-29 03:00:00,29.859,4.0023,401.47,102.31,9.04,196.0
2026-04-29 04:00:00,31.787,3.9386,399.33,104.68,7.81,179.0
2026-04-29 05:00:00,29.611,3.9518,396.89,105.47,9.02,191.3
2026-04-29 06:00:00,29.631,3.9392,398.35,105.18,8.47,189.0
2026-04-29 07:00:00,29.508,3.8513,399.49,102.26,7.87,191.6
2026-04-29 08:00:00,29.641,3.9225,402.91,101.96,7.94,180.9
2026-04-29 09:00:00,29.325,3.8855,403.04,105.72,7.48,189.1
2026-04-29 10:00:00,29.742,3.8861,404.84,105.34,6.49,193.7
2026-04-29 11:00:00,30.561,3.8399,404.41,105.24,9.3,176.6
2026-04-29 12:00:00,29.668,3.8601,397.74,102.91,6.89,190.3
2026-04-29 13:00:00,28.547,3.9484,402.06,100.47,7.3,192.2
2026-04-29 14:00:00,32.268,3.8799,404.14,107.16,8.06,177.7
2026-04-29 15:00:00,28.822,3.8089,400.43,104.22,7.37,204.7
2026-04-29 16:00:00,29.4,3.9055,402.79,105.28,8.45,195.4
2026-04-29 17:00:00,30.245,3.9596,403.07,102.56,8.38,190.2
2026-04-29 18:00:00,29.706,3.9733,400.44,104.46,8.92,180.1
2026-04-29 19:00:00,29.468,3.8848,396.89,104.36,7.23,192.7
2026-04-29 20:00:00,30.011,3.9018,401.49,103.5,8.57,186.4
2026-04-29 21:00:00,29.986,3.896,402.36,104.32,7.29,209.2
2026-04-29 22:00:00,31.088,3.9056,402.04,102.72,8.67,184.4
2026-04-29 23:00:00,30.612,3.9064,396.81,104.68,7.96,185.5
2026-04-30 00:00:00,30.705,3.9429,400.69,103.32,7.64,188.3
2026-04-30 01:00:00,29.333,3.8603,398.57,101.04,9.5,188.8
2026-04-30 02:00:00,32.072,3.8883,399.94,103.87,6.64,178.7
2026-04-30 03:00:00,31.241,3.8798,400.93,104.36,6.92,178.3
2026-04-30 04:00:00,29.885,3.8121,396.34,103.93,8.84,202.8
2026-04-30 05:00:00,31.336,3.8669,396.96,106.33,8.18,181.6
2026-04-30 06:00:00,29.806,4.0102,401.94,104.34,8.1,187.7
2026-04-30 07:00:00,31.626,3.9336,404.32,101.37,8.54,192.2
2026-04-30 08:00:00,31.597,3.9279,394.03,103.96,9.19,197.2
2026-04-30 09:00:00,29.938,3.8086,403.57,104.13,8.37,181.5
2026-04-30 10:00:00,31.762,3.8879,399.32,102.16,8.09,193.2
2026-04-30 11:00:00,29.879,3.8717,401.38,102.09,8.27,198.8
2026-04-30 12:00:00,30.773,3.8293,399.68,105.65,8.02,176.6
2026-04-30 13:00:00,31.521,3.9171,404.11,106.15,8.58,187.4
2026-04-30 14:00:00,28.89,3.7977,399.43,102.98,7.96,179.6
2026-04-30 15:00:00,29.843,3.9488,400.68,104.03,9.27,182.4
2026-04-30 16:00:00,31.169,3.8505,398.58,104.07,7.79,182.3
2026-04-30 17:00:00,30.458,3.9449,397.36,102.0,9.19,176.0
2026-04-30 18:00:00,30.459,3.8338,397.04,105.44,8.53,186.3
2026-04-30 19:00:00,32.131,3.8731,403.09,104.51,8.8,189.5
2026-04-30 20:00:00,31.123,3.8933,392.31,107.25,8.42,190.3
2026-04-30 21:00:00,30.656,3.8646,398.02,103.97,8.68,192.3
2026-04-30 22:00:00,30.933,3.9368,397.76,105.45,7.64,195.5
2026-04-30 23:00:00,30.185,3.9444,396.48,106.67,7.6,185.2
2026-05-01 00:00:00,27.004,3.8453,399.05,101.71,8.74,188.2
2026-05-01 01:00:00,25.896,3.8987,401.37,104.22,7.5,187.7
2026-05-01 02:00:00,25.522,3.8297,393.18,101.81,8.47,201.3
2026-05-01 03:00:00,28.822,3.8648,400.99,103.38,8.23,191.0
2026-05-01 04:00:00,26.916,3.9522,398.34,102.97,7.71,182.7
2026-05-01 05:00:00,26.178,3.8896,400.96,104.98,7.69,205.6
2026-05-01 06:00:00,27.11,3.8684,392.73,106.37,8.85,202.7
2026-05-01 07:00:00,26.331,3.9321,394.93,105.68,7.84,185.3
2026-05-01 08:00:00,27.662,3.8851,404.52,105.62,6.79,198.3
2026-05-01 09:00:00,25.606,3.9897,398.3,103.5,7.91,212.3
2026-05-01 10:00:00,28.221,3.8954,401.59,103.35,8.73,183.5
2026-05-01 11:00:00,27.298,3.8813,403.35,104.17,7.77,174.3
2026-05-01 12:00:00,28.408,3.8781,400.66,103.51,8.2,191.8
2026-05-01 13:00:00,26.248,3.8104,399.09,101.38,8.48,189.7
2026-05-01 14:00:00,28.54,3.9325,401.7,102.93,8.17,198.3
2026-05-01 15:00:00,28.45,3.9099,399.44,102.87,7.68,184.5
2026-05-01 16:00:00,28.529,3.9553,399.27,103.02,8.56,202.0
2026-05-01 17:00:00,28.147,3.8363,395.05,106.31,8.68,184.8
2026-05-01 18:00:00,27.591,3.8923,399.99,102.48,8.66,182.8
2026-05-01 19:00:00,26.698,3.9546,400.07,105.7,8.2,198.8
2026-05-01 20:00:00,28.991,3.9115,403.02,103.08,8.3,165.6
2026-05-01 21:00:00,27.527,3.8557,394.75,104.88,7.97,194.0
2026-05-01 22:00:00,26.457,3.911,406.23,104.88,6.95,196.4
2026-05-01 23:00:00,27.769,3.8647,397.4,104.2,6.27,199.9
2026-05-02 00:00:00,1.62,3.9238,402.06,105.8,6.84,191.4
2026-05-02 01:00:00,3.448,3.9332,398.65,103.83,8.53,195.7
2026-05-02 02:00:00,3.945,3.811,400.04,103.56,8.2,190.3
2026-05-02 03:00:00,3.508,3.911,396.04,102.37,7.14,191.6
2026-05-02 04:00:00,3.074,3.9579,395.91,103.54,8.86,189.8
2026-05-02 05:00:00,2.12,3.9714,398.39,103.26,8.04,182.5
2026-05-02 06:00:00,1.018,3.8845,405.28,103.96,7.5,189.7
2026-05-02 07:00:00,2.962,3.7928,396.57,101.83,7.81,194.3
2026-05-02 08:00:00,3.605,3.8177,401.87,103.24,7.9,194.6
2026-05-02 09:00:00,3.557,3.8721,396.88,102.14,7.21,190.8
2026-05-02 10:00:00,2.49,3.9204,398.08,103.67,7.66,175.2
2026-05-02 11:00:00,2.529,3.9151,400.32,102.76,7.94,182.6
2026-05-02 12:00:00,1.125,3.8081,402.02,103.47,5.87,187.2
2026-05-02 13:00:00,1.591,4.0447,397.22,106.26,7.2,199.5
2026-05-02 14:00:00,3.397,3.888,396.57,102.41,8.82,204.5
2026-05-02 15:00:00,3.08,3.8878,397.93,104.08,7.58,200.2
2026-05-02 16:00:00,2.481,3.9217,397.0,101.81,7.55,203.1
2026-05-02 17:00:00,3.527,3.8914,402.62,104.83,7.27,204.7
2026-05-02 18:00:00,1.933,3.8403,398.98,105.21,9.29,202.8
2026-05-02 19:00:00,3.229,3.8736,403.67,102.92,8.21,186.5
2026-05-02 20:00:00,2.974,3.8316,396.05,102.51,9.56,209.4
2026-05-02 21:00:00,3.523,3.8695,397.13,104.57,7.73,178.4
2026-05-02 22:00:00,3.017,3.8469,403.34,104.34,7.7,176.5
2026-05-02 23:00:00,1.021,3.8982,401.81,104.1,7.95,176.5
2026-05-03 00:00:00,29.159,3.8998,401.22,103.54,6.81,178.5
2026-05-03 01:00:00,29.26,3.9267,398.93,102.29,7.86,187.9
2026-05-03 02:00:00,30.91,3.8968,398.18,103.87,8.34,170.8
2026-05-03 03:00:00,29.323,3.8449,397.97,103.34,9.05,196.7
2026-05-03 04:00:00,29.935,3.8448,400.71,104.75,6.7,172.6
2026-05-03 05:00:00,30.822,3.9495,400.04,105.45,8.7,213.2
2026-05-03 06:00:00,27.241,3.915,403.37,104.43,7.43,176.3
2026-05-03 07:00:00,30.872,3.9998,393.98,102.29,8.47,197.9
2026-05-03 08:00:00,29.179,3.826,403.14,105.94,6.46,189.9
2026-05-03 09:00:00,30.113,3.8939,403.89,104.4,8.38,192.1
2026-05-03 10:00:00,28.43,4.0097,398.17,103.93,9.01,196.7
2026-05-03 11:00:00,29.537,3.7897,399.95,105.64,7.84,175.1
2026-05-03 12:00:00,30.797,4.0087,402.94,105.59,6.59,184.1
2026-05-03 13:00:00,27.606,3.9493,401.65,100.15,8.49,200.1
2026-05-03 14:00:00,28.954,3.886,404.44,101.84,8.33,199.9
2026-05-03 15:00:00,29.945,3.881,400.57,104.7,8.63,206.2
2026-05-03 16:00:00,28.39,3.8965,399.57,106.38,7.04,207.3
2026-05-03 17:00:00,28.969,3.859,395.8,103.7,7.61,190.9
2026-05-03 18:00:00,29.551,3.9334,401.22,100.3,8.92,189.9
2026-05-03 19:00:00,29.662,3.8728,402.65,103.43,8.87,178.2
2026-05-03 20:00:00,31.162,3.9635,396.24,105.16,7.55,177.6
2026-05-03 21:00:00,29.251,3.9049,397.92,104.71,8.94,175.4
2026-05-03 22:00:00,27.935,3.8945,400.45,104.08,8.56,195.5
2026-05-03 23:00:00,27.958,3.8971,397.28,103.65,6.83,194.5
2026-05-04 00:00:00,26.75,3.8659,395.53,106.34,8.68,195.6
2026-05-04 01:00:00,26.28,3.8513,404.34,103.17,8.64,209.5
2026-05-04 02:00:00,25.516,3.8309,401.13,101.48,7.69,184.3
2026-05-04 03:00:00,27.587,3.8311,400.39,104.89,7.07,179.4
2026-05-04 04:00:00,27.663,3.9387,395.17,101.69,9.33,191.2
2026-05-04 05:00:00,26.383,3.9027,399.6,104.66,9.23,203.9
2026-05-04 06:00:00,26.323,3.8734,398.86,106.46,8.88,170.7
2026-05-04 07:00:00,26.545,3.8743,403.45,105.79,7.57,179.8
2026-05-04 08:00:00,27.008,3.925,400.68,102.25,7.77,195.5
2026-05-04 09:00:00,27.17,3.9281,397.36,103.33,8.07,160.0
2026-05-04 10:00:00,26.662,3.9253,401.22,103.28,7.85,196.9
2026-05-04 11:00:00,26.785,3.8239,401.31,101.41,7.3,210.8
2026-05-04 12:00:00,27.14,3.9413,401.7,105.17,8.08,197.9
2026-05-04 13:00:00,26.978,3.8564,401.06,104.19,8.73,201.6
2026-05-04 14:00:00,28.049,3.8555,400.95,106.62,7.57,183.2
2026-05-04 15:00:00,26.527,3.8707,397.61,106.42,7.58,191.2
2026-05-04 16:00:00,26.071,4.0058,396.95,102.03,8.76,183.5
2026-05-04 17:00:00,27.0,3.9804,396.3,106.56,7.59,162.5
2026-05-04 18:00:00,26.998,3.8741,395.84,107.67,7.62,171.3
2026-05-04 19:00:00,26.844,3.9514,402.53,103.61,7.65,187.0
2026-05-04 20:00:00,25.908,3.9207,400.97,106.07,7.19,206.8
2026-05-04 21:00:00,27.845,3.9456,399.34,105.05,7.75,200.1
2026-05-04 22:00:00,26.88,3.8609,399.37,102.56,8.59,187.6
2026-05-04 23:00:00,26.222,4.0231,400.11,105.93,7.52,194.7
2026-05-05 00:00:00,30.639,3.9344,401.1,107.49,6.2,190.8
2026-05-05 01:00:00,32.66,3.8069,402.69,104.1,8.33,183.9
2026-05-05 02:00:00,30.701,3.8078,398.55,103.58,7.37,205.7
2026-05-05 03:00:00,31.241,3.961,401.12,102.42,7.87,188.3
2026-05-05 04:00:00,30.711,3.9461,401.99,103.52,8.39,181.4
2026-05-05 05:00:00,30.692,3.9657,403.33,105.4,9.29,190.6
2026-05-05 06:00:00,30.912,3.9153,403.13,106.17,8.04,189.8
2026-05-05 07:00:00,32.256,3.9297,400.73,102.95,7.91,191.6
2026-05-05 08:00:00,31.377,3.903,403.29,104.24,7.85,187.0
2026-05-05 09:00:00,31.5,3.9278,401.78,104.85,7.61,202.7
2026-05-05 10:00:00,30.142,3.7963,402.19,105.07,7.4,185.5
2026-05-05 11:00:00,32.028,3.9487,398.29,103.06,8.45,203.3
2026-05-05 12:00:00,33.159,3.9058,401.3,102.73,7.84,165.4
2026-05-05 13:00:00,29.349,3.9595,401.02,102.96,8.88,188.4
2026-05-05 14:00:00,30.652,3.8603,399.47,106.35,7.63,210.0
2026-05-05 15:00:00,31.745,3.9582,400.09,102.11,8.8,179.3
2026-05-05 16:00:00,32.186,3.9456,399.7,102.77,7.43,196.3
2026-05-05 17:00:00,30.344,3.7553,395.76,105.53,8.34,180.9
2026-05-05 18:00:00,30.761,3.8829,407.16,102.19,7.23,189.7
2026-05-05 19:00:00,31.505,3.875,402.51,104.05,7.5,183.7
2026-05-05 20:00:00,30.961,3.8949,401.17,105.86,7.82,198.0
2026-05-05 21:00:00,31.905,3.8733,393.49,104.12,8.22,202.9
2026-05-05 22:00:00,29.185,3.9311,399.42,104.58,8.95,193.6
2026-05-05 23:00:00,31.721,3.9168,396.58,104.46,7.7,193.7
2026-05-06 00:00:00,27.496,3.9371,400.78,103.81,7.71,200.0
2026-05-06 01:00:00,29.349,3.938,401.44,103.31,8.27,198.7
2026-05-06 02:00:00,28.653,3.9251,400.5,105.97,8.02,189.2
2026-05-06 03:00:00,28.437,3.8724,401.32,105.78,6.7,185.1
2026-05-06 04:00:00,29.31,3.9268,397.76,102.61,7.85,195.6
2026-05-06 05:00:00,29.475,3.8774,401.26,103.55,7.77,198.7
2026-05-06 06:00:00,29.042,3.935,401.63,103.42,7.54,192.2
2026-05-06 07:00:00,29.007,3.9758,401.24,104.23,7.18,186.6
2026-05-06 08:00:00,29.583,3.8326,396.2,104.88,8.39,184.9
2026-05-06 09:00:00,29.013,3.8772,399.77,105.46,8.64,212.6
2026-05-06 10:00:00,30.333,3.9221,399.58,105.59,8.3,193.5
2026-05-06 11:00:00,29.744,3.9045,398.4,104.9,7.79,184.1
2026-05-06 12:00:00,29.604,3.8556,396.34,106.94,8.66,187.9
2026-05-06 13:00:00,29.325,3.9043,398.15,103.07,7.1,195.1
2026-05-06 14:00:00,30.197,3.9743,400.74,106.29,8.2,201.8
2026-05-06 15:00:00,30.378,3.8848,400.88,103.9,7.6,192.7
2026-05-06 16:00:00,30.131,3.9754,398.83,104.17,9.59,185.8
2026-05-06 17:00:00,29.048,4.0054,399.81,105.36,8.05,176.3
2026-05-06 18:00:00,29.647,3.8202,395.94,106.06,8.64,190.0
2026-05-06 19:00:00,29.952,3.9665,401.56,102.3,7.26,201.8
2026-05-06 20:00:00,29.076,3.9653,397.56,105.09,6.65,197.7
2026-05-06 21:00:00,29.443,3.961,394.59,102.27,7.51,195.3
2026-05-06 22:00:00,30.512,3.9625,396.22,103.39,9.18,197.8
2026-05-06 23:00:00,27.967,3.9349,402.1,105.41,8.12,195.0
2026-05-07 00:00:00,30.013,3.9222,403.5,105.43,8.66,187.8
2026-05-07 01:00:00,29.773,3.9526,398.71,102.86,8.46,197.7
2026-05-07 02:00:00,28.504,3.9248,406.45,101.24,8.41,193.6
2026-05-07 03:00:00,29.224,3.9023,401.63,103.99,7.71,198.7
2026-05-07 04:00:00,30.84,3.8986,402.57,105.93,7.23,187.4
2026-05-07 05:00:00,28.493,3.8944,403.39,103.1,9.12,211.7
2026-05-07 06:00:00,28.49,3.9152,402.61,102.48,6.52,191.2
2026-05-07 07:00:00,28.371,3.9066,397.95,103.38,7.57,191.8
2026-05-07 08:00:00,29.913,3.9102,401.6,102.38,9.33,201.9
2026-05-07 09:00:00,30.537,3.9029,398.08,104.87,7.19,190.2
2026-05-07 10:00:00,28.939,3.8934,395.59,105.32,6.97,191.4
2026-05-07 11:00:00,28.945,3.8072,402.16,104.06,9.45,208.1
2026-05-07 12:00:00,28.377,3.799,400.05,105.39,7.88,208.0
2026-05-07 13:00:00,29.2,3.8657,399.37,104.32,8.89,184.9
2026-05-07 14:00:00,29.134,3.9354,399.1,104.2,8.74,195.4
2026-05-07 15:00:00,29.753,3.8742,395.85,102.71,7.69,195.1
2026-05-07 16:00:00,28.715,3.8624,398.74,104.49,7.67,201.1
2026-05-07 17:00:00,29.584,3.9163,398.17,106.58,8.32,199.8
2026-05-07 18:00:00,29.553,3.8814,398.93,103.53,8.67,195.0
2026-05-07 19:00:00,27.661,3.93,395.35,103.14,9.03,190.4
2026-05-07 20:00:00,28.846,3.7676,402.0,103.59,7.92,176.9
2026-05-07 21:00:00,28.205,3.8956,394.13,105.05,8.54,179.3
2026-05-07 22:00:00,28.242,3.9039,399.91,102.7,7.89,179.0
2026-05-07 23:00:00,27.649,3.9372,401.21,101.99,8.0,191.2
2026-05-08 00:00:00,32.53,3.9638,404.31,103.47,8.85,182.9
2026-05-08 01:00:00,30.162,4.008,397.17,105.98,7.58,183.6
2026-05-08 02:00:00,32.849,3.8018,400.09,104.7,7.36,179.1
2026-05-08 03:00:00,30.178,4.0076,394.31,102.22,7.67,175.9
2026-05-08 04:00:00,31.784,3.8511,398.42,103.76,7.27,192.9
2026-05-08 05:00:00,29.699,3.8897,402.26,105.4,6.89,173.7
2026-05-08 06:00:00,32.957,3.9421,393.84,105.33,8.19,194.4
2026-05-08 07:00:00,32.507,3.89,401.75,103.22,9.21,195.9
2026-05-08 08:00:00,32.274,3.9213,395.9,103.88,7.91,192.6
2026-05-08 09:00:00,30.269,3.8678,398.02,102.09,8.16,182.2
2026-05-08 10:00:00,32.32,3.8688,394.32,104.07,8.89,201.2
2026-05-08 11:00:00,30.314,3.8752,398.76,104.58,7.53,161.7
2026-05-08 12:00:00,32.002,3.925,396.26,103.59,7.53,179.1
2026-05-08 13:00:00,31.2,3.8368,399.22,104.85,8.61,207.9
2026-05-08 14:00:00,31.153,3.9232,401.5,102.97,6.38,179.0
2026-05-08 15:00:00,29.316,3.8999,404.35,104.94,9.78,192.8
2026-05-08 16:00:00,33.476,3.9923,402.11,106.69,7.61,177.8
2026-05-08 17:00:00,31.549,3.9779,402.07,105.13,8.05,184.1
2026-05-08 18:00:00,31.725,3.9377,398.6,105.98,9.41,169.7
2026-05-08 19:00:00,31.499,3.8321,398.74,104.12,8.56,195.6
2026-05-08 20:00:00,31.783,3.9134,397.77,104.55,7.71,196.2
2026-05-08 21:00:00,31.018,3.9046,394.93,104.49,7.58,192.2
2026-05-08 22:00:00,30.741,3.9924,403.92,107.19,7.54,195.0
2026-05-08 23:00:00,30.967,3.8636,401.66,102.89,9.83,188.7
2026-05-09 00:00:00,28.763,3.8799,399.53,103.37,9.12,201.1
2026-05-09 01:00:00,28.577,3.8728,400.29,104.95,7.31,194.3
2026-05-09 02:00:00,26.669,3.8705,398.45,103.58,9.43,175.7
2026-05-09 03:00:00,28.322,3.8749,396.79,102.98,6.84,192.9
2026-05-09 04:00:00,28.478,3.8389,400.62,103.91,5.8,187.7
2026-05-09 05:00:00,27.521,3.8481,396.24,100.62,7.07,166.4
2026-05-09 06:00:00,28.626,3.8454,402.17,103.33,8.1,182.9
2026-05-09 07:00:00,27.722,3.9016,398.62,104.68,6.96,181.3
2026-05-09 08:00:00,26.885,3.9739,404.4,103.94,8.25,185.4
2026-05-09 09:00:00,27.905,3.9971,400.83,103.89,7.65,193.7
2026-05-09 10:00:00,28.635,3.8697,399.23,104.96,8.07,184.8
2026-05-09 11:00:00,28.334,3.902,399.32,103.22,8.28,184.6
2026-05-09 12:00:00,27.159,3.8573,399.53,102.78,6.96,199.2
2026-05-09 13:00:00,26.871,3.8564,402.86,102.88,7.6,174.4
2026-05-09 14:00:00,28.096,3.8049,402.13,103.16,8.4,184.2
2026-05-09 15:00:00,26.98,3.86,403.87,104.22,7.79,201.5
2026-05-09 16:00:00,26.682,3.8785,402.64,102.52,8.26,185.6
2026-05-09 17:00:00,29.278,3.927,400.52,103.53,7.47,175.8
2026-05-09 18:00:00,27.296,3.7961,399.2,104.42,9.62,193.2
2026-05-09 19:00:00,29.432,3.8454,397.85,104.49,7.39,197.9
2026-05-09 20:00:00,28.858,3.8901,398.47,103.54,7.29,205.8
2026-05-09 21:00:00,28.147,3.9747,397.04,106.82,7.62,188.5
2026-05-09 22:00:00,28.642,3.9535,404.34,104.14,7.19,205.2
2026-05-09 23:00:00,28.014,3.841,396.08,103.34,6.19,186.8
2026-05-10 00:00:00,27.846,3.9715,402.28,103.67,6.1,178.1
2026-05-10 01:00:00,27.893,3.9294,394.66,103.4,6.78,203.3
2026-05-10 02:00:00,27.897,3.8475,400.18,102.77,7.55,189.9
2026-05-10 03:00:00,27.774,3.866,404.64,103.96,7.45,205.0
2026-05-10 04:00:00,28.708,3.9653,398.05,103.71,8.35,196.6
2026-05-10 05:00:00,27.966,3.9972,396.59,104.82,7.78,187.2
2026-05-10 06:00:00,28.19,4.0145,397.89,101.19,8.86,192.9
2026-05-10 07:00:00,28.678,3.9343,405.6,102.84,7.72,197.5
2026-05-10 08:00:00,28.081,3.9094,396.12,103.1,8.61,157.1
2026-05-10 09:00:00,28.627,3.7756,407.05,105.75,9.25,206.0
2026-05-10 10:00:00,27.557,3.9017,397.2,104.78,7.76,194.7
2026-05-10 11:00:00,27.882,3.9059,397.36,103.13,7.36,187.2
2026-05-10 12:00:00,28.7,3.9541,397.29,105.16,7.3,204.3
2026-05-10 13:00:00,28.284,3.8559,399.47,105.16,8.0,194.7
2026-05-10 14:00:00,28.282,4.0101,403.04,104.4,8.32,212.7
2026-05-10 15:00:00,28.633,3.911,397.07,105.46,7.52,188.2
2026-05-10 16:00:00,30.247,3.8572,403.07,103.29,6.79,183.2
2026-05-10 17:00:00,27.783,3.8919,398.84,103.31,7.79,200.6
2026-05-10 18:00:00,28.967,3.8587,400.04,103.28,8.88,175.1
2026-05-10 19:00:00,28.775,3.9341,398.79,103.24,8.25,174.5
2026-05-10 20:00:00,27.695,3.8266,401.22,102.42,7.69,168.7
2026-05-10 21:00:00,27.781,3.9487,401.08,105.92,5.72,162.0
2026-05-10 22:00:00,29.78,3.9193,395.78,105.22,8.36,193.8
2026-05-10 23:00:00,28.743,3.9427,401.83,104.4,8.4,192.6
2026-05-11 00:00:00,29.766,3.9014,399.13,104.28,8.56,188.7
2026-05-11 01:00:00,29.578,3.9848,405.43,104.19,7.42,204.4
2026-05-11 02:00:00,28.299,3.9769,403.81,103.26,7.89,179.4
2026-05-11 03:00:00,29.838,3.8441,395.73,104.24,7.47,188.6
2026-05-11 04:00:00,29.396,3.86,400.49,102.54,8.34,184.0
2026-05-11 05:00:00,30.717,3.8737,401.85,105.25,7.88,177.0
2026-05-11 06:00:00,30.291,3.8326,401.03,101.65,7.62,188.0
2026-05-11 07:00:00,29.099,3.9076,401.49,104.09,8.11,202.8
2026-05-11 08:00:00,30.292,3.9157,398.19,102.2,7.45,198.4
2026-05-11 09:00:00,29.727,3.9321,395.69,101.1,8.04,163.9
2026-05-11 10:00:00,29.337,3.8144,399.99,104.52,6.9,200.1
2026-05-11 11:00:00,29.897,3.8869,396.73,102.47,7.67,197.9
2026-05-11 12:00:00,29.506,3.8109,394.54,104.21,7.7,197.6
2026-05-11 13:00:00,30.065,3.9388,403.28,105.2,8.2,169.6
2026-05-11 14:00:00,30.25,3.9407,401.46,102.1,8.33,200.0
2026-05-11 15:00:00,30.044,3.8799,393.67,102.65,9.42,190.3
2026-05-11 16:00:00,30.541,3.8887,396.44,105.93,8.38,201.8
2026-05-11 17:00:00,29.748,3.8404,404.31,103.49,8.25,193.0
2026-05-11 18:00:00,30.45,3.923,404.07,103.79,8.84,205.7
2026-05-11 19:00:00,29.433,3.844,399.64,105.9,8.24,199.9
2026-05-11 20:00:00,29.674,3.8049,397.27,101.86,6.45,186.9
2026-05-11 21:00:00,30.632,3.9272,401.16,104.7,7.71,206.0
2026-05-11 22:00:00,30.369,3.93,393.42,105.48,8.9,189.1
2026-05-11 23:00:00,28.161,3.9454,398.56,103.51,7.69,187.1
2026-05-12 00:00:00,27.915,3.9166,403.72,103.87,7.05,185.9
2026-05-12 01:00:00,28.647,3.8858,400.83,103.76,7.95,189.9
2026-05-12 02:00:00,27.767,3.918,402.74,104.4,8.08,217.7
2026-05-12 03:00:00,29.15,4.0039,397.59,102.66,6.79,179.0
2026-05-12 04:00:00,27.993,3.8933,400.5,103.4,7.97,182.3
2026-05-12 05:00:00,28.0,3.8456,398.57,105.84,6.02,196.1
2026-05-12 06:00:00,29.404,3.8759,401.56,106.06,7.38,192.2
2026-05-12 07:00:00,28.381,3.8835,399.68,103.84,7.44,184.4
2026-05-12 08:00:00,29.824,3.9752,400.93,105.25,7.7,185.0
2026-05-12 09:00:00,29.009,3.9554,400.6,101.95,8.73,211.4
2026-05-12 10:00:00,29.155,3.8152,400.59,106.91,7.77,193.8
2026-05-12 11:00:00,28.592,3.9215,393.51,102.81,7.67,194.5
2026-05-12 12:00:00,28.93,3.8562,398.92,102.12,7.25,184.0
2026-05-12 13:00:00,29.083,3.9831,398.92,103.13,8.02,166.4
2026-05-12 14:00:00,29.404,3.9465,397.1,103.1,9.37,190.2
2026-05-12 15:00:00,28.395,3.8635,404.85,103.78,7.34,193.3
2026-05-12 16:00:00,30.383,3.8472,394.43,106.34,8.0,201.2
2026-05-12 17:00:00,29.559,3.8352,395.16,105.82,7.5,193.3
2026-05-12 18:00:00,27.881,3.9376,397.49,102.41,8.85,196.6
2026-05-12 19:00:00,28.699,3.9527,395.97,105.51,9.14,196.4
2026-05-12 20:00:00,28.597,3.8542,400.29,102.31,8.14,186.7
2026-05-12 21:00:00,28.67,3.9111,397.03,103.97,8.06,174.0
2026-05-12 22:00:00,30.14,3.8866,399.37,105.41,8.59,170.1
2026-05-12 23:00:00,30.468,3.9802,398.45,104.78,8.41,179.8
2026-05-13 00:00:00,27.272,3.9144,404.6,100.63,7.7,179.3
2026-05-13 01:00:00,28.221,3.8489,396.84,102.65,8.07,192.4
2026-05-13 02:00:00,27.418,3.8796,399.59,102.71,7.39,182.9
2026-05-13 03:00:00,26.196,4.0008,399.89,103.96,7.67,187.0
2026-05-13 04:00:00,28.424,3.9883,398.52,103.8,9.49,178.4
2026-05-13 05:00:00,27.165,3.935,398.03,105.42,6.83,197.0
2026-05-13 06:00:00,28.346,3.8413,401.51,106.38,7.63,190.3
2026-05-13 07:00:00,27.035,3.8295,399.83,106.57,7.9,203.2
2026-05-13 08:00:00,24.667,3.8906,392.73,102.2,8.17,203.9
2026-05-13 09:00:00,26.743,3.9735,399.67,103.59,6.78,177.4
2026-05-13 10:00:00,26.512,3.8923,405.21,106.6,8.86,190.8
2026-05-13 11:00:00,27.495,3.9636,395.65,103.76,8.64,179.4
2026-05-13 12:00:00,28.43,3.9231,401.01,104.37,7.64,194.4
2026-05-13 13:00:00,26.772,3.8717,399.63,105.96,7.15,197.6
2026-05-13 14:00:00,27.957,3.8911,398.72,104.78,7.47,173.0
2026-05-13 15:00:00,28.294,3.8284,398.06,102.82,7.84,198.4
2026-05-13 16:00:00,26.706,3.8823,400.79,103.0,8.37,202.2
2026-05-13 17:00:00,27.492,3.9924,401.86,104.9,5.83,184.1
2026-05-13 18:00:00,27.896,3.8361,399.23,105.2,8.87,191.5
2026-05-13 19:00:00,27.097,3.9183,393.77,104.27,7.28,186.6
2026-05-13 20:00:00,25.933,3.8001,399.15,104.63,8.27,175.2
2026-05-13 21:00:00,26.423,3.8448,400.97,105.31,8.37,194.8
2026-05-13 22:00:00,28.436,3.8931,399.5,105.39,6.86,177.3
2026-05-13 23:00:00,27.137,3.992,397.06,104.07,7.38,196.7
2026-05-14 00:00:00,29.511,3.9024,398.06,103.38,6.6,178.7
2026-05-14 01:00:00,29.604,3.766,404.36,102.47,8.33,205.2
2026-05-14 02:00:00,26.711,3.8232,397.27,103.94,8.86,208.6
2026-05-14 03:00:00,28.771,3.968,399.27,103.42,8.75,180.9
2026-05-14 04:00:00,27.996,3.9571,400.8,104.01,8.18,169.3
2026-05-14 05:00:00,29.673,3.9927,399.92,104.88,8.17,202.3
2026-05-14 06:00:00,29.732,3.7886,402.43,105.49,6.41,187.6
2026-05-14 07:00:00,29.974,3.9716,398.12,107.88,8.41,191.3
2026-05-14 08:00:00,29.615,3.9293,402.69,102.54,8.54,195.3
2026-05-14 09:00:00,31.837,3.9239,399.53,103.08,8.18,188.0
2026-05-14 10:00:00,27.966,3.8379,399.31,103.45,9.24,199.8
2026-05-14 11:00:00,29.26,3.9509,399.23,102.4,6.63,190.9
2026-05-14 12:00:00,29.634,3.952,392.24,102.66,8.0,187.8
2026-05-14 13:00:00,27.326,3.8964,398.77,105.4,7.08,205.8
2026-05-14 14:00:00,28.222,3.9854,399.89,105.4,7.78,178.0
2026-05-14 15:00:00,30.312,3.8804,403.22,102.66,7.27,188.7
2026-05-14 16:00:00,30.339,3.8753,406.96,104.1,9.29,175.8
2026-05-14 17:00:00,28.92,3.9483,403.9,103.52,9.86,180.5
2026-05-14 18:00:00,29.48,3.9787,403.11,104.62,8.96,184.0
2026-05-14 19:00:00,30.044,3.8334,397.29,105.69,8.78,188.7
2026-05-14 20:00:00,28.3,3.8927,398.25,106.44,9.98,182.0
2026-05-14 21:00:00,29.576,3.9247,401.94,104.66,8.77,168.4
2026-05-14 22:00:00,28.783,3.8712,399.01,102.15,7.6,186.1
2026-05-14 23:00:00,29.648,3.9189,396.84,102.22,6.72,184.5
2026-05-15 00:00:00,30.085,3.873,402.3,104.29,8.71,193.2
2026-05-15 01:00:00,31.03,3.9508,403.16,107.87,8.01,185.3
2026-05-15 02:00:00,29.02,3.9531,405.33,104.14,7.77,181.1
2026-05-15 03:00:00,30.652,3.7765,402.4,102.84,8.43,208.0
2026-05-15 04:00:00,29.049,3.8825,397.18,102.51,8.77,199.4
2026-05-15 05:00:00,31.18,3.9261,398.91,104.38,8.69,198.9
2026-05-15 06:00:00,30.304,3.9247,398.17,101.86,9.56,190.9
2026-05-15 07:00:00,30.637,3.865,400.45,103.28,8.61,205.1
2026-05-15 08:00:00,30.168,3.8603,399.93,104.27,7.7,176.1
2026-05-15 09:00:00,30.942,3.9071,399.9,103.13,8.04,188.2
2026-05-15 10:00:00,29.853,3.9064,399.46,104.58,7.85,194.8
2026-05-15 11:00:00,29.212,3.9,395.23,106.44,7.96,195.2
2026-05-15 12:00:00,30.369,3.9136,400.74,103.56,6.78,181.7
2026-05-15 13:00:00,30.882,3.9328,398.82,102.92,7.94,183.8
2026-05-15 14:00:00,31.047,3.7984,396.33,105.34,8.13,213.4
2026-05-15 15:00:00,29.672,3.9638,400.79,106.59,9.25,180.6
2026-05-15 16:00:00,29.983,3.8761,407.47,105.01,7.09,172.9
2026-05-15 17:00:00,31.079,3.9163,398.75,104.46,6.67,191.8
2026-05-15 18:00:00,30.992,3.9218,398.11,104.34,7.69,167.1
2026-05-15 19:00:00,28.447,3.9432,396.86,105.09,7.33,195.3
2026-05-15 20:00:00,31.919,4.0175,399.38,106.61,8.38,158.1
2026-05-15 21:00:00,28.358,3.9304,403.88,103.66,7.96,183.0
2026-05-15 22:00:00,29.923,3.96,399.44,103.1,8.48,183.8
2026-05-15 23:00:00,30.918,3.8788,401.15,103.68,6.62,200.2
2026-05-16 00:00:00,31.298,3.904,398.55,105.92,7.28,193.9
2026-05-16 01:00:00,31.038,3.9326,399.45,103.45,9.54,181.8
2026-05-16 02:00:00,28.883,3.8244,400.08,102.77,8.62,201.1
2026-05-16 03:00:00,28.843,3.8094,399.07,104.25,6.96,184.6
2026-05-16 04:00:00,28.783,3.931,404.06,104.29,8.31,196.0
2026-05-16 05:00:00,31.672,3.9539,402.15,105.39,6.97,195.7
2026-05-16 06:00:00,29.914,3.9273,400.38,104.22,8.53,193.1
2026-05-16 07:00:00,30.324,3.9994,400.64,104.88,7.87,185.2
2026-05-16 08:00:00,29.91,3.9084,400.3,105.09,7.72,203.2
2026-05-16 09:00:00,31.476,3.7844,395.77,103.38,8.12,195.4
2026-05-16 10:00:00,30.907,3.8866,405.04,102.11,7.65,183.3
2026-05-16 11:00:00,30.666,3.9184,400.1,104.71,8.0,202.7
2026-05-16 12:00:00,30.031,3.8748,401.64,104.54,8.35,190.2
2026-05-16 13:00:00,29.317,3.9156,397.83,105.09,8.28,190.9
2026-05-16 14:00:00,30.135,3.9481,399.89,101.88,8.79,208.9
2026-05-16 15:00:00,31.402,3.9181,397.7,103.57,8.61,198.8
2026-05-16 16:00:00,30.661,3.9522,405.61,104.17,8.57,195.9
2026-05-16 17:00:00,31.171,3.9669,398.38,102.5,7.68,184.7
2026-05-16 18:00:00,29.954,3.9385,402.75,102.72,6.26,170.8
2026-05-16 19:00:00,30.452,3.8944,396.61,104.09,8.73,190.1
2026-05-16 20:00:00,31.034,3.8006,401.5,103.13,8.08,174.5
2026-05-16 21:00:00,29.832,3.856,396.9,104.17,7.8,188.7
2026-05-16 22:00:00,31.556,3.9234,401.09,104.95,8.15,200.8
2026-05-16 23:00:00,31.002,3.8821,399.27,104.97,7.41,190.2
2026-05-17 00:00:00,28.282,3.8891,399.66,104.67,8.83,207.9
2026-05-17 01:00:00,28.684,3.9351,402.82,101.7,7.03,197.7
2026-05-17 02:00:00,28.645,3.8764,402.21,103.01,7.1,193.6
2026-05-17 03:00:00,28.62,3.9346,408.2,103.36,8.68,184.6
2026-05-17 04:00:00,28.214,3.9003,404.66,103.69,6.69,162.3
2026-05-17 05:00:00,29.379,3.9066,403.36,103.56,7.09,182.1
2026-05-17 06:00:00,29.249,3.8594,401.64,105.67,6.64,204.0
2026-05-17 07:00:00,28.55,3.9136,400.19,105.46,7.69,199.2
2026-05-17 08:00:00,28.48,3.9266,398.61,105.92,8.56,184.0
2026-05-17 09:00:00,28.371,3.8883,401.34,105.24,6.62,195.0
2026-05-17 10:00:00,29.195,3.9246,399.85,105.18,7.3,184.9
2026-05-17 11:00:00,27.757,3.8476,401.01,104.44,8.33,198.8
2026-05-17 12:00:00,27.97,3.9028,396.55,102.56,6.9,199.5
2026-05-17 13:00:00,28.577,3.8499,398.76,102.37,6.43,199.6
2026-05-17 14:00:00,28.59,3.9763,399.74,103.85,7.53,182.9
2026-05-17 15:00:00,27.882,3.8606,398.94,104.37,7.57,207.5
2026-05-17 16:00:00,28.018,3.956,405.15,103.35,9.01,195.6
2026-05-17 17:00:00,27.453,3.8828,391.56,102.97,8.27,183.5
2026-05-17 18:00:00,28.244,3.8846,398.81,103.8,7.68,186.6
2026-05-17 19:00:00,28.82,4.0061,398.17,104.02,7.74,184.6
2026-05-17 20:00:00,28.608,3.9068,404.09,105.67,7.58,175.6
2026-05-17 21:00:00,28.551,3.943,401.93,104.18,7.97,189.7
2026-05-17 22:00:00,28.102,3.9087,401.52,103.51,7.0,193.6
2026-05-17 23:00:00,27.735,3.9111,398.79,101.5,7.83,189.6
2026-05-18 00:00:00,29.86,3.928,400.95,104.47,8.95,180.6
2026-05-18 01:00:00,30.635,3.9792,400.77,102.96,9.15,187.5
2026-05-18 02:00:00,29.414,3.9019,400.92,103.49,8.43,192.6
2026-05-18 03:00:00,28.976,3.9379,401.59,103.46,7.8,196.9
2026-05-18 04:00:00,28.02,3.9149,400.64,102.15,7.69,204.8
2026-05-18 05:00:00,29.848,3.8575,399.45,103.54,7.53,183.4
2026-05-18 06:00:00,29.154,3.8835,404.75,106.74,8.21,188.7
2026-05-18 07:00:00,28.043,3.8708,398.27,104.38,9.42,186.5
2026-05-18 08:00:00,30.51,3.9135,401.18,104.03,6.08,182.9
2026-05-18 09:00:00,29.029,3.9281,397.5,103.52,7.15,187.8
2026-05-18 10:00:00,28.589,3.9398,397.61,102.63,7.94,201.4
2026-05-18 11:00:00,29.241,3.898,401.94,104.11,8.63,197.9
2026-05-18 12:00:00,29.266,3.8209,401.02,105.0,8.91,183.4
2026-05-18 13:00:00,28.498,3.9138,400.02,104.23,7.6,189.7
2026-05-18 14:00:00,29.175,3.7869,403.15,103.33,6.63,174.0
2026-05-18 15:00:00,29.142,3.8191,398.81,102.35,7.66,184.8
2026-05-18 16:00:00,30.713,3.9169,403.82,102.05,7.78,179.3
2026-05-18 17:00:00,29.656,3.9728,400.19,101.48,7.84,199.8
2026-05-18 18:00:00,30.461,3.88,399.75,102.37,6.64,185.4
2026-05-18 19:00:00,30.259,3.8609,401.32,104.31,7.61,182.7
2026-05-18 20:00:00,27.75,3.8824,401.31,105.01,8.09,190.6
2026-05-18 21:00:00,27.824,3.8353,397.91,103.29,6.85,183.0
2026-05-18 22:00:00,28.908,3.9037,399.89,101.97,7.25,198.7
2026-05-18 23:00:00,28.328,3.9098,404.12,106.17,6.87,188.9
2026-05-19 00:00:00,32.791,3.8594,402.36,104.15,8.97,177.1
2026-05-19 01:00:00,30.902,3.8877,399.76,105.82,7.66,194.3
2026-05-19 02:00:00,34.438,3.7706,399.38,103.1,7.08,183.8
2026-05-19 03:00:00,33.011,3.9999,396.91,103.3,8.77,214.0
2026-05-19 04:00:00,31.914,3.9263,397.76,106.23,8.55,193.1
2026-05-19 05:00:00,34.365,3.9076,399.72,104.61,6.72,189.2
2026-05-19 06:00:00,34.302,3.7644,394.62,104.88,8.44,190.0
2026-05-19 07:00:00,33.86,3.8882,403.84,102.31,9.21,188.5
2026-05-19 08:00:00,32.483,3.9334,398.69,106.6,7.63,177.3
2026-05-19 09:00:00,31.242,3.9086,406.53,105.11,7.95,166.1
2026-05-19 10:00:00,31.895,3.9203,398.3,103.91,7.96,195.5
2026-05-19 11:00:00,32.634,3.9298,403.25,103.75,8.44,187.9
2026-05-19 12:00:00,32.713,3.9088,399.01,102.79,7.83,187.0
2026-05-19 13:00:00,34.159,3.9602,394.83,101.15,7.35,200.6
2026-05-19 14:00:00,32.018,3.8393,394.0,102.67,7.72,199.4
2026-05-19 15:00:00,35.089,3.9002,401.18,104.8,8.08,194.1
2026-05-19 16:00:00,31.58,3.9275,402.29,101.59,7.18,192.2
2026-05-19 17:00:00,33.666,3.9278,404.48,105.04,9.85,186.1
2026-05-19 18:00:00,32.335,3.829,402.26,105.99,7.36,189.8
2026-05-19 19:00:00,31.945,3.9788,400.59,105.42,7.27,192.4
2026-05-19 20:00:00,34.5,3.9129,395.23,102.76,7.72,195.4
2026-05-19 21:00:00,33.618,3.9477,399.67,102.07,8.83,194.0
2026-05-19 22:00:00,31.693,3.8936,396.33,107.57,7.82,190.3
2026-05-19 23:00:00,34.281,3.8357,402.07,103.81,8.35,175.6
2026-05-20 00:00:00,31.986,3.8252,400.25,104.6,8.46,199.1
2026-05-20 01:00:00,29.947,3.9882,399.51,104.18,8.82,208.3
2026-05-20 02:00:00,30.759,3.9019,400.64,106.09,8.32,212.5
2026-05-20 03:00:00,32.264,3.8722,398.23,103.82,8.01,183.6
2026-05-20 04:00:00,31.779,3.9484,399.12,105.6,8.58,194.3
2026-05-20 05:00:00,32.94,3.9741,396.62,104.46,8.48,179.3
2026-05-20 06:00:00,30.09,3.8953,397.2,103.73,7.03,197.1
2026-05-20 07:00:00,30.446,3.8305,399.13,104.13,7.16,193.8
2026-05-20 08:00:00,30.407,3.9884,401.3,104.74,8.1,191.2
2026-05-20 09:00:00,30.046,3.9167,402.09,102.72,8.17,179.0
2026-05-20 10:00:00,32.373,3.904,404.81,105.33,7.6,192.6
2026-05-20 11:00:00,33.322,3.9688,398.63,102.53,7.54,181.6
2026-05-20 12:00:00,31.058,4.0486,401.46,106.3,7.22,194.9
2026-05-20 13:00:00,32.388,3.8136,397.92,101.6,6.87,181.5
2026-05-20 14:00:00,32.228,3.9492,398.5,102.49,9.23,189.9
2026-05-20 15:00:00,31.288,3.991,399.34,102.07,8.84,184.9
2026-05-20 16:00:00,30.082,3.95,397.3,103.11,8.51,202.0
2026-05-20 17:00:00,29.586,3.9188,402.92,106.04,7.96,181.9
2026-05-20 18:00:00,31.952,3.8249,404.24,103.31,6.86,193.2
2026-05-20 19:00:00,32.601,3.9303,396.38,106.29,8.37,190.1
2026-05-20 20:00:00,31.395,3.9548,401.46,104.08,8.17,192.3
2026-05-20 21:00:00,31.608,3.8987,400.6,106.16,7.16,172.3
2026-05-20 22:00:00,30.761,3.9203,398.73,104.02,8.55,193.5
2026-05-20 23:00:00,31.959,3.94,401.55,103.32,7.66,188.7
2026-05-21 00:00:00,32.603,3.8789,396.79,102.96,6.58,175.8
2026-05-21 01:00:00,34.952,3.8242,401.06,104.77,8.77,185.8
2026-05-21 02:00:00,33.916,3.8904,400.61,104.45,8.68,189.3
2026-05-21 03:00:00,33.111,3.862,396.68,103.97,8.47,186.0
2026-05-21 04:00:00,34.162,3.9593,397.79,105.62,8.17,180.5
2026-05-21 05:00:00,32.81,3.9121,399.64,104.94,6.47,201.1
2026-05-21 06:00:00,34.81,3.8424,397.89,106.88,8.63,188.1
2026-05-21 07:00:00,33.334,3.9002,402.25,103.53,8.36,184.0
2026-05-21 08:00:00,31.643,3.9052,398.31,105.77,8.22,196.6
2026-05-21 09:00:00,32.369,3.938,394.74,105.39,8.16,199.4
2026-05-21 10:00:00,35.258,3.9578,397.15,102.38,8.22,192.5
2026-05-21 11:00:00,34.023,3.8508,396.56,104.05,9.22,180.1
2026-05-21 12:00:00,34.056,3.9218,398.98,99.86,8.44,169.5
2026-05-21 13:00:00,33.516,3.8229,397.55,105.39,6.32,176.2
2026-05-21 14:00:00,32.918,3.8527,399.97,103.68,8.09,189.8
2026-05-21 15:00:00,33.678,3.982,396.86,104.32,7.87,197.1
2026-05-21 16:00:00,30.743,3.8559,401.07,103.82,8.96,173.2
2026-05-21 17:00:00,36.018,3.9206,398.81,102.74,7.18,182.9
2026-05-21 18:00:00,33.691,3.8532,401.07,103.21,8.45,181.0
2026-05-21 19:00:00,33.781,3.8572,403.27,103.88,8.2,207.0
2026-05-21 20:00:00,33.871,3.8613,399.41,103.26,8.52,208.4
2026-05-21 21:00:00,35.466,3.8932,400.09,105.68,8.58,166.3
2026-05-21 22:00:00,32.805,3.8762,397.89,104.08,8.4,177.9
2026-05-21 23:00:00,34.544,3.8998,402.05,106.78,7.61,170.8
2026-05-22 00:00:00,32.861,3.897,398.59,103.65,7.18,195.2
2026-05-22 01:00:00,34.775,3.9381,397.15,104.07,8.35,180.0
2026-05-22 02:00:00,33.252,3.8585,404.93,105.32,8.16,169.8
2026-05-22 03:00:00,34.02,3.8423,402.81,105.85,8.98,190.5
2026-05-22 04:00:00,32.434,3.9159,401.13,99.26,7.42,196.9
2026-05-22 05:00:00,32.981,3.9656,400.28,104.79,8.4,195.1
2026-05-22 06:00:00,34.689,3.8857,397.07,101.87,8.12,177.7
2026-05-22 07:00:00,32.271,3.9127,398.96,103.72,9.41,193.8
2026-05-22 08:00:00,32.81,3.8995,396.74,104.2,8.42,204.3
2026-05-22 09:00:00,33.775,3.9069,401.02,104.37,7.69,170.8
2026-05-22 10:00:00,32.844,3.922,401.83,104.27,7.85,184.5
2026-05-22 11:00:00,33.011,3.8347,406.11,103.52,8.11,194.4
2026-05-22 12:00:00,32.402,3.8461,397.93,103.98,8.58,183.2
2026-05-22 13:00:00,32.781,3.856,400.63,104.24,8.63,202.2
2026-05-22 14:00:00,33.827,3.8877,398.41,104.39,7.85,193.8
2026-05-22 15:00:00,34.183,3.8679,401.76,104.15,6.82,198.7
2026-05-22 16:00:00,33.268,3.8669,401.87,105.44,7.19,188.0
2026-05-22 17:00:00,32.005,3.8843,400.58,104.23,7.97,204.6
2026-05-22 18:00:00,34.153,3.9153,400.84,104.0,7.53,181.4
2026-05-22 19:00:00,33.179,3.9293,398.18,101.04,8.51,187.4
2026-05-22 20:00:00,34.068,3.9119,396.75,102.43,7.61,168.0
2026-05-22 21:00:00,35.355,3.8739,398.81,102.0,8.08,197.6
2026-05-22 22:00:00,34.927,3.876,404.59,104.55,6.89,202.0
2026-05-22 23:00:00,32.801,3.9302,401.43,103.64,7.71,197.5
2026-05-23 00:00:00,31.008,3.8544,403.68,103.82,9.29,176.0
2026-05-23 01:00:00,31.593,3.9036,397.32,106.1,7.98,172.2
2026-05-23 02:00:00,32.187,3.8278,400.43,104.72,9.9,185.4
2026-05-23 03:00:00,31.731,3.8739,398.17,105.07,8.92,198.2
2026-05-23 04:00:00,29.219,3.9419,399.59,102.26,7.33,168.4
2026-05-23 05:00:00,32.135,3.8929,400.47,102.83,7.26,196.1
2026-05-23 06:00:00,32.386,3.897,399.62,105.01,9.49,193.2
2026-05-23 07:00:00,31.594,3.8863,401.61,103.69,8.21,195.9
2026-05-23 08:00:00,31.066,3.9625,406.42,103.02,8.71,173.5
2026-05-23 09:00:00,32.423,3.8122,404.21,105.51,6.66,184.8
2026-05-23 10:00:00,29.827,3.998,404.82,104.4,7.14,192.4
2026-05-23 11:00:00,31.855,3.9596,406.49,105.68,8.91,190.7
2026-05-23 12:00:00,31.5,3.95,400.21,103.46,7.15,178.8
2026-05-23 13:00:00,31.029,3.8452,396.32,103.76,7.13,191.4
2026-05-23 14:00:00,31.743,3.9131,396.11,105.02,7.07,184.6
2026-05-23 15:00:00,31.963,3.8579,406.88,104.58,8.17,202.7
2026-05-23 16:00:00,29.736,3.9594,397.17,102.77,6.35,200.3
2026-05-23 17:00:00,31.581,3.8219,399.66,105.81,7.31,192.4
2026-05-23 18:00:00,30.688,3.8901,405.88,104.04,7.49,202.3
2026-05-23 19:00:00,29.953,3.9028,402.48,101.59,8.51,212.7
2026-05-23 20:00:00,33.144,3.8518,401.82,103.22,7.65,207.0
2026-05-23 21:00:00,31.828,3.9007,400.12,102.37,6.96,187.2
2026-05-23 22:00:00,31.893,3.8981,404.83,105.08,7.65,188.3
2026-05-23 23:00:00,33.511,3.9847,402.32,102.33,7.4,186.5
2026-05-24 00:00:00,31.165,3.9168,401.95,101.07,8.11,200.5
2026-05-24 01:00:00,31.26,3.902,398.96,103.54,7.19,189.4
2026-05-24 02:00:00,31.884,3.9,404.53,103.54,7.61,201.8
2026-05-24 03:00:00,29.734,3.8797,395.9,104.01,7.25,182.3
2026-05-24 04:00:00,30.067,3.8703,402.16,105.88,10.81,193.3
2026-05-24 05:00:00,31.844,3.8559,400.78,103.67,8.14,193.7
2026-05-24 06:00:00,30.481,3.8785,397.93,103.29,8.37,174.7
2026-05-24 07:00:00,32.315,3.9518,397.54,105.63,8.43,180.1
2026-05-24 08:00:00,30.005,3.9201,397.74,104.31,7.66,204.9
2026-05-24 09:00:00,29.566,3.9732,398.06,104.34,9.64,179.4
2026-05-24 10:00:00,29.62,3.8442,393.44,103.04,9.97,183.3
2026-05-24 11:00:00,30.481,3.9415,401.83,100.85,8.4,207.4
2026-05-24 12:00:00,32.203,3.8158,400.89,105.88,8.7,183.9
2026-05-24 13:00:00,31.077,3.9212,398.66,104.27,8.14,183.5
2026-05-24 14:00:00,30.47,3.8689,404.7,104.47,8.8,194.0
2026-05-24 15:00:00,31.71,3.8773,400.86,102.26,8.27,192.9
2026-05-24 16:00:00,29.18,3.8096,396.8,104.78,7.38,185.5
2026-05-24 17:00:00,28.825,4.0619,399.04,102.01,6.75,201.2
2026-05-24 18:00:00,30.614,3.9124,400.88,103.74,8.49,212.6
2026-05-24 19:00:00,30.28,3.902,402.02,104.6,9.1,193.4
2026-05-24 20:00:00,30.385,3.9407,395.44,104.14,8.27,209.2
2026-05-24 21:00:00,30.166,3.8914,399.95,102.04,7.87,186.7
2026-05-24 22:00:00,30.337,3.912,405.38,103.35,8.57,192.2
2026-05-24 23:00:00,30.452,3.9352,404.08,105.16,8.23,195.6
2026-05-25 00:00:00,29.378,3.9498,401.03,103.73,7.59,193.4
2026-05-25 01:00:00,28.651,3.8769,395.84,106.23,9.28,194.5
2026-05-25 02:00:00,28.897,3.8945,405.32,105.16,8.96,214.1
2026-05-25 03:00:00,31.54,3.9571,401.29,103.59,8.08,198.5
2026-05-25 04:00:00,30.827,3.9217,400.42,105.06,9.61,196.8
2026-05-25 05:00:00,28.519,3.9072,401.08,105.81,7.28,184.9
2026-05-25 06:00:00,28.882,3.9795,400.91,105.29,8.78,189.4
2026-05-25 07:00:00,28.193,3.9917,394.84,104.43,8.46,188.5
2026-05-25 08:00:00,30.108,3.9124,401.02,104.77,6.65,174.2
2026-05-25 09:00:00,30.798,3.8415,400.88,106.39,8.29,178.8
2026-05-25 10:00:00,29.893,3.8992,399.78,104.85,7.53,193.9
2026-05-25 11:00:00,30.96,3.8848,401.73,106.27,8.47,185.9
2026-05-25 12:00:00,27.852,3.8352,401.43,103.82,8.09,224.7
2026-05-25 13:00:00,30.389,3.879,404.81,106.33,8.12,196.0
2026-05-25 14:00:00,30.135,3.8971,397.4,105.96,8.85,182.7
2026-05-25 15:00:00,30.162,3.8706,396.96,104.93,8.02,190.3
2026-05-25 16:00:00,30.027,3.9316,402.13,102.96,8.13,197.7
2026-05-25 17:00:00,28.697,3.9147,396.55,104.05,8.65,193.4
2026-05-25 18:00:00,29.816,3.906,397.26,105.8,7.17,171.9
2026-05-25 19:00:00,29.432,3.8599,401.48,103.53,7.18,179.4
2026-05-25 20:00:00,28.74,3.8211,399.8,106.43,7.28,181.2
2026-05-25 21:00:00,29.513,3.8879,399.75,105.96,7.9,189.7
2026-05-25 22:00:00,29.745,3.8433,396.91,100.63,7.45,182.1
2026-05-25 23:00:00,29.662,3.9498,393.57,105.08,9.36,189.2
2026-05-26 00:00:00,31.036,3.9829,402.15,104.64,7.32,184.5
2026-05-26 01:00:00,31.679,3.9492,400.42,106.04,9.27,171.8
2026-05-26 02:00:00,30.721,3.8764,401.17,107.86,7.36,182.7
2026-05-26 03:00:00,31.687,3.8546,399.01,105.72,9.18,207.0
2026-05-26 04:00:00,32.062,3.8894,399.98,105.98,7.69,197.8
2026-05-26 05:00:00,30.487,3.9524,402.36,102.14,7.68,185.6
2026-05-26 06:00:00,31.782,3.8875,393.61,103.96,8.2,178.0
2026-05-26 07:00:00,32.211,3.9596,395.92,104.16,6.05,181.3
2026-05-26 08:00:00,29.78,3.8917,400.54,104.33,7.58,184.8
2026-05-26 09:00:00,31.423,3.8733,404.55,103.84,7.89,196.6
2026-05-26 10:00:00,30.672,3.9514,402.65,104.48,7.08,189.1
2026-05-26 11:00:00,30.763,3.9152,400.75,103.71,7.94,189.0
2026-05-26 12:00:00,30.203,3.8894,398.06,104.02,6.97,208.5
2026-05-26 13:00:00,31.996,3.9174,398.49,104.8,7.74,200.6
2026-05-26 14:00:00,31.082,3.8986,393.97,102.81,8.22,178.1
2026-05-26 15:00:00,30.78,3.9441,404.41,103.23,5.55,190.3
2026-05-26 16:00:00,31.521,3.8209,403.77,103.85,9.28,189.4
2026-05-26 17:00:00,31.132,3.8476,402.19,104.42,7.45,196.2
2026-05-26 18:00:00,30.544,3.9816,401.69,104.01,7.86,208.4
2026-05-26 19:00:00,31.068,3.9245,396.95,105.16,8.09,182.6
2026-05-26 20:00:00,30.072,3.9531,400.07,104.96,8.6,205.5
2026-05-26 21:00:00,32.237,3.8784,399.3,100.96,8.02,192.9
2026-05-26 22:00:00,29.484,3.8999,400.06,103.86,8.11,178.3
2026-05-26 23:00:00,30.964,4.0048,399.71,103.19,7.76,204.8
2026-05-27 00:00:00,29.662,3.9942,398.25,104.77,8.6,181.3
2026-05-27 01:00:00,30.645,3.9387,399.58,101.6,8.36,178.1
2026-05-27 02:00:00,31.41,3.8969,395.35,105.27,8.11,201.2
2026-05-27 03:00:00,31.037,3.8646,394.1,103.88,7.05,184.5
2026-05-27 04:00:00,28.84,3.8027,399.96,104.34,9.6,202.6
2026-05-27 05:00:00,29.938,3.9427,399.15,101.19,8.41,181.5
2026-05-27 06:00:00,29.881,3.8464,399.64,103.36,7.65,189.3
2026-05-27 07:00:00,31.509,3.8644,398.22,104.1,8.24,195.9
2026-05-27 08:00:00,32.267,3.7714,403.22,104.49,8.84,180.3
2026-05-27 09:00:00,31.087,3.9714,404.57,105.82,8.21,180.6
2026-05-27 10:00:00,30.838,3.797,398.78,102.01,7.71,186.4
2026-05-27 11:00:00,31.4,3.9315,401.16,104.59,8.21,206.0
2026-05-27 12:00:00,30.742,3.8744,397.03,104.12,8.62,207.7
2026-05-27 13:00:00,30.699,3.9419,399.27,105.25,7.02,194.4
2026-05-27 14:00:00,31.542,3.8067,399.26,102.48,8.08,193.8
2026-05-27 15:00:00,31.036,3.9322,400.8,104.91,7.8,197.0
2026-05-27 16:00:00,29.802,3.9353,398.04,103.57,8.16,192.8
2026-05-27 17:00:00,31.919,3.8776,400.9,102.29,6.87,206.1
2026-05-27 18:00:00,30.807,3.9357,400.19,101.95,8.71,198.1
2026-05-27 19:00:00,31.774,3.9798,399.43,104.19,7.47,186.0
2026-05-27 20:00:00,30.263,3.8585,398.37,104.18,7.35,183.8
2026-05-27 21:00:00,30.216,3.8278,397.55,103.66,8.29,200.1
2026-05-27 22:00:00,31.699,3.8907,398.69,103.56,7.91,177.9
2026-05-27 23:00:00,31.454,3.8987,399.25,102.56,9.01,205.8
2026-05-28 00:00:00,27.89,3.9877,399.04,105.08,6.62,190.9
2026-05-28 01:00:00,29.713,3.8961,403.17,104.31,8.85,210.3
2026-05-28 02:00:00,28.055,3.907,397.11,101.03,7.18,194.0
2026-05-28 03:00:00,29.574,3.9311,400.69,103.74,7.35,189.8
2026-05-28 04:00:00,28.568,3.7884,403.05,103.21,6.82,195.3
2026-05-28 05:00:00,29.134,3.99,398.27,102.6,8.83,185.8
2026-05-28 06:00:00,29.796,3.9242,395.02,102.2,6.96,202.7
2026-05-28 07:00:00,29.447,3.9268,395.95,104.41,5.04,190.3
2026-05-28 08:00:00,28.737,3.9542,401.41,102.37,7.9,177.6
2026-05-28 09:00:00,28.432,3.863,408.71,102.79,7.52,190.3
2026-05-28 10:00:00,30.489,3.8444,403.69,105.35,7.25,185.3
2026-05-28 11:00:00,30.506,3.7932,395.37,100.66,7.21,189.5
2026-05-28 12:00:00,27.812,3.9153,400.45,104.89,7.78,187.6
2026-05-28 13:00:00,28.187,3.956,400.21,105.57,7.24,190.3
2026-05-28 14:00:00,28.73,3.8412,398.29,101.24,7.21,211.5
2026-05-28 15:00:00,28.854,3.8254,401.99,105.67,9.57,195.7
2026-05-28 16:00:00,29.629,3.907,397.25,104.31,7.75,176.4
2026-05-28 17:00:00,30.39,3.8863,396.91,103.33,8.78,187.4
2026-05-28 18:00:00,28.166,3.9661,397.46,105.16,8.02,183.7
2026-05-28 19:00:00,29.753,3.9363,402.37,104.01,7.85,155.9
2026-05-28 20:00:00,28.523,3.8835,402.83,107.7,8.02,215.5
2026-05-28 21:00:00,28.737,3.9571,403.66,101.2,9.44,178.3
2026-05-28 22:00:00,28.701,3.8522,397.8,102.1,7.66,205.1
2026-05-28 23:00:00,27.756,3.9535,401.35,105.15,8.38,198.8
2026-05-29 00:00:00,29.808,3.845,395.28,105.56,8.41,206.9
2026-05-29 01:00:00,29.19,3.8892,397.06,100.97,8.24,205.5
2026-05-29 02:00:00,28.982,3.941,402.51,101.47,8.22,178.2
2026-05-29 03:00:00,29.298,3.9295,399.09,103.87,8.9,211.2
2026-05-29 04:00:00,28.23,3.8791,397.61,102.31,8.4,183.4
2026-05-29 05:00:00,30.156,3.9594,399.57,102.32,8.04,189.4
2026-05-29 06:00:00,28.521,3.9641,399.43,102.28,8.48,174.3
2026-05-29 07:00:00,30.111,3.887,404.37,104.09,6.73,182.8
2026-05-29 08:00:00,29.379,3.871,399.2,104.75,6.73,184.3
2026-05-29 09:00:00,28.098,3.8982,401.9,103.68,7.1,183.9
2026-05-29 10:00:00,28.611,3.9159,401.39,104.4,8.5,179.6
2026-05-29 11:00:00,28.064,3.8181,402.24,104.16,7.14,196.1
2026-05-29 12:00:00,28.68,3.8678,396.79,104.12,8.2,191.3
2026-05-29 13:00:00,28.844,3.885,399.38,103.3,5.75,184.0
2026-05-29 14:00:00,28.62,3.9082,398.43,103.44,7.56,179.8
2026-05-29 15:00:00,27.565,3.8618,399.91,104.15,8.85,204.4
2026-05-29 16:00:00,29.072,3.9049,398.32,103.93,7.13,184.2
2026-05-29 17:00:00,29.123,3.928,397.74,103.09,8.67,186.7
2026-05-29 18:00:00,29.315,3.9422,400.06,103.31,8.97,185.6
2026-05-29 19:00:00,29.355,3.85,404.97,103.14,9.25,185.6
2026-05-29 20:00:00,28.839,3.8273,396.27,103.98,8.65,182.3
2026-05-29 21:00:00,29.02,3.9403,399.52,102.92,8.03,187.9
2026-05-29 22:00:00,28.753,3.9343,393.96,106.29,8.12,177.7
2026-05-29 23:00:00,29.48,3.9006,403.13,105.19,7.85,195.4
2026-05-30 00:00:00,34.326,3.9723,401.3,104.02,7.38,193.8
2026-05-30 01:00:00,33.553,3.9078,393.89,103.37,7.5,190.6
2026-05-30 02:00:00,32.673,3.8932,399.23,105.1,7.27,191.5
2026-05-30 03:00:00,32.081,3.9309,400.89,104.22,8.68,195.4
2026-05-30 04:00:00,34.051,3.8304,400.03,102.89,9.07,194.6
2026-05-30 05:00:00,32.612,3.9441,399.53,104.18,7.77,200.8
2026-05-30 06:00:00,32.955,3.964,397.62,104.14,7.26,198.5
2026-05-30 07:00:00,32.771,3.8486,402.29,105.3,7.97,183.3
2026-05-30 08:00:00,33.197,3.9792,397.23,101.48,7.96,176.5
2026-05-30 09:00:00,31.29,3.9123,401.24,105.2,8.28,196.2
2026-05-30 10:00:00,32.999,3.974,399.01,103.02,9.2,196.6
2026-05-30 11:00:00,32.843,3.9073,398.38,102.79,6.59,172.7
2026-05-30 12:00:00,33.373,3.8778,397.8,103.19,8.47,203.9
2026-05-30 13:00:00,32.869,3.853,398.3,103.6,8.52,191.0
2026-05-30 14:00:00,33.634,3.8346,400.96,106.55,8.32,187.0
2026-05-30 15:00:00,33.232,3.9482,400.94,105.56,6.78,192.9
2026-05-30 16:00:00,33.167,3.9198,399.94,103.83,8.29,178.0
2026-05-30 17:00:00,32.379,3.8878,401.03,103.93,7.44,198.8
2026-05-30 18:00:00,33.183,3.9055,401.37,104.25,8.97,188.6
2026-05-30 19:00:00,31.952,3.9201,401.55,105.21,8.47,189.0
2026-05-30 20:00:00,34.417,3.871,398.07,105.02,7.47,201.7
2026-05-30 21:00:00,32.071,3.91,400.56,103.32,6.61,192.8
2026-05-30 22:00:00,33.185,3.8998,398.6,102.12,7.49,172.5
2026-05-30 23:00:00,34.575,3.8836,403.6,103.82,9.18,184.3
2026-05-31 00:00:00,28.466,3.8619,400.3,102.71,6.91,204.7
2026-05-31 01:00:00,30.205,3.8683,402.68,100.62,8.18,209.5
2026-05-31 02:00:00,30.765,3.9385,403.38,104.4,9.21,186.6
2026-05-31 03:00:00,27.087,3.9553,400.48,104.1,8.52,196.9
2026-05-31 04:00:00,27.956,3.9082,398.09,103.64,8.92,189.6
2026-05-31 05:00:00,28.582,3.9075,399.71,104.15,8.7,190.6
2026-05-31 06:00:00,28.749,3.8917,397.11,106.14,8.53,172.3
2026-05-31 07:00:00,28.999,3.9626,395.37,103.5,9.43,194.3
2026-05-31 08:00:00,29.766,3.8545,404.71,104.88,9.11,181.0
2026-05-31 09:00:00,28.639,3.8569,401.22,102.67,8.1,205.2
2026-05-31 10:00:00,29.814,3.8717,401.63,102.66,8.66,179.1
2026-05-31 11:00:00,29.722,3.951,396.31,105.48,9.09,205.9
2026-05-31 12:00:00,30.347,3.9373,402.3,103.21,9.56,192.1
2026-05-31 13:00:00,30.013,3.937,400.42,102.55,8.6,192.7
2026-05-31 14:00:00,28.364,3.9825,401.49,103.55,7.7,204.3
2026-05-31 15:00:00,28.843,3.8886,394.74,103.85,7.63,200.5
2026-05-31 16:00:00,30.329,3.96,395.93,104.68,9.25,189.1
2026-05-31 17:00:00,29.035,3.9045,396.18,103.64,7.98,193.6
2026-05-31 18:00:00,29.269,3.9086,399.28,107.07,9.12,199.0
2026-05-31 19:00:00,29.406,3.9801,398.13,105.42,8.73,190.5
2026-05-31 20:00:00,27.726,3.8335,404.26,102.61,8.69,189.9
2026-05-31 21:00:00,28.844,3.9239,404.35,105.38,9.14,181.5
2026-05-31 22:00:00,28.703,3.9667,400.48,103.78,6.96,187.1
2026-05-31 23:00:00,28.752,3.9334,400.13,101.65,6.59,202.0
2026-06-01 00:00:00,31.591,3.8325,396.51,103.31,8.35,190.6
2026-06-01 01:00:00,32.26,3.8823,397.9,103.75,7.53,191.9
2026-06-01 02:00:00,31.868,3.8843,400.97,102.75,7.68,195.8
2026-06-01 03:00:00,32.629,3.8879,399.58,104.25,5.98,193.3
2026-06-01 04:00:00,32.634,3.9917,395.67,105.88,7.91,187.0
2026-06-01 05:00:00,32.933,3.9,396.3,104.56,8.44,179.6
2026-06-01 06:00:00,33.493,3.907,401.81,104.78,8.09,207.5
2026-06-01 07:00:00,32.794,3.8287,402.38,101.6,8.05,187.1
2026-06-01 08:00:00,30.64,3.8173,406.23,102.83,6.18,179.6
2026-06-01 09:00:00,32.307,3.9396,395.0,103.83,7.89,186.5
2026-06-01 10:00:00,33.717,3.8847,393.53,103.67,7.34,186.3
2026-06-01 11:00:00,33.125,3.7795,399.61,104.12,7.02,169.6
2026-06-01 12:00:00,33.933,3.9379,395.1,102.8,7.28,186.3
2026-06-01 13:00:00,31.523,3.9257,400.17,105.23,7.9,205.0
2026-06-01 14:00:00,31.701,3.933,401.75,103.82,8.29,186.4
2026-06-01 15:00:00,31.417,3.8871,402.46,100.62,9.25,175.6
2026-06-01 16:00:00,33.42,3.8383,401.84,102.78,8.14,190.6
2026-06-01 17:00:00,32.809,3.9192,399.59,103.46,8.97,185.6
2026-06-01 18:00:00,32.696,3.9263,397.54,103.38,8.05,190.1
2026-06-01 19:00:00,32.621,3.8758,400.65,104.85,6.86,181.7
2026-06-01 20:00:00,32.666,3.9075,402.18,104.61,7.58,179.8
2026-06-01 21:00:00,33.091,3.8632,396.91,105.14,7.44,185.4
2026-06-01 22:00:00,32.934,3.784,407.49,106.02,9.48,188.5
2026-06-01 23:00:00,32.861,3.945,400.19,104.4,7.62,180.9
2026-06-02 00:00:00,31.714,3.9262,400.29,103.09,9.74,186.0
2026-06-02 01:00:00,28.768,3.9218,393.1,105.85,7.49,189.5
2026-06-02 02:00:00,30.595,3.8838,395.85,104.69,8.18,181.5
2026-06-02 03:00:00,31.236,3.9296,397.05,103.96,6.68,163.3
2026-06-02 04:00:00,31.348,3.8978,403.49,104.24,8.23,193.6
2026-06-02 05:00:00,31.107,3.9301,396.64,104.6,6.32,192.6
2026-06-02 06:00:00,32.543,4.001,404.47,103.01,8.5,181.1
2026-06-02 07:00:00,31.495,3.8902,398.17,104.54,8.83,175.3
2026-06-02 08:00:00,30.357,3.9108,400.75,102.8,7.94,183.1
2026-06-02 09:00:00,31.43,3.9176,404.67,102.98,7.4,192.3
2026-06-02 10:00:00,31.671,3.9128,399.18,101.49,7.71,192.6
2026-06-02 11:00:00,31.622,3.8302,401.59,104.53,9.72,201.6
2026-06-02 12:00:00,29.206,3.8728,399.38,103.0,7.6,176.2
2026-06-02 13:00:00,30.196,3.8569,399.16,103.23,8.13,190.4
2026-06-02 14:00:00,30.606,3.8894,395.98,103.68,8.98,189.6
2026-06-02 15:00:00,30.637,3.923,400.1,103.08,7.76,180.4
2026-06-02 16:00:00,29.657,3.8984,398.49,102.35,8.12,195.7
2026-06-02 17:00:00,30.448,3.8712,405.44,104.18,7.58,199.2
2026-06-02 18:00:00,31.966,3.8357,396.63,103.55,8.5,178.3
2026-06-02 19:00:00,31.755,3.9112,405.07,104.15,8.38,198.4
2026-06-02 20:00:00,30.216,3.8423,399.07,101.65,6.95,189.0
2026-06-02 21:00:00,30.945,3.9433,404.02,102.94,6.87,204.1
2026-06-02 22:00:00,30.713,3.9046,395.67,102.35,8.55,182.9
2026-06-02 23:00:00,31.716,3.849,403.92,102.05,6.77,187.0
2026-06-03 00:00:00,28.318,3.8613,401.58,105.12,7.02,198.2
2026-06-03 01:00:00,30.098,3.9618,399.58,103.32,7.97,193.1
2026-06-03 02:00:00,28.164,3.8248,400.55,104.41,8.06,177.2
2026-06-03 03:00:00,27.443,3.8797,401.1,105.39,7.58,174.9
2026-06-03 04:00:00,27.92,3.8713,401.83,101.34,7.5,182.3
2026-06-03 05:00:00,28.82,3.8826,396.99,105.23,8.94,198.8
2026-06-03 06:00:00,29.338,3.9386,401.4,104.19,6.67,191.7
2026-06-03 07:00:00,29.342,3.8734,402.67,104.04,7.11,200.4
2026-06-03 08:00:00,28.179,3.9195,396.74,102.13,8.38,183.6
2026-06-03 09:00:00,28.537,3.8821,400.77,106.34,7.74,192.1
2026-06-03 10:00:00,28.64,3.9831,400.59,102.8,7.57,206.4
2026-06-03 11:00:00,29.022,3.9974,397.38,105.15,7.84,190.6
2026-06-03 12:00:00,29.112,3.9445,399.6,104.67,7.53,185.5
2026-06-03 13:00:00,29.432,3.9429,400.38,106.64,7.42,177.6
2026-06-03 14:00:00,29.889,3.924,398.23,106.37,7.93,215.2
2026-06-03 15:00:00,27.549,3.8691,402.38,106.05,9.32,186.0
2026-06-03 16:00:00,29.011,3.929,402.91,103.5,7.99,174.8
2026-06-03 17:00:00,29.934,3.859,401.95,104.54,8.35,188.0
2026-06-03 18:00:00,29.59,3.9366,397.4,104.04,8.24,181.5
2026-06-03 19:00:00,29.271,3.9603,404.0,103.71,5.65,198.5
2026-06-03 20:00:00,29.66,3.9012,400.63,103.33,7.39,198.4
2026-06-03 21:00:00,30.12,3.9145,397.37,101.79,8.61,197.5
2026-06-03 22:00:00,30.119,3.8907,398.65,103.25,8.91,209.5
2026-06-03 23:00:00,28.273,3.8836,399.4,105.22,7.49,200.2
2026-06-04 00:00:00,32.403,3.9172,403.19,102.83,7.48,205.8
2026-06-04 01:00:00,31.825,3.8716,399.47,102.67,8.77,183.5
2026-06-04 02:00:00,32.733,3.9455,400.08,107.08,8.16,195.5
2026-06-04 03:00:00,32.767,3.8711,396.79,104.73,7.47,179.2
2026-06-04 04:00:00,30.979,3.9491,406.04,104.25,8.05,194.8
2026-06-04 05:00:00,32.666,3.9087,398.85,105.35,7.73,183.9
2026-06-04 06:00:00,31.191,3.8747,399.68,104.04,8.54,186.2
2026-06-04 07:00:00,31.858,3.885,400.47,105.92,7.76,174.8
2026-06-04 08:00:00,32.765,3.9282,401.75,100.74,7.22,194.5
2026-06-04 09:00:00,31.734,3.891,403.44,102.52,7.67,193.4
2026-06-04 10:00:00,31.07,3.8681,399.62,103.11,7.87,201.5
2026-06-04 11:00:00,30.677,3.8726,398.32,103.64,8.42,207.0
2026-06-04 12:00:00,33.161,4.0338,395.58,103.08,10.06,193.0
2026-06-04 13:00:00,32.184,3.8979,399.12,106.35,8.21,185.6
2026-06-04 14:00:00,32.029,3.9071,402.27,105.06,8.39,190.1
2026-06-04 15:00:00,32.243,3.9035,397.21,104.38,6.96,192.0
2026-06-04 16:00:00,31.223,3.9881,402.2,103.75,7.84,200.9
2026-06-04 17:00:00,31.08,3.9824,404.7,105.27,7.83,198.6
2026-06-04 18:00:00,31.723,3.8202,397.78,105.99,8.02,186.7
2026-06-04 19:00:00,33.252,3.9365,402.74,104.83,7.13,191.0
2026-06-04 20:00:00,30.511,3.9619,398.0,107.49,7.08,180.2
2026-06-04 21:00:00,32.877,3.8127,399.82,104.44,10.19,194.3
2026-06-04 22:00:00,32.276,3.9004,399.72,103.02,8.43,187.1
2026-06-04 23:00:00,31.615,3.8157,402.09,104.18,7.85,191.9
2026-06-05 00:00:00,32.114,3.7726,402.91,103.47,7.73,195.9
2026-06-05 01:00:00,31.572,3.8365,403.95,103.08,9.23,189.4
2026-06-05 02:00:00,33.625,3.8425,400.92,106.41,7.49,194.7
2026-06-05 03:00:00,28.742,3.8156,395.86,103.55,6.79,193.5
2026-06-05 04:00:00,30.46,3.755,401.78,105.74,8.6,197.7
2026-06-05 05:00:00,30.35,3.8803,400.21,104.27,8.65,209.3
2026-06-05 06:00:00,31.906,3.8861,392.4,101.41,8.19,177.8
2026-06-05 07:00:00,32.532,3.8768,399.05,104.54,7.46,187.6
2026-06-05 08:00:00,31.971,3.9584,405.51,106.29,9.09,172.4
2026-06-05 09:00:00,30.675,3.8611,399.62,104.52,8.47,196.1
2026-06-05 10:00:00,31.851,3.9391,404.19,102.06,7.2,192.1
2026-06-05 11:00:00,31.408,3.8208,394.0,105.34,7.75,196.5
2026-06-05 12:00:00,31.579,3.9223,397.54,105.33,7.7,198.3
2026-06-05 13:00:00,29.416,3.9232,399.84,103.46,8.52,193.4
2026-06-05 14:00:00,30.88,3.9174,397.38,104.48,7.14,178.5
2026-06-05 15:00:00,30.841,3.9135,397.52,102.4,7.06,184.7
2026-06-05 16:00:00,30.142,3.9819,396.09,103.63,8.82,192.2
2026-06-05 17:00:00,30.762,3.9721,403.53,105.81,7.63,197.3
2026-06-05 18:00:00,31.4,3.868,402.7,104.4,7.59,191.7
2026-06-05 19:00:00,31.062,3.9047,399.62,101.25,7.8,189.2
2026-06-05 20:00:00,28.951,3.9301,399.59,104.98,8.24,186.9
2026-06-05 21:00:00,29.029,3.8803,396.11,102.77,7.5,184.6
2026-06-05 22:00:00,31.174,3.9267,400.23,102.36,7.51,194.1
2026-06-05 23:00:00,32.366,3.8649,397.82,102.94,7.86,196.3
2026-06-06 00:00:00,31.202,3.8709,398.32,106.28,7.97,200.9
2026-06-06 01:00:00,32.957,3.8959,400.88,103.61,7.75,176.3
2026-06-06 02:00:00,31.141,3.8694,402.01,103.31,7.2,193.2
2026-06-06 03:00:00,31.297,3.8788,397.07,105.15,7.63,192.5
2026-06-06 04:00:00,30.854,3.8705,390.58,104.83,9.68,170.4
2026-06-06 05:00:00,33.492,3.9618,402.7,103.53,7.64,202.6
2026-06-06 06:00:00,31.459,3.8352,397.93,104.33,7.87,187.7
2026-06-06 07:00:00,31.963,3.9978,401.14,104.66,7.18,185.1
2026-06-06 08:00:00,32.922,3.9241,401.73,103.64,6.84,187.2
2026-06-06 09:00:00,31.554,3.9865,396.79,103.03,9.48,187.3
2026-06-06 10:00:00,31.384,3.9424,397.99,103.9,7.75,196.2
2026-06-06 11:00:00,31.604,3.9118,396.71,103.32,8.04,182.9
2026-06-06 12:00:00,32.475,3.896,393.54,106.63,7.66,198.4
2026-06-06 13:00:00,32.49,3.9025,401.36,104.69,7.3,198.0
2026-06-06 14:00:00,30.906,3.9583,398.07,104.52,7.87,196.3
2026-06-06 15:00:00,31.576,3.8808,399.09,104.41,8.95,179.4
2026-06-06 16:00:00,29.178,3.8899,398.46,104.32,8.02,185.2
2026-06-06 17:00:00,31.676,3.8922,397.3,102.32,7.13,175.2
2026-06-06 18:00:00,31.765,3.9426,403.57,102.99,8.28,179.3
2026-06-06 19:00:00,31.818,3.8826,404.87,103.24,7.48,179.5
2026-06-06 20:00:00,30.85,3.937,404.25,102.87,6.96,182.5
2026-06-06 21:00:00,30.425,3.885,404.1,102.44,7.91,192.8
2026-06-06 22:00:00,30.442,3.8858,395.81,104.57,8.08,187.8
2026-06-06 23:00:00,29.554,3.8598,400.12,102.88,8.43,192.0
2026-06-07 00:00:00,2.581,3.8974,401.92,103.16,7.62,195.9
2026-06-07 01:00:00,3.91,3.8127,401.67,105.42,8.44,211.0
2026-06-07 02:00:00,3.669,3.8092,398.24,100.76,7.74,191.1
2026-06-07 03:00:00,1.218,3.9863,400.36,105.99,8.59,184.1
2026-06-07 04:00:00,2.397,3.8137,398.97,103.5,7.28,188.9
2026-06-07 05:00:00,2.122,3.9923,395.38,105.44,7.45,185.8
2026-06-07 06:00:00,2.259,3.7925,398.12,104.85,6.78,174.6
2026-06-07 07:00:00,4.002,3.8681,395.07,103.27,7.39,192.2
2026-06-07 08:00:00,3.513,3.8136,397.39,102.63,9.19,185.2
2026-06-07 09:00:00,2.767,3.8094,400.61,101.87,7.24,195.9
2026-06-07 10:00:00,2.519,3.9028,401.02,102.63,6.97,184.2
2026-06-07 11:00:00,2.466,3.9391,401.24,103.84,8.16,185.0
2026-06-07 12:00:00,3.358,3.94,395.09,104.26,8.84,180.4
2026-06-07 13:00:00,2.179,3.8974,398.98,105.07,8.2,189.9
2026-06-07 14:00:00,1.975,3.84,401.67,103.55,7.4,186.4
2026-06-07 15:00:00,2.867,3.8607,402.53,102.29,7.12,205.1
2026-06-07 16:00:00,1.958,3.9002,404.49,101.17,7.78,191.1
2026-06-07 17:00:00,3.039,3.9287,400.64,103.57,8.31,186.5
2026-06-07 18:00:00,2.06,3.9161,404.93,105.12,8.14,175.5
2026-06-07 19:00:00,1.881,3.9321,400.49,105.69,7.65,172.4
2026-06-07 20:00:00,1.253,3.913,401.93,103.69,8.24,191.7
2026-06-07 21:00:00,3.743,3.8543,397.05,102.66,8.0,190.6
2026-06-07 22:00:00,2.423,3.9028,401.4,102.78,8.17,178.9
2026-06-07 23:00:00,1.422,3.8395,400.19,101.7,6.65,197.6
2026-06-08 00:00:00,3.257,3.8597,402.71,100.72,8.54,192.8
2026-06-08 01:00:00,3.712,3.9038,403.24,104.79,8.0,192.9
2026-06-08 02:00:00,4.616,3.8581,401.85,101.88,9.16,195.5
2026-06-08 03:00:00,4.743,3.9245,398.53,104.34,7.11,196.4
2026-06-08 04:00:00,5.517,3.904,401.14,103.3,8.14,194.5
2026-06-08 05:00:00,5.764,3.8693,405.19,103.07,8.07,179.9
2026-06-08 06:00:00,6.077,3.957,403.08,102.26,6.23,181.1
2026-06-08 07:00:00,7.86,3.9242,400.07,103.52,8.0,188.4
2026-06-08 08:00:00,8.004,3.9129,403.43,103.46,9.24,191.9
2026-06-08 09:00:00,7.989,3.8482,397.75,104.61,8.67,183.4
2026-06-08 10:00:00,8.425,3.9931,400.21,105.13,7.93,179.2
2026-06-08 11:00:00,9.033,3.8198,398.07,102.69,7.46,180.0
2026-06-08 12:00:00,9.007,3.9008,400.98,104.12,9.02,200.9
2026-06-08 13:00:00,10.237,3.9168,401.06,105.35,7.59,208.2
2026-06-08 14:00:00,10.928,3.9628,397.48,103.53,7.05,189.7
2026-06-08 15:00:00,11.175,3.8694,402.33,103.29,8.21,179.1
2026-06-08 16:00:00,11.096,4.002,401.84,104.64,7.24,194.3
2026-06-08 17:00:00,12.556,3.9007,403.39,106.31,8.56,181.8
2026-06-08 18:00:00,12.59,3.9071,396.36,103.12,7.26,195.1
2026-06-08 19:00:00,13.785,3.9095,402.9,103.68,8.09,193.9
2026-06-08 20:00:00,12.76,3.9288,398.22,102.3,8.29,198.3
2026-06-08 21:00:00,14.055,3.8144,401.66,106.25,8.55,186.6
2026-06-08 22:00:00,11.834,3.9347,394.9,105.39,7.06,188.6
2026-06-08 23:00:00,12.001,3.9011,404.23,104.3,7.97,188.0
2026-06-09 00:00:00,27.599,3.9445,395.17,102.56,7.86,175.0
2026-06-09 01:00:00,26.728,3.8882,394.77,106.39,8.67,204.4
2026-06-09 02:00:00,29.424,3.9479,397.35,105.02,8.51,192.7
2026-06-09 03:00:00,27.677,3.7727,401.69,103.74,8.65,175.1
2026-06-09 04:00:00,27.364,3.8305,399.71,104.83,7.91,205.2
2026-06-09 05:00:00,29.216,3.9312,403.36,103.09,8.2,204.1
2026-06-09 06:00:00,27.659,3.947,405.18,105.4,9.98,186.2
2026-06-09 07:00:00,28.261,3.8596,403.77,104.44,8.07,204.5
2026-06-09 08:00:00,27.658,3.9202,403.43,101.34,8.45,198.4
2026-06-09 09:00:00,27.059,3.9784,401.34,103.34,8.06,186.5
2026-06-09 10:00:00,28.95,3.9671,400.88,103.24,7.66,190.7
2026-06-09 11:00:00,28.333,3.872,404.51,100.93,8.42,206.3
2026-06-09 12:00:00,27.738,3.9971,398.97,105.17,8.37,180.6
2026-06-09 13:00:00,28.585,3.9104,403.44,104.81,7.83,198.6
2026-06-09 14:00:00,30.155,3.9395,399.82,104.38,8.15,185.8
2026-06-09 15:00:00,26.984,3.8673,405.11,105.97,8.46,195.3
2026-06-09 16:00:00,29.807,3.9728,399.72,104.25,8.63,184.8
2026-06-09 17:00:00,28.675,3.926,401.16,104.62,8.39,193.1
2026-06-09 18:00:00,28.442,3.9102,399.64,104.56,7.73,190.6
2026-06-09 19:00:00,28.16,3.9175,400.59,102.87,9.05,176.9
2026-06-09 20:00:00,28.123,3.9131,399.87,105.34,8.36,204.9
2026-06-09 21:00:00,26.911,3.9208,402.45,104.41,6.68,199.8
2026-06-09 22:00:00,28.893,3.8399,401.92,101.49,8.54,191.0
2026-06-09 23:00:00,28.2,3.8994,398.25,103.18,8.53,172.4
2026-06-10 00:00:00,36.069,3.9087,404.09,104.87,9.73,208.8
2026-06-10 01:00:00,35.178,3.9396,398.04,104.88,8.35,187.8
2026-06-10 02:00:00,36.65,3.8799,401.27,105.47,7.82,183.7
2026-06-10 03:00:00,35.38,3.8658,404.4,104.76,8.71,187.6
2026-06-10 04:00:00,34.444,3.927,398.08,104.39,7.34,179.3
2026-06-10 05:00:00,36.249,3.8922,399.03,105.57,6.29,200.7
2026-06-10 06:00:00,35.395,3.8342,396.02,103.02,8.25,174.7
2026-06-10 07:00:00,36.223,3.895,400.59,103.16,7.75,196.0
2026-06-10 08:00:00,36.037,3.8519,397.31,103.23,9.33,184.9
2026-06-10 09:00:00,36.746,3.8979,405.24,105.34,8.3,189.9
2026-06-10 10:00:00,36.35,3.9655,398.61,104.66,6.97,178.9
2026-06-10 11:00:00,34.87,3.9729,401.23,103.53,9.49,180.9
2026-06-10 12:00:00,34.842,3.885,399.38,104.12,7.7,196.2
2026-06-10 13:00:00,35.3,3.8985,398.07,103.08,8.47,188.2
2026-06-10 14:00:00,35.448,3.8758,395.03,103.36,5.88,191.1
2026-06-10 15:00:00,36.444,3.8493,395.92,102.57,8.17,188.5
2026-06-10 16:00:00,35.244,3.8087,400.31,103.54,8.03,195.4
2026-06-10 17:00:00,36.157,3.9012,396.63,104.91,8.34,190.8
2026-06-10 18:00:00,36.532,3.8409,400.02,105.17,7.51,190.8
2026-06-10 19:00:00,35.26,3.9188,397.52,106.72,6.89,190.7
2026-06-10 20:00:00,34.691,3.948,395.57,102.3,8.29,177.3
2026-06-10 21:00:00,34.567,3.8713,400.88,104.78,6.52,190.8
2026-06-10 22:00:00,37.091,3.9639,401.52,101.99,8.73,182.6
2026-06-10 23:00:00,35.579,3.9222,399.56,105.23,8.09,187.3
2026-06-11 00:00:00,32.247,3.883,397.79,102.28,8.79,204.1
2026-06-11 01:00:00,32.944,3.8388,398.27,103.87,7.15,188.8
2026-06-11 02:00:00,33.148,3.8355,395.11,105.08,8.25,197.4
2026-06-11 03:00:00,32.338,3.8767,405.36,105.13,8.86,199.3
2026-06-11 04:00:00,32.183,3.9096,393.51,105.86,6.3,194.4
2026-06-11 05:00:00,32.447,3.9503,401.91,104.13,7.95,192.0
2026-06-11 06:00:00,33.22,3.9117,402.47,105.87,7.37,204.3
2026-06-11 07:00:00,31.747,3.9379,397.52,106.89,8.28,198.6
2026-06-11 08:00:00,34.893,3.9597,405.02,102.15,7.55,192.8
2026-06-11 09:00:00,32.575,3.8801,398.81,102.57,9.25,202.3
2026-06-11 10:00:00,33.0,3.9652,397.18,108.93,7.75,203.7
2026-06-11 11:00:00,32.389,3.9269,403.33,106.04,7.56,189.4
2026-06-11 12:00:00,32.698,3.9891,399.61,102.88,6.68,166.7
2026-06-11 13:00:00,31.271,3.9305,396.61,103.3,7.44,178.7
2026-06-11 14:00:00,32.044,3.9242,398.86,105.1,8.11,175.4
2026-06-11 15:00:00,32.499,3.9462,405.0,102.02,8.41,201.8
2026-06-11 16:00:00,35.188,3.8899,403.03,102.59,8.93,198.1
2026-06-11 17:00:00,31.401,3.8705,399.32,104.55,8.13,193.8
2026-06-11 18:00:00,33.346,3.8479,396.23,104.59,7.13,185.1
2026-06-11 19:00:00,32.769,3.9851,400.58,106.27,8.68,181.1
2026-06-11 20:00:00,34.594,3.8816,403.75,104.62,7.63,173.5
2026-06-11 21:00:00,33.417,3.8966,407.22,103.26,8.06,185.2
2026-06-11 22:00:00,32.237,3.9673,403.92,102.34,7.6,186.9
2026-06-11 23:00:00,32.058,3.9483,400.25,103.45,8.19,194.2
2026-06-12 00:00:00,34.568,3.8942,401.86,105.0,7.49,196.8
2026-06-12 01:00:00,32.962,3.8914,403.35,107.31,8.6,194.9
2026-06-12 02:00:00,37.41,3.9806,400.88,104.0,6.36,198.9
2026-06-12 03:00:00,34.054,3.9205,396.13,102.95,8.83,197.2
2026-06-12 04:00:00,37.907,3.9489,405.75,104.79,7.97,188.4
2026-06-12 05:00:00,34.924,3.939,407.13,104.3,7.28,191.8
2026-06-12 06:00:00,33.069,3.9258,392.55,100.77,8.41,196.7
2026-06-12 07:00:00,34.052,3.8989,401.48,104.89,7.19,189.8
2026-06-12 08:00:00,32.854,3.8442,397.94,104.01,8.66,188.3
2026-06-12 09:00:00,34.443,3.9072,399.43,103.39,8.95,192.7
2026-06-12 10:00:00,35.689,3.8263,397.33,103.35,7.42,190.2
2026-06-12 11:00:00,34.624,3.929,404.95,103.22,8.17,195.7
2026-06-12 12:00:00,36.251,3.8468,400.61,103.76,8.53,203.7
2026-06-12 13:00:00,34.07,3.885,401.38,104.92,6.59,219.7
2026-06-12 14:00:00,34.442,3.881,400.35,104.94,8.03,201.9
2026-06-12 15:00:00,34.893,3.8991,398.69,104.6,9.28,192.1
2026-06-12 16:00:00,36.005,3.9036,404.76,103.73,6.28,183.7
2026-06-12 17:00:00,34.596,3.8969,401.82,103.51,7.16,195.5
2026-06-12 18:00:00,34.505,3.9752,400.76,104.82,7.89,184.9
2026-06-12 19:00:00,35.794,3.8949,396.82,104.86,7.93,187.4
2026-06-12 20:00:00,35.609,3.8351,401.68,104.28,8.06,190.5
2026-06-12 21:00:00,34.123,3.8672,400.66,104.15,8.82,183.2
2026-06-12 22:00:00,35.764,3.9911,395.92,106.11,8.36,189.3
2026-06-12 23:00:00,34.814,3.9511,395.22,105.52,8.36,200.3
2026-06-13 00:00:00,28.154,3.7743,401.66,101.99,8.36,188.1
2026-06-13 01:00:00,28.92,3.818,402.95,104.0,6.97,195.2
2026-06-13 02:00:00,28.908,3.9246,396.42,104.01,8.64,180.8
2026-06-13 03:00:00,30.408,3.8454,402.54,102.82,8.01,179.7
2026-06-13 04:00:00,30.895,4.0617,398.63,103.55,7.71,180.4
2026-06-13 05:00:00,28.822,3.9457,395.17,106.23,7.34,182.4
2026-06-13 06:00:00,29.492,3.8512,399.7,103.38,6.84,190.3
2026-06-13 07:00:00,29.594,3.9632,403.53,101.79,8.07,193.5
2026-06-13 08:00:00,29.528,3.8687,400.36,103.93,6.97,189.5
2026-06-13 09:00:00,29.897,3.9268,398.87,101.75,7.85,193.5
2026-06-13 10:00:00,28.923,3.9003,401.11,103.03,6.9,195.2
2026-06-13 11:00:00,31.862,3.9923,398.37,102.91,7.01,191.5
2026-06-13 12:00:00,29.705,3.8781,402.66,103.69,9.5,188.0
2026-06-13 13:00:00,29.854,3.8655,404.35,104.31,8.89,182.8
2026-06-13 14:00:00,30.031,3.9361,395.02,104.61,8.46,178.3
2026-06-13 15:00:00,30.513,3.8595,398.49,103.27,8.73,182.9
2026-06-13 16:00:00,29.687,3.9143,398.19,105.23,7.46,187.3
2026-06-13 17:00:00,30.05,3.9105,400.65,106.46,7.33,199.4
2026-06-13 18:00:00,32.229,3.9254,400.65,103.81,8.16,197.2
2026-06-13 19:00:00,30.636,3.8668,402.81,104.07,6.91,172.1
2026-06-13 20:00:00,30.652,3.8959,401.78,101.99,8.94,185.9
2026-06-13 21:00:00,28.634,3.8558,403.21,106.49,8.15,184.8
2026-06-13 22:00:00,31.339,3.9633,392.72,104.14,8.45,188.7
2026-06-13 23:00:00,31.775,3.872,402.7,103.65,8.15,194.6
2026-06-14 00:00:00,30.194,3.8605,403.71,104.82,9.37,176.6
2026-06-14 01:00:00,28.843,3.9249,399.64,100.99,6.85,169.8
2026-06-14 02:00:00,29.282,3.9176,389.99,104.07,8.69,183.6
2026-06-14 03:00:00,28.867,3.9554,392.96,104.49,8.69,190.3
2026-06-14 04:00:00,30.057,3.9719,399.16,104.99,8.17,191.5
2026-06-14 05:00:00,30.254,3.999,398.16,105.8,7.02,197.9
2026-06-14 06:00:00,30.505,3.8688,394.28,104.27,7.36,202.2
2026-06-14 07:00:00,30.928,3.945,402.05,102.65,7.63,194.6
2026-06-14 08:00:00,28.582,3.9535,396.82,104.43,7.83,193.7
2026-06-14 09:00:00,27.541,3.9117,397.87,102.04,7.64,178.7
2026-06-14 10:00:00,29.988,3.788,401.91,106.28,7.76,188.5
2026-06-14 11:00:00,29.176,3.9195,400.41,102.64,8.39,190.1
2026-06-14 12:00:00,28.625,3.9134,401.23,103.28,9.02,180.0
2026-06-14 13:00:00,28.225,4.0035,393.61,100.49,8.33,186.6
2026-06-14 14:00:00,29.335,3.8158,395.84,101.65,7.47,182.5
2026-06-14 15:00:00,30.058,3.8934,402.18,103.88,6.49,193.5
2026-06-14 16:00:00,27.687,3.9285,402.72,102.72,9.11,196.7
2026-06-14 17:00:00,29.327,3.9021,399.17,105.9,8.01,201.5
2026-06-14 18:00:00,30.236,3.8697,401.1,103.87,9.4,185.0
2026-06-14 19:00:00,29.286,3.8996,395.69,103.33,8.08,171.5
2026-06-14 20:00:00,30.253,3.8442,405.14,105.18,7.99,192.2
2026-06-14 21:00:00,27.939,3.8137,404.24,104.64,7.57,186.7
2026-06-14 22:00:00,30.517,3.9405,398.58,102.71,8.51,190.1
2026-06-14 23:00:00,29.663,3.8965,399.0,106.54,8.6,185.4
2026-06-15 00:00:00,37.271,3.9262,394.17,103.66,8.34,198.4
2026-06-15 01:00:00,36.286,3.934,396.15,105.66,9.37,183.8
2026-06-15 02:00:00,36.33,4.0158,398.34,103.48,8.86,168.8
2026-06-15 03:00:00,33.776,3.8347,407.43,101.44,7.48,193.5
2026-06-15 04:00:00,34.575,3.8536,399.27,106.14,7.47,202.1
2026-06-15 05:00:00,35.864,3.9166,402.27,102.32,8.36,198.0
2026-06-15 06:00:00,38.212,3.9089,403.99,105.45,7.73,197.4
2026-06-15 07:00:00,36.38,3.9788,396.19,105.96,7.8,196.6
2026-06-15 08:00:00,37.064,3.8134,397.56,103.05,9.35,182.3
2026-06-15 09:00:00,37.195,3.9634,401.47,101.55,7.21,192.2
2026-06-15 10:00:00,36.331,3.8619,401.58,103.96,8.3,204.8
2026-06-15 11:00:00,35.866,3.9083,395.57,103.3,8.27,214.5
2026-06-15 12:00:00,36.464,3.9231,398.0,103.36,7.9,190.4
2026-06-15 13:00:00,36.079,3.9545,399.83,102.91,9.5,175.5
2026-06-15 14:00:00,37.459,3.9232,399.76,103.4,7.45,176.1
2026-06-15 15:00:00,37.323,3.9909,395.98,102.62,7.9,190.4
2026-06-15 16:00:00,37.316,3.8651,394.76,104.05,7.55,189.5
2026-06-15 17:00:00,35.144,3.9007,403.53,103.96,8.79,176.1
2026-06-15 18:00:00,37.507,3.8712,400.58,101.65,8.65,187.1
2026-06-15 19:00:00,37.331,3.9097,396.97,105.61,9.01,191.1
2026-06-15 20:00:00,36.012,3.9299,400.84,102.75,6.98,197.5
2026-06-15 21:00:00,35.588,3.8534,400.26,104.03,7.22,183.4
2026-06-15 22:00:00,36.451,3.7495,397.9,101.98,8.54,186.8
2026-06-15 23:00:00,36.951,3.9249,396.97,105.53,7.88,191.1
2026-06-16 00:00:00,31.359,3.8834,401.4,103.21,8.83,180.3
2026-06-16 01:00:00,32.227,3.8409,396.27,100.1,7.06,205.8
2026-06-16 02:00:00,33.519,3.8759,404.06,103.06,7.36,181.4
2026-06-16 03:00:00,33.987,3.9218,398.97,103.49,7.57,194.4
2026-06-16 04:00:00,33.704,3.9317,401.82,104.63,7.46,179.0
2026-06-16 05:00:00,32.182,3.8638,406.0,104.49,8.82,184.5
2026-06-16 06:00:00,33.958,3.9016,403.23,101.82,9.16,193.6
2026-06-16 07:00:00,32.335,3.9201,397.13,105.25,8.84,185.5
2026-06-16 08:00:00,32.637,3.9051,399.64,105.72,7.42,185.1
2026-06-16 09:00:00,32.769,3.9575,403.98,106.09,6.83,210.8
2026-06-16 10:00:00,30.306,3.9067,400.11,104.11,9.87,202.0
2026-06-16 11:00:00,34.244,3.8647,406.86,102.52,8.56,205.5
2026-06-16 12:00:00,33.842,3.9206,402.31,102.6,8.63,190.5
2026-06-16 13:00:00,34.122,3.8914,403.02,102.55,8.81,202.2
2026-06-16 14:00:00,32.06,3.863,396.27,103.75,6.37,188.3
2026-06-16 15:00:00,32.363,3.9146,399.69,107.22,8.52,192.5
2026-06-16 16:00:00,33.577,3.9506,401.02,103.24,8.86,197.2
2026-06-16 17:00:00,30.977,3.862,400.93,106.35,8.87,191.9
2026-06-16 18:00:00,33.375,3.9392,400.0,105.55,7.27,196.9
2026-06-16 19:00:00,32.053,3.8732,400.11,105.78,6.08,201.2
2026-06-16 20:00:00,32.205,3.9029,405.26,103.08,6.11,206.2
2026-06-16 21:00:00,32.95,3.8909,401.87,102.42,7.18,175.5
2026-06-16 22:00:00,33.052,3.8625,399.61,104.71,7.35,185.6
2026-06-16 23:00:00,33.354,3.8143,404.94,106.66,7.93,197.1
2026-06-17 00:00:00,33.317,3.8271,398.09,104.21,7.56,205.7
2026-06-17 01:00:00,33.042,3.9142,395.98,101.89,7.52,202.4
2026-06-17 02:00:00,31.406,3.888,401.2,102.95,7.3,184.7
2026-06-17 03:00:00,31.569,3.7712,395.15,105.58,6.73,198.8
2026-06-17 04:00:00,30.64,3.8804,395.86,102.38,8.42,182.4
2026-06-17 05:00:00,32.739,3.762,395.07,105.71,8.46,184.2
2026-06-17 06:00:00,32.576,3.9053,399.87,103.86,8.02,192.2
2026-06-17 07:00:00,34.149,3.8764,392.94,104.74,9.38,208.9
2026-06-17 08:00:00,32.891,3.9231,407.83,101.61,8.33,193.4
2026-06-17 09:00:00,31.816,3.9226,400.15,102.53,7.85,212.3
2026-06-17 10:00:00,32.746,3.8822,403.97,104.4,8.52,196.1
2026-06-17 11:00:00,32.565,3.9366,397.36,104.71,7.52,208.9
2026-06-17 12:00:00,33.807,3.9801,402.22,105.91,7.51,172.5
2026-06-17 13:00:00,34.297,3.9128,400.42,100.27,10.05,191.4
2026-06-17 14:00:00,33.0,3.8763,402.61,104.3,5.43,180.7
2026-06-17 15:00:00,33.289,3.922,395.44,104.6,7.77,161.4
2026-06-17 16:00:00,33.42,3.8514,397.0,104.31,6.26,195.8
2026-06-17 17:00:00,33.728,3.8721,403.57,105.89,6.65,181.3
2026-06-17 18:00:00,32.704,3.9115,396.21,102.6,7.9,195.6
2026-06-17 19:00:00,32.862,3.9559,402.18,104.76,7.81,178.4
2026-06-17 20:00:00,34.796,3.8505,398.4,104.5,7.24,194.2
2026-06-17 21:00:00,32.162,3.9048,405.64,104.17,8.08,201.8
2026-06-17 22:00:00,33.175,3.9338,396.08,103.0,8.86,186.0
2026-06-17 23:00:00,32.386,3.9994,399.08,105.78,8.22,190.1
2026-06-18 00:00:00,4.617,3.892,396.81,105.51,7.97,204.9
2026-06-18 01:00:00,5.372,3.8821,393.1,103.8,8.63,187.0
2026-06-18 02:00:00,6.109,3.7995,401.52,103.67,6.89,204.1
2026-06-18 03:00:00,6.995,3.8999,399.45,103.45,7.84,195.1
2026-06-18 04:00:00,7.498,3.9177,404.55,104.47,8.54,201.2
2026-06-18 05:00:00,8.325,3.9282,400.96,103.28,7.51,219.6
2026-06-18 06:00:00,9.03,3.9378,398.76,102.83,6.41,189.6
2026-06-18 07:00:00,10.761,3.912,397.2,105.13,8.39,191.8
2026-06-18 08:00:00,9.891,3.894,403.66,103.93,9.41,194.1
2026-06-18 09:00:00,11.224,3.9045,404.44,101.51,7.49,178.2
2026-06-18 10:00:00,12.232,3.9341,400.34,102.76,8.31,172.4
2026-06-18 11:00:00,13.532,3.8747,404.88,103.17,9.28,201.9
2026-06-18 12:00:00,13.864,3.7876,399.48,104.95,7.39,201.3
2026-06-18 13:00:00,13.833,3.8714,407.35,103.98,7.38,188.0
2026-06-18 14:00:00,15.946,3.8412,399.63,104.55,7.92,195.2
2026-06-18 15:00:00,14.983,3.9687,402.35,106.29,8.91,201.6
2026-06-18 16:00:00,16.404,3.9332,397.63,104.82,7.19,200.9
2026-06-18 17:00:00,18.488,3.8617,398.98,103.23,6.61,188.9
2026-06-18 18:00:00,16.632,3.8474,396.88,104.36,8.61,195.9
2026-06-18 19:00:00,17.537,3.9335,404.67,101.82,9.52,197.8
2026-06-18 20:00:00,18.053,3.8973,398.26,104.39,10.27,172.0
2026-06-18 21:00:00,18.205,3.8906,395.5,104.02,7.8,207.2
2026-06-18 22:00:00,18.045,3.9487,399.15,103.12,8.56,182.0
2026-06-18 23:00:00,18.158,3.9057,398.66,104.12,9.78,182.8
2026-06-19 00:00:00,29.021,3.9715,396.78,101.8,7.31,194.1
2026-06-19 01:00:00,30.682,3.8764,401.12,102.03,8.72,194.1
2026-06-19 02:00:00,29.772,3.8922,403.87,104.05,7.55,200.6
2026-06-19 03:00:00,28.832,3.8517,402.62,102.82,6.81,174.8
2026-06-19 04:00:00,29.96,3.8913,396.8,104.39,6.89,170.5
2026-06-19 05:00:00,29.973,3.7862,398.6,104.77,6.72,167.1
2026-06-19 06:00:00,30.196,3.9223,405.81,103.44,7.84,178.3
2026-06-19 07:00:00,30.81,3.9644,398.78,104.37,9.06,189.8
2026-06-19 08:00:00,31.397,3.9665,399.54,103.21,7.47,179.5
2026-06-19 09:00:00,31.64,3.8808,397.6,102.16,7.48,197.2
2026-06-19 10:00:00,30.286,3.7761,400.72,104.8,8.54,202.7
2026-06-19 11:00:00,30.381,4.0221,397.83,105.74,7.36,184.6
2026-06-19 12:00:00,31.548,3.9478,397.93,104.77,6.6,182.2
2026-06-19 13:00:00,29.261,3.8154,401.69,101.97,7.87,203.5
2026-06-19 14:00:00,30.485,3.8619,398.59,104.55,6.88,195.0
2026-06-19 15:00:00,30.4,3.9698,400.34,104.18,6.58,192.5
2026-06-19 16:00:00,30.849,3.9062,399.53,103.25,7.45,190.9
2026-06-19 17:00:00,28.675,3.9336,399.07,104.72,7.77,189.4
2026-06-19 18:00:00,28.849,4.0009,403.18,104.27,7.16,209.5
2026-06-19 19:00:00,30.41,3.89,397.94,103.83,9.06,181.3
2026-06-19 20:00:00,29.857,3.8969,401.75,105.67,8.06,193.7
2026-06-19 21:00:00,30.286,3.8621,399.82,102.15,8.16,189.9
2026-06-19 22:00:00,30.111,3.8667,407.13,105.65,7.78,181.1
2026-06-19 23:00:00,29.938,3.887,399.95,104.53,7.08,182.2
2026-06-20 00:00:00,32.094,3.8018,407.0,105.32,8.23,199.5
2026-06-20 01:00:00,32.229,3.8973,401.3,104.17,8.87,190.0
2026-06-20 02:00:00,33.174,3.9878,402.04,104.21,7.02,184.2
2026-06-20 03:00:00,30.997,3.8943,402.93,101.48,8.3,172.4
2026-06-20 04:00:00,31.604,3.9352,398.3,105.97,8.14,187.7
2026-06-20 05:00:00,32.04,3.8939,400.96,102.04,7.89,182.4
2026-06-20 06:00:00,32.15,3.8608,400.24,106.84,9.62,186.5
2026-06-20 07:00:00,32.145,3.9371,398.53,104.09,7.51,197.6
2026-06-20 08:00:00,31.147,4.0061,397.04,104.01,9.21,194.5
2026-06-20 09:00:00,29.806,3.939,400.23,104.85,6.61,213.9
2026-06-20 10:00:00,30.488,3.9672,396.42,102.19,8.71,183.4
2026-06-20 11:00:00,34.103,3.9758,401.51,103.28,7.67,194.7
2026-06-20 12:00:00,32.427,3.8784,400.24,104.37,8.85,183.1
2026-06-20 13:00:00,32.026,3.9459,401.78,99.91,8.58,185.0
2026-06-20 14:00:00,33.123,3.8809,396.84,108.61,7.21,175.7
2026-06-20 15:00:00,32.134,3.9439,401.63,104.3,7.14,211.5
2026-06-20 16:00:00,30.4,3.9153,395.38,104.4,8.02,195.0
2026-06-20 17:00:00,31.045,3.8568,393.44,102.72,7.09,186.0
2026-06-20 18:00:00,31.019,3.9144,400.09,105.22,8.77,185.5
2026-06-20 19:00:00,32.981,3.9331,395.26,106.16,7.24,189.2
2026-06-20 20:00:00,33.426,3.8761,403.12,103.07,7.56,202.0
2026-06-20 21:00:00,31.784,3.9557,404.68,105.07,8.5,184.0
2026-06-20 22:00:00,31.449,3.9095,401.64,101.88,7.65,190.6
2026-06-20 23:00:00,32.946,3.8947,396.97,104.18,7.34,183.6
2026-06-21 00:00:00,32.036,4.0217,406.59,102.01,9.98,174.4
2026-06-21 01:00:00,31.222,3.8688,404.08,103.31,8.81,185.4
2026-06-21 02:00:00,31.489,3.8677,399.46,103.03,9.8,206.3
2026-06-21 03:00:00,32.746,4.0273,399.61,102.85,7.34,174.5
2026-06-21 04:00:00,31.363,3.9149,396.86,104.36,8.12,183.4
2026-06-21 05:00:00,30.495,3.9093,399.59,102.7,6.7,206.9
2026-06-21 06:00:00,32.481,3.8784,397.7,105.11,7.55,192.9
2026-06-21 07:00:00,29.451,3.9126,402.69,105.77,8.41,198.5
2026-06-21 08:00:00,31.986,3.9056,399.14,101.15,7.18,193.5
2026-06-21 09:00:00,29.728,3.961,402.63,102.09,8.71,186.6
2026-06-21 10:00:00,33.197,3.8667,403.62,101.99,7.06,167.4
2026-06-21 11:00:00,31.831,3.8382,404.4,101.58,8.57,196.8
2026-06-21 12:00:00,30.922,3.8963,406.88,103.3,8.84,199.1
2026-06-21 13:00:00,31.975,3.8019,398.33,104.46,8.86,182.1
2026-06-21 14:00:00,29.762,3.8126,399.97,102.62,8.53,194.7
2026-06-21 15:00:00,31.271,3.8211,399.96,104.53,7.99,196.8
2026-06-21 16:00:00,30.984,3.9345,402.07,103.82,7.91,182.9
2026-06-21 17:00:00,31.203,3.8566,403.59,104.19,6.96,187.7
2026-06-21 18:00:00,32.928,3.98,403.8,102.0,8.59,176.2
2026-06-21 19:00:00,33.433,4.0021,396.04,104.39,6.89,191.9
2026-06-21 20:00:00,30.985,3.8446,402.98,104.22,8.8,195.0
2026-06-21 21:00:00,30.565,3.8635,403.21,105.71,7.64,212.0
2026-06-21 22:00:00,32.244,3.9877,401.82,106.13,7.56,189.5
2026-06-21 23:00:00,30.051,3.9114,396.06,104.49,7.59,179.3
2026-06-22 00:00:00,30.667,3.8706,396.36,106.43,7.17,202.1
2026-06-22 01:00:00,32.363,3.9464,398.52,102.74,6.89,176.7
2026-06-22 02:00:00,29.783,3.8687,400.43,105.32,6.92,198.9
2026-06-22 03:00:00,30.106,4.0266,403.97,107.12,8.29,180.6
2026-06-22 04:00:00,29.551,3.9066,395.07,104.99,8.54,180.9
2026-06-22 05:00:00,32.123,3.9047,400.94,104.95,7.29,189.1
2026-06-22 06:00:00,30.039,3.9251,397.4,106.02,8.84,182.8
2026-06-22 07:00:00,30.939,3.8934,404.15,104.74,8.18,213.3
2026-06-22 08:00:00,31.17,3.9112,399.96,104.62,7.07,204.8
2026-06-22 09:00:00,30.072,3.8217,402.94,105.94,8.07,182.5
2026-06-22 10:00:00,28.93,3.9432,397.11,104.54,7.55,198.9
2026-06-22 11:00:00,30.372,3.9181,398.55,103.5,7.23,202.2
2026-06-22 12:00:00,29.22,3.936,396.83,103.32,8.82,175.6
2026-06-22 13:00:00,31.998,3.8737,402.6,105.28,8.85,186.0
2026-06-22 14:00:00,31.353,3.8652,400.34,103.38,8.66,219.4
2026-06-22 15:00:00,31.968,3.8457,399.84,103.73,6.79,178.6
2026-06-22 16:00:00,31.521,3.8269,406.7,101.29,7.85,207.2
2026-06-22 17:00:00,31.481,3.9462,393.7,103.31,6.75,182.3
2026-06-22 18:00:00,31.197,3.8503,402.72,102.32,8.05,184.3
2026-06-22 19:00:00,30.03,3.8353,397.98,106.07,6.89,193.7
2026-06-22 20:00:00,28.812,3.9295,397.22,103.25,8.27,188.3
2026-06-22 21:00:00,31.363,3.8883,400.35,101.68,7.55,185.3
2026-06-22 22:00:00,29.505,3.9134,400.46,102.11,7.82,193.0
2026-06-22 23:00:00,30.443,3.9207,401.63,102.02,8.61,203.4
2026-06-23 00:00:00,29.973,3.9275,393.86,100.17,7.88,177.4
2026-06-23 01:00:00,31.504,3.9841,398.64,102.79,8.4,195.5
2026-06-23 02:00:00,31.264,3.846,401.24,104.05,6.69,183.0
2026-06-23 03:00:00,31.572,3.8642,394.18,104.72,8.56,183.1
2026-06-23 04:00:00,30.521,3.906,396.43,104.06,8.99,196.1
2026-06-23 05:00:00,30.751,3.8694,406.6,100.99,7.75,180.7
2026-06-23 06:00:00,29.784,3.8795,398.53,105.95,9.24,201.1
2026-06-23 07:00:00,31.256,3.8692,397.96,106.27,8.37,169.0
2026-06-23 08:00:00,30.188,3.8175,399.9,105.32,8.96,187.5
2026-06-23 09:00:00,30.696,3.8811,394.5,102.91,7.74,191.3
2026-06-23 10:00:00,31.146,3.8844,401.02,101.26,7.98,187.6
2026-06-23 11:00:00,32.42,3.8597,403.18,103.57,8.01,191.7
2026-06-23 12:00:00,31.507,3.8127,393.35,105.75,8.55,201.2
2026-06-23 13:00:00,30.371,3.9616,393.55,100.34,5.86,200.8
2026-06-23 14:00:00,30.834,3.918,397.96,102.23,8.27,177.3
2026-06-23 15:00:00,30.479,3.8913,404.55,105.51,8.16,191.5
2026-06-23 16:00:00,28.92,3.9364,400.93,104.71,7.76,187.0
2026-06-23 17:00:00,31.369,3.8813,397.28,103.97,7.91,182.3
2026-06-23 18:00:00,29.246,3.9502,394.05,105.92,7.95,188.4
2026-06-23 19:00:00,30.44,3.8752,396.9,103.33,7.31,196.4
2026-06-23 20:00:00,29.044,3.8539,397.49,106.45,8.34,191.7
2026-06-23 21:00:00,31.923,3.8608,396.56,104.96,7.67,198.8
2026-06-23 22:00:00,32.853,3.9089,402.85,103.7,7.76,191.9
2026-06-23 23:00:00,32.269,3.9095,404.25,103.68,7.42,183.8
2026-06-24 00:00:00,32.151,3.8835,397.51,104.24,7.77,201.1
2026-06-24 01:00:00,31.134,3.9767,402.93,105.75,8.58,207.1
2026-06-24 02:00:00,32.059,3.869,394.74,105.4,8.8,194.2
2026-06-24 03:00:00,31.798,3.9311,401.13,102.44,9.08,189.1
2026-06-24 04:00:00,31.684,3.9185,405.24,103.11,7.85,185.2
2026-06-24 05:00:00,30.955,3.8053,402.0,102.97,8.33,206.8
2026-06-24 06:00:00,32.037,3.9006,397.72,104.13,6.99,173.4
2026-06-24 07:00:00,31.008,3.899,398.54,103.57,7.34,180.2
2026-06-24 08:00:00,32.419,3.9433,403.09,105.09,7.89,161.7
2026-06-24 09:00:00,31.661,3.9441,395.0,101.04,8.04,183.3
2026-06-24 10:00:00,31.205,3.9456,400.27,103.23,7.38,182.3
2026-06-24 11:00:00,32.639,3.8959,403.48,100.97,8.48,189.1
2026-06-24 12:00:00,31.816,3.9342,396.53,103.54,7.87,195.7
2026-06-24 13:00:00,31.889,3.896,394.57,103.46,7.83,193.8
2026-06-24 14:00:00,30.095,3.9184,402.77,104.8,8.2,192.0
2026-06-24 15:00:00,31.544,3.8133,398.07,104.09,7.39,195.7
2026-06-24 16:00:00,32.447,3.815,401.47,106.58,7.25,194.6
2026-06-24 17:00:00,32.76,3.8351,400.74,105.25,7.48,194.2
2026-06-24 18:00:00,32.147,3.9431,397.27,104.79,9.5,173.6
2026-06-24 19:00:00,32.49,3.9925,401.72,105.03,8.49,181.9
2026-06-24 20:00:00,30.39,3.8502,399.74,104.55,7.49,199.4
2026-06-24 21:00:00,32.944,3.8724,399.17,100.28,7.84,190.8
2026-06-24 22:00:00,33.928,3.8678,404.04,105.23,8.44,198.3
2026-06-24 23:00:00,32.834,3.9042,403.09,100.88,8.11,192.2
2026-06-25 00:00:00,32.7,3.9339,399.13,103.17,7.45,200.6
2026-06-25 01:00:00,30.587,3.8997,394.39,102.64,7.41,206.6
2026-06-25 02:00:00,31.245,3.8625,399.42,107.82,7.87,200.7
2026-06-25 03:00:00,30.341,3.8827,398.09,103.1,9.46,184.7
2026-06-25 04:00:00,31.813,3.8514,398.27,103.54,8.44,189.5
2026-06-25 05:00:00,30.007,3.8634,400.14,102.53,8.6,177.0
2026-06-25 06:00:00,29.866,3.9132,405.66,107.2,9.13,183.2
2026-06-25 07:00:00,31.791,3.7945,397.78,107.9,8.58,192.9
2026-06-25 08:00:00,31.22,3.9198,400.49,101.49,9.95,190.6
2026-06-25 09:00:00,30.889,3.864,397.31,104.1,8.3,177.7
2026-06-25 10:00:00,31.12,3.84,406.0,105.96,7.55,191.2
2026-06-25 11:00:00,31.504,3.8447,404.22,104.75,7.08,185.0
2026-06-25 12:00:00,31.026,3.8604,396.75,102.59,6.79,202.0
2026-06-25 13:00:00,31.282,3.8051,397.28,103.95,8.25,200.3
2026-06-25 14:00:00,31.416,3.9695,402.52,104.55,7.77,212.9
2026-06-25 15:00:00,31.726,3.901,400.74,104.76,8.65,192.0
2026-06-25 16:00:00,29.5,3.9239,395.86,105.04,8.82,194.0
2026-06-25 17:00:00,31.322,3.8717,397.27,101.45,8.52,199.4
2026-06-25 18:00:00,30.667,3.938,401.86,104.07,6.66,195.2
2026-06-25 19:00:00,31.148,3.9967,401.07,103.21,9.33,190.4
2026-06-25 20:00:00,30.831,3.8799,399.94,104.55,7.65,187.9
2026-06-25 21:00:00,30.359,3.8549,400.19,103.33,8.23,186.4
2026-06-25 22:00:00,30.125,3.874,400.41,106.05,8.05,178.7
2026-06-25 23:00:00,31.248,3.8085,401.5,100.92,9.22,194.8
2026-06-26 00:00:00,28.996,3.9269,398.13,104.66,8.93,193.1
2026-06-26 01:00:00,27.957,3.9616,402.77,103.6,9.27,200.2
2026-06-26 02:00:00,28.679,3.8304,403.21,102.28,8.2,174.7
2026-06-26 03:00:00,27.365,3.9207,392.28,104.91,9.6,194.3
2026-06-26 04:00:00,28.207,3.8496,397.76,105.46,8.14,187.9
2026-06-26 05:00:00,29.679,3.8991,399.03,102.1,8.68,177.3
2026-06-26 06:00:00,28.604,3.8895,403.03,106.4,9.48,190.1
2026-06-26 07:00:00,27.69,3.8027,406.64,105.33,7.79,201.7
2026-06-26 08:00:00,27.871,3.9341,397.92,102.2,7.82,189.9
2026-06-26 09:00:00,29.425,3.8874,405.73,104.06,8.01,177.1
2026-06-26 10:00:00,28.527,3.9452,397.96,103.59,7.71,198.9
2026-06-26 11:00:00,29.93,3.8732,401.05,104.32,6.74,199.4
2026-06-26 12:00:00,28.222,3.9133,396.96,105.1,6.72,199.6
2026-06-26 13:00:00,29.766,3.8979,396.4,106.09,7.71,183.9
2026-06-26 14:00:00,30.478,3.8532,398.42,103.83,8.05,178.2
2026-06-26 15:00:00,30.125,3.8173,397.95,104.33,8.22,181.8
2026-06-26 16:00:00,27.592,3.8881,397.16,104.19,7.01,185.2
2026-06-26 17:00:00,29.399,3.9147,403.38,105.77,8.66,189.9
2026-06-26 18:00:00,28.497,3.8513,406.6,106.63,6.36,204.8
2026-06-26 19:00:00,27.789,3.8429,398.84,102.95,7.46,177.1
2026-06-26 20:00:00,30.238,3.9379,404.77,104.24,7.67,191.5
2026-06-26 21:00:00,25.855,3.8197,394.62,103.12,9.64,193.7
2026-06-26 22:00:00,29.189,3.9537,400.27,103.42,6.3,183.5
2026-06-26 23:00:00,27.894,3.8822,402.03,102.76,8.56,194.5
2026-06-27 00:00:00,32.475,3.8667,406.87,104.16,7.67,206.9
2026-06-27 01:00:00,33.034,3.9282,400.21,103.72,8.12,199.3
2026-06-27 02:00:00,31.377,3.9639,398.48,104.82,8.65,188.6
2026-06-27 03:00:00,32.483,3.929,397.82,102.9,8.08,205.2
2026-06-27 04:00:00,33.554,3.857,400.86,105.93,8.16,203.7
2026-06-27 05:00:00,31.443,3.8658,398.98,103.62,8.1,162.1
2026-06-27 06:00:00,30.663,3.894,398.72,106.61,8.03,185.5
2026-06-27 07:00:00,32.257,3.9861,394.98,103.59,7.73,189.3
2026-06-27 08:00:00,32.839,3.9164,402.03,105.34,7.6,177.1
2026-06-27 09:00:00,31.518,3.8936,398.54,103.3,7.81,191.9
2026-06-27 10:00:00,32.153,3.9541,400.77,103.6,7.86,190.0
2026-06-27 11:00:00,31.753,3.9162,402.93,103.05,8.63,174.8
2026-06-27 12:00:00,32.323,3.9506,397.25,105.57,8.18,191.4
2026-06-27 13:00:00,31.899,3.9286,396.65,104.19,7.02,183.9
2026-06-27 14:00:00,32.233,3.8173,402.33,104.85,7.29,183.2
2026-06-27 15:00:00,31.143,3.8934,404.24,106.95,7.72,183.0
2026-06-27 16:00:00,31.132,3.902,399.73,104.88,9.38,178.9
2026-06-27 17:00:00,31.903,3.787,398.24,103.09,6.84,198.1
2026-06-27 18:00:00,30.959,3.8999,399.93,104.62,7.44,172.2
2026-06-27 19:00:00,33.046,3.8943,398.33,106.21,6.58,192.6
2026-06-27 20:00:00,29.96,3.9196,401.25,102.36,7.16,189.4
2026-06-27 21:00:00,31.897,3.9132,399.34,103.73,8.12,196.9
2026-06-27 22:00:00,33.806,3.8928,402.1,103.49,7.64,209.1
2026-06-27 23:00:00,31.545,3.9885,402.43,105.92,7.12,175.6
2026-06-28 00:00:00,32.918,3.8841,398.66,103.87,8.03,173.4
2026-06-28 01:00:00,32.524,3.8943,402.74,106.8,8.43,180.5
2026-06-28 02:00:00,31.79,3.8831,400.55,104.25,8.09,179.2
2026-06-28 03:00:00,29.463,3.9277,397.66,104.71,7.49,186.3
2026-06-28 04:00:00,32.195,3.8226,398.34,104.34,8.19,183.0
2026-06-28 05:00:00,30.892,3.8171,405.02,102.61,8.42,177.3
2026-06-28 06:00:00,30.561,3.8607,397.25,102.56,8.47,185.3
2026-06-28 07:00:00,29.751,3.9507,402.33,104.23,8.28,191.6
2026-06-28 08:00:00,30.204,3.9399,400.87,104.09,8.41,191.3
2026-06-28 09:00:00,30.329,3.9382,397.39,101.76,8.82,182.4
2026-06-28 10:00:00,31.08,3.9609,400.08,104.55,7.25,179.7
2026-06-28 11:00:00,29.986,3.9153,398.43,102.97,8.25,176.6
2026-06-28 12:00:00,31.535,3.9489,402.45,105.97,7.96,181.4
2026-06-28 13:00:00,31.083,3.871,395.99,105.14,7.72,196.1
2026-06-28 14:00:00,32.076,3.7598,396.57,102.93,8.1,180.6
2026-06-28 15:00:00,31.444,3.9041,398.62,104.0,6.83,178.2
2026-06-28 16:00:00,31.491,3.8326,400.29,104.38,7.21,175.2
2026-06-28 17:00:00,31.929,3.9615,406.01,104.65,8.64,177.1
2026-06-28 18:00:00,30.487,3.9218,397.66,104.15,9.04,186.0
2026-06-28 19:00:00,30.909,3.8793,401.19,104.9,8.28,180.8
2026-06-28 20:00:00,30.109,3.9498,406.55,105.56,9.91,183.4
2026-06-28 21:00:00,31.509,3.8065,403.27,104.57,7.32,178.6
2026-06-28 22:00:00,30.479,3.9161,398.94,103.34,7.27,191.3
2026-06-28 23:00:00,31.138,3.8917,395.35,105.74,7.03,190.6
2026-06-29 00:00:00,30.498,3.8833,398.55,105.45,7.02,201.3
2026-06-29 01:00:00,28.751,3.8599,400.93,106.21,10.31,171.5
2026-06-29 02:00:00,29.472,3.9232,403.15,104.24,9.58,194.6
2026-06-29 03:00:00,29.703,3.8279,397.5,104.74,8.25,159.8
2026-06-29 04:00:00,30.193,3.8948,398.68,103.76,6.53,193.3
2026-06-29 05:00:00,28.301,3.854,405.86,102.52,7.0,193.8
2026-06-29 06:00:00,30.789,4.0103,397.8,104.64,6.85,194.2
2026-06-29 07:00:00,30.629,3.87,403.75,104.56,8.68,191.4
2026-06-29 08:00:00,30.497,3.8941,401.01,105.56,7.07,191.5
2026-06-29 09:00:00,30.493,3.8551,397.87,107.61,8.03,187.0
2026-06-29 10:00:00,30.507,3.9561,393.04,102.04,7.77,197.2
2026-06-29 11:00:00,30.54,3.8834,397.99,102.78,8.44,175.1
2026-06-29 12:00:00,28.312,3.8299,400.02,106.02,7.22,185.6
2026-06-29 13:00:00,29.122,3.9006,399.25,105.08,7.26,182.8
2026-06-29 14:00:00,30.692,3.8605,397.61,105.51,7.6,198.7
2026-06-29 15:00:00,29.065,3.9165,401.9,101.95,7.79,169.9
2026-06-29 16:00:00,31.773,3.8823,397.45,102.46,9.21,193.0
2026-06-29 17:00:00,31.233,3.9166,399.53,104.43,7.82,192.8
2026-06-29 18:00:00,28.755,3.9009,401.56,103.54,8.25,193.9
2026-06-29 19:00:00,29.268,3.876,402.83,99.44,8.44,201.9
2026-06-29 20:00:00,30.589,3.9855,401.31,105.21,8.92,189.0
2026-06-29 21:00:00,28.641,3.8913,403.2,102.92,7.14,178.9
2026-06-29 22:00:00,31.879,3.8772,397.12,102.96,8.2,185.6
2026-06-29 23:00:00,30.792,3.8792,399.17,104.33,9.25,181.4
2026-06-30 00:00:00,30.443,3.9786,404.04,103.43,8.59,191.1
2026-06-30 01:00:00,32.695,3.8249,400.62,106.79,7.67,180.3
2026-06-30 02:00:00,32.3,3.8578,403.54,102.26,6.07,198.1
2026-06-30 03:00:00,32.538,3.964,397.61,102.98,7.7,205.2
2026-06-30 04:00:00,31.357,3.902,401.45,103.35,8.64,200.4
2026-06-30 05:00:00,30.147,3.9877,400.18,104.42,9.12,187.7
2026-06-30 06:00:00,33.191,3.9631,398.35,105.98,9.07,186.7
2026-06-30 07:00:00,32.663,3.9309,393.72,102.57,8.03,181.8
2026-06-30 08:00:00,32.806,3.8444,399.43,102.73,8.56,197.1
2026-06-30 09:00:00,31.908,3.9209,404.04,103.86,8.67,201.8
2026-06-30 10:00:00,31.16,3.8444,395.59,104.59,8.0,207.6
2026-06-30 11:00:00,31.711,3.9366,400.29,102.54,7.77,205.0
2026-06-30 12:00:00,30.142,3.966,399.08,103.99,7.53,194.5
2026-06-30 13:00:00,32.275,3.9015,399.16,99.35,8.09,190.0
2026-06-30 14:00:00,32.52,3.9599,399.88,104.88,8.42,199.0
2026-06-30 15:00:00,33.447,3.9645,401.35,102.96,9.37,199.4
2026-06-30 16:00:00,33.54,3.8556,397.27,101.88,8.42,186.9
2026-06-30 17:00:00,33.654,3.8738,401.74,105.33,8.04,196.5
2026-06-30 18:00:00,32.422,3.9009,401.95,102.72,8.91,195.8
2026-06-30 19:00:00,33.279,3.8191,400.69,103.58,7.95,175.0
2026-06-30 20:00:00,31.39,3.8907,401.67,103.25,6.97,188.5
2026-06-30 21:00:00,31.561,3.8804,400.49,104.99,7.33,195.6
2026-06-30 22:00:00,33.149,3.8948,402.31,103.24,7.62,188.7
2026-06-30 23:00:00,31.012,3.8714,397.21,103.64,8.05,200.4
