time,steam_flow,steam_p,steam_t,feedwater_t,o2,fluegas_t
2024-02-01 00:00:00,27.05,3.8896,405.04,104.18,7.95,211.1
2024-02-01 01:00:00,26.033,3.8935,403.04,103.79,8.0,191.4
2024-02-01 02:00:00,26.177,3.8718,404.38,104.29,6.54,191.4
2024-02-01 03:00:00,25.88,3.8571,404.71,105.18,8.24,189.7
2024-02-01 04:00:00,25.663,3.8812,401.25,104.78,6.41,184.5
2024-02-01 05:00:00,26.235,3.9214,397.1,103.72,6.55,178.1
2024-02-01 06:00:00,26.67,3.9137,400.16,103.5,6.78,182.9
2024-02-01 07:00:00,26.354,3.8793,398.37,104.89,7.51,187.4
2024-02-01 08:00:00,26.761,3.933,402.78,101.88,8.75,192.9
2024-02-01 09:00:00,27.007,3.9308,397.5,103.94,9.51,211.2
2024-02-01 10:00:00,24.566,3.7691,405.03,102.86,7.64,196.5
2024-02-01 11:00:00,26.982,3.8396,401.79,104.4,6.36,182.9
2024-02-01 12:00:00,26.969,3.9451,397.48,104.39,7.9,178.2
2024-02-01 13:00:00,27.01,3.8843,399.66,101.78,6.93,192.0
2024-02-01 14:00:00,26.246,3.9668,402.38,104.83,8.09,194.4
2024-02-01 15:00:00,26.511,3.9086,404.57,106.86,9.45,183.3
2024-02-01 16:00:00,25.725,3.8866,402.29,104.54,8.2,205.6
2024-02-01 17:00:00,25.834,3.9403,399.57,103.49,8.55,181.3
2024-02-01 18:00:00,26.701,3.8584,396.8,105.71,7.68,205.2
2024-02-01 19:00:00,25.841,3.8774,398.88,104.57,6.59,184.1
2024-02-01 20:00:00,25.282,3.8349,400.02,104.02,9.14,206.9
2024-02-01 21:00:00,26.873,3.8941,403.61,104.08,8.67,185.3
2024-02-01 22:00:00,24.853,3.9162,396.91,104.51,8.23,194.8
2024-02-01 23:00:00,26.862,3.9205,398.86,105.43,8.08,178.7
2024-02-02 00:00:00,24.119,3.9665,401.41,105.19,8.38,182.9
2024-02-02 01:00:00,25.754,3.9322,405.42,101.84,6.7,187.1
2024-02-02 02:00:00,25.201,3.9712,402.96,105.43,8.26,184.9
2024-02-02 03:00:00,24.506,3.8983,401.93,105.18,7.49,184.7
2024-02-02 04:00:00,25.503,3.8441,401.02,102.59,8.16,196.3
2024-02-02 05:00:00,23.556,3.9114,400.91,102.61,9.38,189.6
2024-02-02 06:00:00,25.545,3.8279,395.43,103.37,8.75,193.5
2024-02-02 07:00:00,24.423,3.8597,399.85,104.98,8.75,188.6
2024-02-02 08:00:00,23.893,3.9048,405.29,105.58,8.1,180.1
2024-02-02 09:00:00,24.317,3.8839,398.3,98.12,9.29,179.1
2024-02-02 10:00:00,24.291,3.8928,400.74,102.17,7.55,182.1
2024-02-02 11:00:00,25.189,3.8599,395.6,101.9,8.62,194.5
2024-02-02 12:00:00,22.593,3.8554,399.2,102.12,8.33,192.3
2024-02-02 13:00:00,25.458,3.861,401.26,107.81,8.51,192.1
2024-02-02 14:00:00,25.21,3.9831,399.7,105.44,9.58,188.4
2024-02-02 15:00:00,23.961,3.9461,401.71,105.13,8.14,187.5
2024-02-02 16:00:00,24.129,3.9081,394.68,104.95,9.69,185.0
2024-02-02 17:00:00,23.401,3.9772,402.4,104.86,7.29,178.4
2024-02-02 18:00:00,24.884,3.9562,398.83,105.33,8.73,192.5
2024-02-02 19:00:00,23.726,3.8814,396.84,100.88,6.3,193.1
2024-02-02 20:00:00,24.72,3.8715,399.66,106.74,8.24,201.2
2024-02-02 21:00:00,25.349,3.8469,402.96,101.88,8.5,180.6
2024-02-02 22:00:00,24.962,3.8478,398.04,105.49,7.69,187.4
2024-02-02 23:00:00,25.07,3.9395,398.89,105.03,8.68,189.5
2024-02-03 00:00:00,27.561,3.9256,401.34,105.4,9.29,190.4
2024-02-03 01:00:00,28.593,3.9394,398.86,103.97,8.88,200.7
2024-02-03 02:00:00,28.785,3.8947,399.26,102.16,7.22,183.3
2024-02-03 03:00:00,27.699,3.8692,402.14,103.24,7.71,203.3
2024-02-03 04:00:00,27.772,3.892,404.18,102.57,8.23,178.6
2024-02-03 05:00:00,27.976,3.9324,399.27,103.56,9.08,191.8
2024-02-03 06:00:00,26.542,3.8262,404.08,106.38,8.94,198.0
2024-02-03 07:00:00,27.318,3.8936,397.72,105.12,7.97,196.8
2024-02-03 08:00:00,27.218,3.9087,402.99,104.37,10.25,204.4
2024-02-03 09:00:00,26.967,3.9107,404.27,107.57,6.97,190.2
2024-02-03 10:00:00,25.791,3.9211,399.64,104.48,8.88,179.1
2024-02-03 11:00:00,26.697,3.9172,398.72,103.36,7.03,171.4
2024-02-03 12:00:00,27.091,3.9865,405.32,107.97,8.87,189.0
2024-02-03 13:00:00,25.879,3.9227,398.52,103.49,6.99,179.0
2024-02-03 14:00:00,27.842,3.8763,399.58,104.78,9.02,179.6
2024-02-03 15:00:00,28.712,3.9005,399.11,104.72,6.62,185.8
2024-02-03 16:00:00,27.235,3.8836,398.05,104.8,8.11,185.6
2024-02-03 17:00:00,26.682,3.8936,398.17,105.92,8.57,179.8
2024-02-03 18:00:00,26.828,3.8445,401.78,104.87,7.94,191.1
2024-02-03 19:00:00,27.517,3.9113,404.23,104.03,8.85,209.6
2024-02-03 20:00:00,26.184,3.8631,396.17,103.31,8.0,194.5
2024-02-03 21:00:00,25.81,3.9003,399.14,105.72,7.24,193.9
2024-02-03 22:00:00,28.322,3.9283,401.3,102.22,7.25,173.9
2024-02-03 23:00:00,28.391,3.9095,401.45,104.75,9.31,187.6
2024-02-04 00:00:00,25.278,3.8537,404.45,103.54,7.07,185.3
2024-02-04 01:00:00,23.221,3.8501,399.49,103.33,7.93,186.6
2024-02-04 02:00:00,24.133,3.9503,395.9,102.74,7.5,195.6
2024-02-04 03:00:00,24.977,3.8708,398.52,105.64,9.15,189.7
2024-02-04 04:00:00,24.275,3.9167,405.17,103.18,8.34,180.1
2024-02-04 05:00:00,24.814,3.9417,401.09,102.81,7.76,186.5
2024-02-04 06:00:00,25.261,3.8457,399.69,105.7,8.98,193.9
2024-02-04 07:00:00,25.811,3.927,402.14,106.83,7.39,198.5
2024-02-04 08:00:00,23.515,3.8654,400.28,104.18,9.16,192.3
2024-02-04 09:00:00,26.145,3.8676,400.22,103.27,6.32,186.3
2024-02-04 10:00:00,24.968,3.8712,397.95,103.02,7.25,185.1
2024-02-04 11:00:00,23.731,3.9097,392.43,101.2,7.76,194.1
2024-02-04 12:00:00,24.596,3.8267,399.2,101.82,8.29,206.1
2024-02-04 13:00:00,25.085,3.8497,401.67,105.93,7.16,197.7
2024-02-04 14:00:00,24.542,3.9202,402.04,102.61,6.93,213.8
2024-02-04 15:00:00,26.066,3.9737,401.41,104.47,8.5,187.2
2024-02-04 16:00:00,24.818,3.9271,401.73,103.76,7.67,205.8
2024-02-04 17:00:00,24.656,3.8656,400.43,103.33,6.62,177.2
2024-02-04 18:00:00,22.882,3.8152,403.24,103.6,5.47,182.8
2024-02-04 19:00:00,25.786,3.8226,402.75,102.22,7.54,185.0
2024-02-04 20:00:00,25.359,3.8598,398.86,102.47,8.67,191.3
2024-02-04 21:00:00,23.76,3.8513,398.35,103.43,7.77,192.0
2024-02-04 22:00:00,24.741,3.9502,397.14,104.38,9.01,196.4
2024-02-04 23:00:00,25.299,3.8849,396.77,101.42,7.4,181.7
2024-02-05 00:00:00,27.295,3.841,401.36,104.21,9.48,179.7
2024-02-05 01:00:00,27.343,3.8284,401.77,106.11,7.52,193.1
2024-02-05 02:00:00,27.055,3.8586,396.84,101.71,7.94,179.3
2024-02-05 03:00:00,27.621,3.8992,403.3,104.04,9.72,203.3
2024-02-05 04:00:00,26.07,3.9016,393.69,104.43,7.18,198.1
2024-02-05 05:00:00,26.893,3.8595,402.89,102.22,7.26,170.4
2024-02-05 06:00:00,25.749,3.8622,401.59,105.23,7.71,199.9
2024-02-05 07:00:00,27.255,3.7874,398.76,103.59,9.38,197.2
2024-02-05 08:00:00,26.499,3.8666,401.43,105.93,7.88,179.3
2024-02-05 09:00:00,27.04,3.8209,398.94,105.37,7.23,188.0
2024-02-05 10:00:00,25.197,3.9821,399.77,104.8,7.52,209.1
2024-02-05 11:00:00,27.38,3.9043,401.51,101.44,8.2,202.7
2024-02-05 12:00:00,25.876,3.8848,398.82,104.67,8.16,172.9
2024-02-05 13:00:00,26.84,3.8779,399.8,103.33,7.5,191.6
2024-02-05 14:00:00,25.295,3.8292,399.3,105.68,7.68,187.1
2024-02-05 15:00:00,26.102,3.9017,398.58,106.2,8.23,190.4
2024-02-05 16:00:00,26.563,3.936,403.41,103.78,8.1,192.8
2024-02-05 17:00:00,25.815,3.8685,399.52,104.57,7.95,165.7
2024-02-05 18:00:00,25.334,3.9063,398.62,103.94,7.58,200.2
2024-02-05 19:00:00,26.613,3.9369,396.35,105.61,7.45,208.8
2024-02-05 20:00:00,25.947,3.8911,394.4,104.32,7.26,183.2
2024-02-05 21:00:00,26.899,4.0098,398.26,102.09,6.24,183.3
2024-02-05 22:00:00,26.539,3.8306,396.93,106.04,8.88,201.6
2024-02-05 23:00:00,25.443,3.8598,396.66,103.45,7.75,194.3
2024-02-06 00:00:00,3.546,3.927,402.4,105.43,7.73,186.9
2024-02-06 01:00:00,3.863,4.0044,399.59,102.69,7.34,186.2
2024-02-06 02:00:00,4.573,3.8938,400.15,106.47,7.45,191.0
2024-02-06 03:00:00,5.497,3.8331,396.89,105.66,7.12,194.3
2024-02-06 04:00:00,5.466,3.9378,405.45,102.97,7.25,190.4
2024-02-06 05:00:00,5.96,3.8383,397.56,103.59,9.28,198.2
2024-02-06 06:00:00,7.244,3.9477,399.18,102.33,8.56,181.3
2024-02-06 07:00:00,7.938,3.8841,397.78,104.73,8.27,195.4
2024-02-06 08:00:00,7.812,3.9172,395.81,104.69,6.8,192.9
2024-02-06 09:00:00,8.739,3.954,401.46,102.57,7.78,198.3
2024-02-06 10:00:00,9.538,3.8733,401.47,106.2,7.44,195.3
2024-02-06 11:00:00,9.985,3.8954,401.05,106.26,8.39,192.4
2024-02-06 12:00:00,10.263,3.8844,396.5,102.48,6.84,187.7
2024-02-06 13:00:00,10.357,3.8181,403.43,103.7,8.78,203.7
2024-02-06 14:00:00,12.322,3.8983,392.93,104.73,7.97,175.1
2024-02-06 15:00:00,10.518,3.9547,403.29,105.98,9.18,202.4
2024-02-06 16:00:00,12.935,3.9212,403.15,104.88,8.16,196.9
2024-02-06 17:00:00,12.866,3.8624,406.12,107.45,9.05,182.8
2024-02-06 18:00:00,13.513,3.9529,401.7,103.89,9.47,191.5
2024-02-06 19:00:00,13.793,3.9047,398.29,105.55,6.71,191.2
2024-02-06 20:00:00,14.28,3.9841,402.18,102.36,8.72,198.6
2024-02-06 21:00:00,13.852,3.8752,396.5,103.61,8.23,218.6
2024-02-06 22:00:00,14.144,3.9121,395.09,102.31,7.57,189.3
2024-02-06 23:00:00,13.69,3.957,404.83,106.01,7.52,186.2
2024-02-07 00:00:00,26.479,3.8289,396.24,104.71,7.4,197.0
2024-02-07 01:00:00,26.929,3.8781,400.36,104.24,10.36,183.8
2024-02-07 02:00:00,27.408,3.8345,399.01,106.3,8.53,209.6
2024-02-07 03:00:00,25.769,3.86,400.63,102.5,7.5,176.9
2024-02-07 04:00:00,27.709,3.8829,399.92,102.12,7.71,207.6
2024-02-07 05:00:00,27.756,3.9033,397.56,103.65,8.1,210.0
2024-02-07 06:00:00,27.313,3.891,399.61,102.45,8.23,180.1
2024-02-07 07:00:00,26.54,3.8808,406.71,106.7,7.88,198.9
2024-02-07 08:00:00,27.304,3.9348,399.98,105.25,9.43,190.2
2024-02-07 09:00:00,28.218,3.9044,402.85,102.51,8.55,182.6
2024-02-07 10:00:00,26.574,3.9093,407.13,104.66,9.03,197.0
2024-02-07 11:00:00,26.944,3.8438,397.22,101.4,8.4,190.2
2024-02-07 12:00:00,27.276,3.9285,406.26,103.62,8.3,196.2
2024-02-07 13:00:00,27.791,3.8931,404.27,103.22,8.12,172.9
2024-02-07 14:00:00,27.319,3.896,399.11,103.04,8.48,199.0
2024-02-07 15:00:00,29.264,3.8747,402.15,105.03,9.17,185.6
2024-02-07 16:00:00,26.656,3.9044,398.48,104.2,7.5,191.8
2024-02-07 17:00:00,28.08,3.9091,401.63,105.34,8.73,194.8
2024-02-07 18:00:00,25.864,3.8474,404.64,102.96,7.94,201.4
2024-02-07 19:00:00,26.436,3.7985,397.54,105.33,8.84,196.9
2024-02-07 20:00:00,29.03,3.9658,394.4,101.3,7.9,171.8
2024-02-07 21:00:00,27.913,3.7995,400.18,102.47,8.5,210.8
2024-02-07 22:00:00,27.188,3.774,397.96,102.8,8.05,205.4
2024-02-07 23:00:00,26.748,3.8647,395.69,101.56,6.95,188.3
2024-02-08 00:00:00,26.294,3.9098,398.33,104.54,7.43,200.5
2024-02-08 01:00:00,24.79,3.8162,400.34,103.03,9.11,183.9
2024-02-08 02:00:00,26.087,3.9177,403.79,106.01,6.95,170.0
2024-02-08 03:00:00,25.218,3.9315,402.62,103.11,9.57,189.1
2024-02-08 04:00:00,26.919,3.898,395.85,103.26,8.76,201.2
2024-02-08 05:00:00,25.962,4.0106,401.09,105.16,8.55,188.3
2024-02-08 06:00:00,24.992,3.9121,400.05,103.55,8.36,188.5
2024-02-08 07:00:00,26.76,3.9524,399.06,106.49,8.11,176.1
2024-02-08 08:00:00,24.94,3.8856,402.27,103.37,9.07,213.8
2024-02-08 09:00:00,25.227,3.9164,397.95,106.24,6.71,200.5
2024-02-08 10:00:00,25.63,3.9153,401.35,103.33,7.45,210.4
2024-02-08 11:00:00,26.402,3.9288,405.07,103.23,8.88,190.0
2024-02-08 12:00:00,24.687,3.8731,400.99,102.92,7.34,198.6
2024-02-08 13:00:00,26.041,3.8832,395.67,105.15,9.05,192.9
2024-02-08 14:00:00,26.434,3.8997,404.08,105.85,8.38,201.6
2024-02-08 15:00:00,25.887,3.9857,403.92,104.08,9.15,194.8
2024-02-08 16:00:00,25.819,3.9211,399.08,105.19,8.09,192.6
2024-02-08 17:00:00,27.527,3.7863,399.37,106.28,7.51,178.9
2024-02-08 18:00:00,26.987,3.995,399.37,104.69,7.84,182.6
2024-02-08 19:00:00,26.397,3.9423,400.68,102.69,8.28,185.8
2024-02-08 20:00:00,25.51,3.9193,400.62,102.16,8.74,187.2
2024-02-08 21:00:00,25.668,3.8504,398.19,101.96,7.99,183.1
2024-02-08 22:00:00,25.558,3.9633,398.19,105.49,7.39,190.6
2024-02-08 23:00:00,24.603,3.9093,402.03,99.41,7.33,194.5
2024-02-09 00:00:00,26.899,3.8707,399.57,104.9,8.3,174.1
2024-02-09 01:00:00,27.33,3.8645,400.48,104.28,7.8,202.6
2024-02-09 02:00:00,27.293,3.9256,405.38,103.43,7.96,200.0
2024-02-09 03:00:00,26.702,3.8582,401.66,105.1,7.01,196.8
2024-02-09 04:00:00,26.255,3.9028,400.71,106.21,8.3,201.7
2024-02-09 05:00:00,26.562,3.9196,398.42,106.1,8.09,185.2
2024-02-09 06:00:00,27.581,3.9439,401.72,104.66,8.34,194.2
2024-02-09 07:00:00,26.766,3.8864,401.42,103.55,9.24,191.6
2024-02-09 08:00:00,26.735,3.8173,399.16,103.96,6.65,184.4
2024-02-09 09:00:00,26.15,3.8982,402.57,101.46,8.41,201.5
2024-02-09 10:00:00,27.604,3.8992,395.56,105.01,8.15,197.1
2024-02-09 11:00:00,27.33,3.8947,396.04,103.04,6.89,193.9
2024-02-09 12:00:00,26.444,3.8002,393.99,104.78,6.88,172.5
2024-02-09 13:00:00,27.525,3.888,397.82,103.94,9.1,189.1
2024-02-09 14:00:00,27.742,3.9322,399.7,105.23,7.14,176.7
2024-02-09 15:00:00,26.163,3.9537,397.87,103.53,7.27,190.4
2024-02-09 16:00:00,26.238,3.9311,397.62,103.92,8.68,180.6
2024-02-09 17:00:00,25.797,3.8461,394.59,105.44,8.05,198.4
2024-02-09 18:00:00,26.305,3.9019,402.89,104.49,9.07,188.2
2024-02-09 19:00:00,25.096,3.838,397.07,103.67,7.31,178.4
2024-02-09 20:00:00,26.227,3.8269,399.92,103.77,8.42,203.6
2024-02-09 21:00:00,26.559,3.9835,398.35,103.09,7.56,180.3
2024-02-09 22:00:00,27.631,3.798,401.0,104.49,8.12,188.5
2024-02-09 23:00:00,27.185,3.9623,398.96,104.18,8.89,169.7
2024-02-10 00:00:00,26.949,3.8549,398.82,105.42,8.54,190.4
2024-02-10 01:00:00,25.936,3.8676,400.19,105.03,8.82,192.6
2024-02-10 02:00:00,26.381,3.9526,398.64,103.86,8.18,187.3
2024-02-10 03:00:00,26.883,3.8883,399.11,107.65,7.42,198.1
2024-02-10 04:00:00,26.499,3.8625,401.15,102.27,7.08,193.2
2024-02-10 05:00:00,24.566,3.8048,397.82,102.9,8.15,170.4
2024-02-10 06:00:00,26.49,3.8682,399.32,102.31,7.15,216.3
2024-02-10 07:00:00,26.446,3.8918,405.26,105.79,5.49,188.8
2024-02-10 08:00:00,26.813,3.8639,398.27,104.93,7.65,186.2
2024-02-10 09:00:00,25.281,3.8836,398.83,103.95,8.68,185.9
2024-02-10 10:00:00,24.382,3.8277,402.14,102.66,7.61,197.7
2024-02-10 11:00:00,28.036,3.8021,404.25,104.52,7.85,171.0
2024-02-10 12:00:00,25.173,3.9478,393.86,107.11,8.22,188.2
2024-02-10 13:00:00,24.448,3.8952,402.77,104.56,8.31,192.0
2024-02-10 14:00:00,26.573,3.9413,405.84,102.78,7.81,198.5
2024-02-10 15:00:00,25.807,3.8104,400.14,102.94,8.91,203.3
2024-02-10 16:00:00,27.159,3.9721,403.56,103.69,7.08,195.7
2024-02-10 17:00:00,27.952,3.9257,404.41,105.38,8.35,177.9
2024-02-10 18:00:00,26.368,3.96,399.58,103.88,7.17,175.6
2024-02-10 19:00:00,25.649,3.8268,403.02,106.23,6.84,197.3
2024-02-10 20:00:00,26.5,3.8719,400.05,106.6,7.86,195.4
2024-02-10 21:00:00,25.768,3.8925,392.79,103.71,8.4,171.5
2024-02-10 22:00:00,26.044,3.7906,401.79,103.48,8.27,171.4
2024-02-10 23:00:00,26.343,3.9064,395.93,105.27,9.31,185.9
2024-02-11 00:00:00,21.723,3.9222,406.27,103.45,7.12,189.3
2024-02-11 01:00:00,21.539,3.8914,396.04,102.11,9.39,193.9
2024-02-11 02:00:00,21.817,3.8688,404.68,103.14,8.71,193.9
2024-02-11 03:00:00,22.912,3.9247,397.35,102.36,7.99,186.9
2024-02-11 04:00:00,22.893,3.8768,394.92,103.49,9.51,174.4
2024-02-11 05:00:00,22.126,3.9379,404.82,104.37,9.24,185.8
2024-02-11 06:00:00,22.512,3.8824,394.73,104.34,6.23,207.8
2024-02-11 07:00:00,23.757,3.9591,397.32,103.48,8.36,201.7
2024-02-11 08:00:00,22.077,3.8765,400.61,106.07,7.59,205.4
2024-02-11 09:00:00,22.362,3.8715,399.32,103.04,8.19,186.7
2024-02-11 10:00:00,21.709,3.9116,398.01,103.83,8.76,199.0
2024-02-11 11:00:00,22.299,3.9036,399.79,99.19,7.54,186.4
2024-02-11 12:00:00,22.805,3.962,398.58,102.69,6.89,194.0
2024-02-11 13:00:00,22.677,3.8668,403.17,105.5,7.85,186.3
2024-02-11 14:00:00,21.979,3.9036,393.26,101.27,7.78,192.5
2024-02-11 15:00:00,22.964,3.7801,404.16,101.11,8.33,191.7
2024-02-11 16:00:00,21.331,3.9124,399.12,103.59,8.1,176.9
2024-02-11 17:00:00,21.494,3.8083,401.55,104.67,7.15,178.3
2024-02-11 18:00:00,22.249,3.8514,400.92,104.95,6.95,190.4
2024-02-11 19:00:00,21.885,3.9402,394.16,105.61,7.78,190.3
2024-02-11 20:00:00,21.903,3.7946,400.55,105.42,8.64,188.8
2024-02-11 21:00:00,21.35,3.8214,402.21,103.75,8.16,185.0
2024-02-11 22:00:00,21.729,3.9183,395.96,105.29,8.23,197.0
2024-02-11 23:00:00,22.631,3.9623,399.59,105.02,8.36,193.9
2024-02-12 00:00:00,25.575,3.8321,403.0,106.5,8.3,200.5
2024-02-12 01:00:00,25.342,3.8281,405.77,104.0,7.25,194.6
2024-02-12 02:00:00,24.857,3.9396,402.1,103.67,8.42,176.8
2024-02-12 03:00:00,26.215,3.8956,397.3,104.31,7.79,192.3
2024-02-12 04:00:00,26.222,3.9198,399.66,103.75,7.95,199.3
2024-02-12 05:00:00,24.398,3.9284,400.92,101.25,7.56,189.9
2024-02-12 06:00:00,26.665,3.9101,398.2,104.55,8.39,194.3
2024-02-12 07:00:00,27.557,3.9138,396.02,105.67,7.33,209.0
2024-02-12 08:00:00,26.061,3.8927,400.13,104.36,8.98,198.1
2024-02-12 09:00:00,25.769,3.8498,400.64,105.29,8.18,187.6
2024-02-12 10:00:00,24.757,3.9998,400.24,104.13,8.04,185.7
2024-02-12 11:00:00,25.083,4.0204,397.17,103.35,6.91,187.5
2024-02-12 12:00:00,25.881,3.8812,404.88,105.49,7.56,181.0
2024-02-12 13:00:00,27.058,3.8832,399.56,105.96,8.85,190.7
2024-02-12 14:00:00,25.818,3.9047,400.37,103.34,8.76,192.3
2024-02-12 15:00:00,25.893,3.8877,396.95,105.6,8.27,184.2
2024-02-12 16:00:00,25.743,3.8131,399.84,105.57,8.37,187.0
2024-02-12 17:00:00,25.506,3.8836,399.45,103.82,6.89,181.0
2024-02-12 18:00:00,25.615,3.9045,402.46,104.61,8.13,178.2
2024-02-12 19:00:00,26.172,3.8227,398.48,104.22,7.33,200.5
2024-02-12 20:00:00,26.486,3.8491,397.05,104.44,7.99,211.2
2024-02-12 21:00:00,26.187,4.0154,395.98,102.35,7.33,177.3
2024-02-12 22:00:00,24.681,3.9856,401.3,105.46,8.55,190.4
2024-02-12 23:00:00,25.162,3.9483,405.1,101.54,9.07,196.2
2024-02-13 00:00:00,26.227,3.8407,400.08,103.57,8.48,189.2
2024-02-13 01:00:00,25.891,3.906,398.59,105.67,8.9,194.3
2024-02-13 02:00:00,27.726,3.9018,399.6,107.19,6.62,200.3
2024-02-13 03:00:00,28.501,3.968,398.16,105.68,8.14,195.7
2024-02-13 04:00:00,26.513,3.885,403.74,102.98,7.13,181.1
2024-02-13 05:00:00,25.841,3.9273,404.74,106.77,6.43,183.7
2024-02-13 06:00:00,27.431,3.9296,399.9,105.85,8.78,187.6
2024-02-13 07:00:00,25.407,3.8923,402.34,104.95,8.75,196.1
2024-02-13 08:00:00,25.233,3.8424,404.96,105.51,8.9,201.8
2024-02-13 09:00:00,26.763,3.9548,397.95,105.08,8.05,177.3
2024-02-13 10:00:00,25.473,3.8445,401.62,104.36,7.92,189.5
2024-02-13 11:00:00,26.97,3.9882,399.12,102.62,7.89,181.0
2024-02-13 12:00:00,27.551,3.9175,400.95,105.43,7.09,182.4
2024-02-13 13:00:00,26.644,3.8482,400.44,102.37,7.13,180.3
2024-02-13 14:00:00,27.741,3.9533,403.51,104.94,8.42,187.5
2024-02-13 15:00:00,26.706,3.9066,403.07,101.15,8.87,200.5
2024-02-13 16:00:00,26.893,3.9918,402.33,104.44,8.19,198.9
2024-02-13 17:00:00,26.203,3.9782,394.35,103.07,8.08,183.9
2024-02-13 18:00:00,25.487,3.9539,392.35,105.32,7.89,193.5
2024-02-13 19:00:00,27.34,3.835,398.08,100.31,6.33,192.5
2024-02-13 20:00:00,28.565,3.9159,398.16,105.32,8.45,201.8
2024-02-13 21:00:00,28.033,3.9407,400.74,101.67,7.66,186.4
2024-02-13 22:00:00,26.529,3.9255,400.58,103.08,8.65,191.9
2024-02-13 23:00:00,26.325,3.9217,399.02,104.98,9.16,175.2
2024-02-14 00:00:00,21.271,3.889,401.34,106.07,9.65,190.7
2024-02-14 01:00:00,20.698,4.0014,403.01,104.66,9.01,180.6
2024-02-14 02:00:00,21.7,3.9305,400.72,102.6,8.47,215.9
2024-02-14 03:00:00,20.239,3.9822,401.4,105.19,7.76,214.4
2024-02-14 04:00:00,21.274,3.8794,398.73,105.75,9.06,172.7
2024-02-14 05:00:00,20.308,3.8772,392.61,102.89,7.48,198.4
2024-02-14 06:00:00,21.947,3.893,403.08,99.99,7.55,183.1
2024-02-14 07:00:00,21.454,3.8951,404.34,103.57,7.95,175.7
2024-02-14 08:00:00,22.011,3.8402,405.38,104.23,9.65,200.2
2024-02-14 09:00:00,20.286,3.8872,398.08,102.91,8.11,192.2
2024-02-14 10:00:00,20.756,3.8652,402.32,103.82,7.82,211.7
2024-02-14 11:00:00,21.265,3.8824,401.39,105.37,8.73,192.0
2024-02-14 12:00:00,20.323,3.9131,406.09,104.12,8.07,179.6
2024-02-14 13:00:00,20.757,3.8883,397.19,104.97,7.58,176.9
2024-02-14 14:00:00,20.37,3.8926,391.84,106.55,8.76,192.5
2024-02-14 15:00:00,20.554,3.8545,398.65,106.58,8.43,199.6
2024-02-14 16:00:00,21.887,3.848,395.0,103.66,7.0,194.5
2024-02-14 17:00:00,21.086,3.9073,398.94,102.58,8.45,181.2
2024-02-14 18:00:00,21.283,3.8272,397.21,103.11,8.88,207.3
2024-02-14 19:00:00,21.295,3.9556,400.85,106.57,6.82,188.7
2024-02-14 20:00:00,21.484,3.9632,398.39,102.68,7.93,182.4
2024-02-14 21:00:00,20.311,3.8278,397.97,105.13,8.38,192.9
2024-02-14 22:00:00,21.428,3.8755,403.87,102.29,7.48,189.9
2024-02-14 23:00:00,19.89,3.9036,405.2,104.05,8.69,183.2
2024-02-15 00:00:00,26.911,3.8557,398.13,100.68,8.94,201.7
2024-02-15 01:00:00,27.254,3.9194,400.73,104.88,8.73,202.7
2024-02-15 02:00:00,26.846,3.8985,403.22,104.45,8.66,194.9
2024-02-15 03:00:00,27.666,3.8754,399.37,103.69,7.95,202.3
2024-02-15 04:00:00,27.118,3.9364,401.82,105.38,9.91,189.9
2024-02-15 05:00:00,26.326,3.8647,399.92,105.63,7.52,193.0
2024-02-15 06:00:00,26.862,3.8393,395.83,102.23,7.74,194.9
2024-02-15 07:00:00,26.653,3.9869,399.31,103.47,7.16,190.8
2024-02-15 08:00:00,27.338,3.9457,400.61,104.1,7.98,201.5
2024-02-15 09:00:00,26.274,3.838,396.53,103.09,8.96,194.7
2024-02-15 10:00:00,27.719,3.9377,399.79,106.29,7.21,190.5
2024-02-15 11:00:00,26.782,3.8571,399.0,104.51,8.45,203.7
2024-02-15 12:00:00,26.134,3.8783,402.17,104.03,8.7,174.3
2024-02-15 13:00:00,27.471,3.8966,400.26,105.19,7.81,176.5
2024-02-15 14:00:00,26.609,3.8449,406.05,101.24,8.35,177.0
2024-02-15 15:00:00,27.451,3.8634,395.14,103.24,8.64,206.0
2024-02-15 16:00:00,28.482,4.0099,400.76,104.91,8.28,190.5
2024-02-15 17:00:00,26.514,3.8921,400.61,102.55,7.52,181.3
2024-02-15 18:00:00,27.273,3.9036,401.05,104.42,8.55,177.4
2024-02-15 19:00:00,26.652,3.9029,405.74,101.73,7.94,173.1
2024-02-15 20:00:00,28.018,3.8807,400.28,104.29,8.1,197.5
2024-02-15 21:00:00,27.845,3.9551,395.99,102.14,8.09,191.8
2024-02-15 22:00:00,27.56,3.8504,399.65,103.17,8.35,185.5
2024-02-15 23:00:00,28.539,3.9104,399.26,104.38,9.13,185.8
2024-02-16 00:00:00,25.586,3.92,400.94,103.56,8.5,200.2
2024-02-16 01:00:00,26.614,4.025,398.79,103.73,6.79,206.6
2024-02-16 02:00:00,27.272,3.9443,397.5,107.15,9.93,190.2
2024-02-16 03:00:00,25.1,3.9269,397.09,103.65,9.08,186.6
2024-02-16 04:00:00,27.103,3.9263,402.45,105.17,8.1,188.4
2024-02-16 05:00:00,26.417,3.8157,402.81,102.94,7.59,176.8
2024-02-16 06:00:00,26.36,3.8579,401.31,102.99,8.43,188.3
2024-02-16 07:00:00,26.69,3.8398,400.56,101.98,8.04,172.2
2024-02-16 08:00:00,26.463,3.9,402.27,104.22,8.53,196.2
2024-02-16 09:00:00,25.807,3.8783,392.33,105.14,9.2,176.4
2024-02-16 10:00:00,26.39,3.8981,397.41,102.97,8.76,185.9
2024-02-16 11:00:00,26.748,3.8675,397.71,105.86,7.15,190.4
2024-02-16 12:00:00,26.707,3.8968,407.82,102.9,8.13,179.2
2024-02-16 13:00:00,26.592,3.7846,396.81,102.12,8.46,184.5
2024-02-16 14:00:00,27.381,3.7535,400.13,102.46,7.71,197.2
2024-02-16 15:00:00,26.632,3.9181,397.52,103.02,8.3,180.2
2024-02-16 16:00:00,26.334,3.921,400.9,102.76,7.94,184.5
2024-02-16 17:00:00,25.843,3.9289,400.04,105.06,9.47,190.0
2024-02-16 18:00:00,27.637,3.9068,398.99,105.23,8.05,186.6
2024-02-16 19:00:00,27.19,3.8789,400.63,105.15,7.46,188.2
2024-02-16 20:00:00,26.097,3.8246,399.13,102.19,6.66,189.6
2024-02-16 21:00:00,26.008,3.8942,399.53,105.25,9.04,197.1
2024-02-16 22:00:00,26.615,3.927,395.02,104.78,8.3,192.3
2024-02-16 23:00:00,25.991,3.9283,403.52,102.16,8.17,179.1
2024-02-17 00:00:00,26.316,3.8925,400.59,104.13,7.88,193.3
2024-02-17 01:00:00,28.516,3.8413,395.84,103.92,8.74,201.5
2024-02-17 02:00:00,27.29,3.8665,404.34,105.39,8.16,188.9
2024-02-17 03:00:00,27.988,3.863,408.28,103.3,7.25,188.5
2024-02-17 04:00:00,28.725,3.8883,395.12,105.38,7.8,198.7
2024-02-17 05:00:00,27.376,3.9143,404.03,105.04,8.93,188.1
2024-02-17 06:00:00,28.357,3.9086,398.28,105.62,8.25,175.7
2024-02-17 07:00:00,26.939,3.9514,401.1,103.11,8.61,185.8
2024-02-17 08:00:00,27.71,3.9247,402.31,106.93,9.22,193.3
2024-02-17 09:00:00,27.419,3.9231,400.46,106.76,8.76,184.6
2024-02-17 10:00:00,27.184,3.9515,404.12,104.2,7.11,185.9
2024-02-17 11:00:00,27.977,3.8699,396.15,102.3,8.87,177.3
2024-02-17 12:00:00,28.383,3.8385,394.62,102.34,8.48,204.6
2024-02-17 13:00:00,27.321,3.799,405.84,105.1,9.07,177.8
2024-02-17 14:00:00,28.566,3.8491,404.05,103.56,7.42,179.0
2024-02-17 15:00:00,28.705,3.8558,396.85,103.55,7.78,180.9
2024-02-17 16:00:00,29.224,3.9549,403.05,101.0,6.59,174.3
2024-02-17 17:00:00,27.821,3.8968,403.12,103.73,9.74,188.6
2024-02-17 18:00:00,29.187,3.8666,396.16,104.28,8.36,191.4
2024-02-17 19:00:00,28.395,3.9356,400.59,103.54,8.97,185.4
2024-02-17 20:00:00,27.838,3.8914,395.11,104.09,7.3,187.1
2024-02-17 21:00:00,27.649,3.9134,404.26,105.44,8.23,202.4
2024-02-17 22:00:00,26.783,3.942,404.77,102.51,8.6,181.2
2024-02-17 23:00:00,27.6,3.9042,400.21,103.75,6.83,184.9
2024-02-18 00:00:00,26.49,3.8991,400.85,101.09,7.39,205.8
2024-02-18 01:00:00,27.111,3.9006,395.91,103.69,8.95,190.1
2024-02-18 02:00:00,26.555,3.8334,400.94,104.86,7.59,183.3
2024-02-18 03:00:00,26.946,3.892,399.21,103.52,8.03,177.6
2024-02-18 04:00:00,25.584,3.9794,399.03,105.38,8.26,189.6
2024-02-18 05:00:00,26.518,3.9404,402.4,103.25,8.05,197.8
2024-02-18 06:00:00,25.59,4.0059,395.31,102.48,7.18,195.3
2024-02-18 07:00:00,25.593,3.9461,399.01,103.14,7.54,192.2
2024-02-18 08:00:00,27.071,3.886,401.02,103.09,7.75,195.8
2024-02-18 09:00:00,26.539,3.8607,398.21,106.18,6.92,194.9
2024-02-18 10:00:00,25.308,3.9333,405.17,102.96,8.44,179.5
2024-02-18 11:00:00,26.301,3.9243,400.35,105.07,8.21,194.6
2024-02-18 12:00:00,25.912,3.7693,395.73,104.38,8.37,190.7
2024-02-18 13:00:00,26.989,3.8885,398.46,103.38,8.96,197.6
2024-02-18 14:00:00,27.63,3.9462,404.49,102.99,9.11,187.1
2024-02-18 15:00:00,26.211,3.9092,400.97,104.04,7.89,182.7
2024-02-18 16:00:00,25.988,3.9665,402.57,103.04,9.43,189.0
2024-02-18 17:00:00,24.738,3.8491,394.04,105.18,8.09,186.5
2024-02-18 18:00:00,26.105,3.9058,405.24,102.83,8.05,188.6
2024-02-18 19:00:00,27.122,3.851,400.85,104.95,7.49,189.7
2024-02-18 20:00:00,25.541,3.9715,398.08,105.94,7.82,177.6
2024-02-18 21:00:00,26.061,3.8464,397.03,105.14,8.53,208.6
2024-02-18 22:00:00,25.914,3.8895,398.08,105.58,7.6,189.0
2024-02-18 23:00:00,26.1,3.8108,399.58,104.32,8.42,182.4
2024-02-19 00:00:00,24.494,3.7763,398.76,104.45,8.72,206.3
2024-02-19 01:00:00,24.68,3.8967,402.16,106.53,8.28,199.5
2024-02-19 02:00:00,25.025,3.8472,399.01,104.17,7.15,187.8
2024-02-19 03:00:00,25.165,3.9129,399.83,103.53,8.35,189.5
2024-02-19 04:00:00,23.456,3.9226,395.98,102.66,8.97,190.2
2024-02-19 05:00:00,24.665,3.8934,395.99,104.06,6.63,214.0
2024-02-19 06:00:00,23.143,3.927,399.5,102.17,8.72,187.8
2024-02-19 07:00:00,23.508,3.7804,399.15,106.79,9.13,175.4
2024-02-19 08:00:00,25.041,3.913,401.47,105.76,7.06,183.6
2024-02-19 09:00:00,25.496,3.8836,399.21,102.09,7.95,198.5
2024-02-19 10:00:00,25.507,3.9403,400.09,103.68,8.78,190.2
2024-02-19 11:00:00,23.991,3.8067,397.84,103.77,7.85,189.4
2024-02-19 12:00:00,25.01,3.7928,401.26,103.89,6.64,193.6
2024-02-19 13:00:00,24.149,3.8135,400.34,104.69,7.79,196.1
2024-02-19 14:00:00,23.718,3.9083,400.11,104.88,7.15,214.5
2024-02-19 15:00:00,23.145,3.9754,400.59,104.19,8.94,183.2
2024-02-19 16:00:00,23.199,3.9583,406.21,108.02,8.59,165.8
2024-02-19 17:00:00,24.601,3.9487,401.38,105.25,8.87,197.8
2024-02-19 18:00:00,24.128,3.8379,398.37,105.17,9.06,205.3
2024-02-19 19:00:00,24.588,3.8572,402.2,102.54,8.58,181.2
2024-02-19 20:00:00,24.807,3.9402,398.62,104.9,8.55,187.9
2024-02-19 21:00:00,24.382,3.9039,395.29,103.5,10.05,196.4
2024-02-19 22:00:00,22.96,3.9268,402.15,104.53,8.68,202.4
2024-02-19 23:00:00,25.735,3.9789,401.09,101.64,6.76,199.0
2024-02-20 00:00:00,27.842,3.9055,404.64,102.5,7.14,183.7
2024-02-20 01:00:00,27.729,3.8524,400.48,103.7,7.97,188.7
2024-02-20 02:00:00,26.309,3.9378,403.09,101.49,7.65,195.4
2024-02-20 03:00:00,27.742,3.8267,400.31,103.03,9.11,198.2
2024-02-20 04:00:00,28.782,3.8675,402.19,103.11,8.62,189.7
2024-02-20 05:00:00,26.723,3.8708,399.74,105.35,6.98,215.7
2024-02-20 06:00:00,27.901,3.9141,401.29,103.57,8.02,204.5
2024-02-20 07:00:00,26.404,3.9234,403.24,106.1,6.8,194.7
2024-02-20 08:00:00,26.098,3.8789,400.68,104.25,7.86,197.2
2024-02-20 09:00:00,28.3,3.9167,398.01,103.6,8.39,197.7
2024-02-20 10:00:00,27.689,3.843,398.79,104.48,6.99,188.3
2024-02-20 11:00:00,27.184,3.9475,403.54,102.65,9.22,206.9
2024-02-20 12:00:00,27.175,3.8959,398.55,103.04,6.88,164.0
2024-02-20 13:00:00,27.673,3.9859,396.71,105.01,7.54,192.2
2024-02-20 14:00:00,27.369,3.9284,401.83,105.06,8.72,204.1
2024-02-20 15:00:00,26.684,3.8766,403.65,102.77,8.89,192.4
2024-02-20 16:00:00,28.532,3.9172,400.09,104.27,6.77,195.9
2024-02-20 17:00:00,27.662,3.9567,401.9,102.73,8.1,196.2
2024-02-20 18:00:00,27.63,3.9537,400.61,104.45,6.93,198.8
2024-02-20 19:00:00,28.568,3.8759,397.54,103.76,9.59,209.6
2024-02-20 20:00:00,27.718,3.8578,398.34,102.35,7.35,196.7
2024-02-20 21:00:00,27.808,3.883,401.61,104.91,9.51,183.7
2024-02-20 22:00:00,28.983,3.9656,398.49,105.14,7.76,203.6
2024-02-20 23:00:00,27.975,3.8875,404.04,104.68,7.48,191.3
2024-02-21 00:00:00,26.996,3.9223,398.96,103.99,8.73,206.4
2024-02-21 01:00:00,25.791,3.9392,402.93,105.89,9.35,181.9
2024-02-21 02:00:00,26.198,3.9235,402.48,105.77,8.82,183.8
2024-02-21 03:00:00,25.313,3.9095,402.24,102.09,7.88,194.4
2024-02-21 04:00:00,26.245,3.9573,397.55,104.76,7.99,211.6
2024-02-21 05:00:00,24.872,3.9649,395.78,104.94,8.25,179.2
2024-02-21 06:00:00,25.528,3.9176,403.05,104.69,7.13,186.6
2024-02-21 07:00:00,27.401,3.8959,393.97,102.98,6.97,178.0
2024-02-21 08:00:00,27.016,3.8751,398.61,104.29,7.79,185.2
2024-02-21 09:00:00,24.857,3.864,401.84,104.83,7.63,178.6
2024-02-21 10:00:00,25.395,3.9261,398.69,103.88,8.75,177.8
2024-02-21 11:00:00,25.425,3.8619,404.46,103.53,7.78,175.1
2024-02-21 12:00:00,26.692,3.9118,400.53,103.81,6.6,194.4
2024-02-21 13:00:00,26.959,3.8806,400.41,105.05,7.48,191.6
2024-02-21 14:00:00,27.177,3.8418,405.8,105.59,6.88,177.3
2024-02-21 15:00:00,26.453,3.9126,398.04,106.15,8.9,200.2
2024-02-21 16:00:00,24.816,3.8858,406.68,101.94,8.29,196.5
2024-02-21 17:00:00,26.746,3.883,395.29,103.43,8.93,199.4
2024-02-21 18:00:00,25.725,3.9332,402.88,103.04,7.46,189.5
2024-02-21 19:00:00,26.271,3.9978,401.45,103.82,9.15,185.5
2024-02-21 20:00:00,25.35,3.9049,396.96,100.58,8.34,180.0
2024-02-21 21:00:00,25.359,3.9091,403.88,104.24,7.8,176.5
2024-02-21 22:00:00,25.712,3.9054,403.12,105.59,8.76,187.5
2024-02-21 23:00:00,25.421,3.856,401.23,102.23,7.86,197.5
2024-02-22 00:00:00,22.951,3.9053,396.98,104.69,8.38,197.3
2024-02-22 01:00:00,22.533,3.8839,396.76,101.98,8.14,190.4
2024-02-22 02:00:00,22.546,3.8598,404.6,102.11,8.48,186.2
2024-02-22 03:00:00,22.774,3.9057,397.9,105.28,8.09,191.7
2024-02-22 04:00:00,22.696,3.862,407.8,103.52,7.62,213.9
2024-02-22 05:00:00,21.977,3.9365,407.07,104.72,8.38,194.4
2024-02-22 06:00:00,21.664,3.9436,403.68,104.25,7.38,196.5
2024-02-22 07:00:00,23.65,3.916,397.95,104.49,7.45,173.8
2024-02-22 08:00:00,23.107,3.8643,394.89,104.57,8.0,192.0
2024-02-22 09:00:00,23.235,3.8832,400.85,104.76,8.67,181.8
2024-02-22 10:00:00,22.214,3.9526,405.69,104.49,8.23,173.6
2024-02-22 11:00:00,23.564,3.9179,398.19,104.98,7.68,188.5
2024-02-22 12:00:00,22.732,3.9326,405.94,104.29,7.38,194.0
2024-02-22 13:00:00,22.275,3.8529,397.05,103.26,6.32,191.6
2024-02-22 14:00:00,22.224,3.952,396.3,103.61,7.02,188.8
2024-02-22 15:00:00,22.415,3.9406,400.9,104.65,7.4,188.4
2024-02-22 16:00:00,22.138,3.8638,397.19,103.16,7.8,173.2
2024-02-22 17:00:00,22.848,3.8821,399.56,106.26,10.54,170.5
2024-02-22 18:00:00,22.226,3.8852,397.17,104.42,7.92,192.6
2024-02-22 19:00:00,22.985,3.9379,401.22,104.35,7.64,193.1
2024-02-22 20:00:00,23.252,3.8877,400.25,104.28,8.23,175.9
2024-02-22 21:00:00,22.694,3.911,395.76,104.03,8.16,172.8
2024-02-22 22:00:00,23.993,3.9183,403.73,103.67,8.17,180.9
2024-02-22 23:00:00,22.498,3.8925,401.73,106.29,6.64,187.9
2024-02-23 00:00:00,27.264,3.8904,396.09,106.16,9.34,199.0
2024-02-23 01:00:00,26.575,3.9057,399.29,105.18,8.82,178.5
2024-02-23 02:00:00,27.352,3.8836,401.01,103.89,8.34,191.9
2024-02-23 03:00:00,27.574,3.8794,401.34,105.62,9.07,174.6
2024-02-23 04:00:00,27.574,3.9595,402.63,103.23,6.57,191.4
2024-02-23 05:00:00,26.655,3.8186,399.38,103.68,7.97,203.3
2024-02-23 06:00:00,24.995,3.889,397.97,105.22,9.24,206.4
2024-02-23 07:00:00,26.188,4.0172,401.06,107.67,7.13,181.1
2024-02-23 08:00:00,26.244,3.88,394.17,104.21,6.25,183.2
2024-02-23 09:00:00,26.623,3.8358,399.85,103.35,7.53,196.6
2024-02-23 10:00:00,25.519,3.9523,395.88,104.74,7.66,190.8
2024-02-23 11:00:00,25.53,3.8784,398.98,103.91,7.9,207.3
2024-02-23 12:00:00,26.471,3.8354,403.33,105.26,6.71,206.7
2024-02-23 13:00:00,26.356,3.9134,398.93,103.63,7.99,193.7
2024-02-23 14:00:00,27.417,3.9407,401.62,103.96,7.21,184.6
2024-02-23 15:00:00,27.074,3.9225,398.06,104.01,9.3,196.7
2024-02-23 16:00:00,26.72,3.9713,400.58,102.25,7.92,187.6
2024-02-23 17:00:00,26.893,3.8911,399.35,104.01,7.49,181.0
2024-02-23 18:00:00,25.157,3.9303,400.28,103.71,8.4,194.0
2024-02-23 19:00:00,24.613,3.8848,394.18,106.51,7.14,203.2
2024-02-23 20:00:00,25.784,3.8761,397.05,101.16,9.08,173.7
2024-02-23 21:00:00,26.016,3.8743,399.77,105.82,6.58,190.8
2024-02-23 22:00:00,25.805,3.9121,399.5,102.93,9.02,191.3
2024-02-23 23:00:00,26.121,3.8943,398.83,104.74,8.13,186.8
2024-02-24 00:00:00,28.404,3.8024,396.91,104.22,8.12,182.8
2024-02-24 01:00:00,30.228,3.9516,398.04,105.26,7.07,194.3
2024-02-24 02:00:00,28.79,3.8124,403.61,101.35,8.28,188.7
2024-02-24 03:00:00,29.748,3.9465,400.74,99.43,7.11,215.5
2024-02-24 04:00:00,29.535,3.855,403.58,106.01,7.93,195.0
2024-02-24 05:00:00,29.699,3.9969,397.73,104.49,6.86,198.1
2024-02-24 06:00:00,28.59,3.7861,402.59,105.5,9.56,193.3
2024-02-24 07:00:00,27.453,3.8283,404.02,104.16,7.07,187.8
2024-02-24 08:00:00,28.458,3.9635,402.64,102.42,8.32,201.1
2024-02-24 09:00:00,28.448,3.8943,396.89,104.97,6.81,186.7
2024-02-24 10:00:00,28.84,3.8834,401.57,104.19,8.52,201.2
2024-02-24 11:00:00,29.88,4.0304,398.5,105.9,7.42,184.0
2024-02-24 12:00:00,28.344,3.9297,398.23,103.34,7.83,189.2
2024-02-24 13:00:00,30.656,3.9002,399.04,104.1,7.38,181.6
2024-02-24 14:00:00,28.972,3.9305,398.74,103.2,8.77,173.6
2024-02-24 15:00:00,27.786,3.9008,406.08,103.42,9.26,188.9
2024-02-24 16:00:00,27.044,3.9799,402.55,103.09,7.64,203.3
2024-02-24 17:00:00,28.952,3.9544,402.5,103.62,7.8,198.8
2024-02-24 18:00:00,30.78,3.9129,395.97,104.47,6.98,190.2
2024-02-24 19:00:00,29.238,3.8798,398.37,103.2,8.37,196.1
2024-02-24 20:00:00,28.854,3.8827,395.17,100.89,7.77,197.7
2024-02-24 21:00:00,27.329,3.9104,400.75,105.17,8.75,190.5
2024-02-24 22:00:00,30.309,3.9106,396.13,103.63,8.06,200.3
2024-02-24 23:00:00,29.066,3.9134,396.58,103.52,8.43,172.4
2024-02-25 00:00:00,27.126,3.9314,398.36,104.72,8.69,198.2
2024-02-25 01:00:00,27.405,3.8658,398.76,102.48,6.5,197.1
2024-02-25 02:00:00,26.821,3.8333,402.07,104.76,7.71,154.6
2024-02-25 03:00:00,26.4,3.8793,402.67,103.86,7.49,196.8
2024-02-25 04:00:00,27.226,3.9646,402.68,101.77,7.82,195.2
2024-02-25 05:00:00,25.375,3.8558,397.07,104.64,7.12,201.0
2024-02-25 06:00:00,27.0,3.9619,399.84,105.0,7.17,183.1
2024-02-25 07:00:00,26.839,3.9058,402.13,104.77,8.27,167.7
2024-02-25 08:00:00,27.858,3.8607,403.08,102.49,8.66,199.6
2024-02-25 09:00:00,26.224,3.8792,396.28,103.28,7.86,182.5
2024-02-25 10:00:00,25.635,3.7873,398.35,104.07,9.26,180.2
2024-02-25 11:00:00,25.425,3.8947,399.77,106.19,8.81,192.6
2024-02-25 12:00:00,26.803,3.8997,401.85,105.89,5.9,186.2
2024-02-25 13:00:00,27.232,3.8417,395.09,104.92,7.1,183.3
2024-02-25 14:00:00,26.785,3.9666,396.22,105.19,7.96,181.6
2024-02-25 15:00:00,26.866,3.8747,399.25,107.13,8.3,192.8
2024-02-25 16:00:00,27.45,3.8047,404.46,104.58,8.1,181.9
2024-02-25 17:00:00,27.27,3.8765,397.72,101.74,8.98,182.4
2024-02-25 18:00:00,26.159,3.919,401.7,106.33,7.54,177.8
2024-02-25 19:00:00,26.241,3.8561,397.63,102.45,8.29,199.1
2024-02-25 20:00:00,27.008,3.7947,394.22,105.57,6.83,198.6
2024-02-25 21:00:00,25.802,3.8814,407.45,104.88,7.66,209.3
2024-02-25 22:00:00,26.211,3.8662,401.47,106.1,8.54,207.0
2024-02-25 23:00:00,27.604,3.9653,400.88,103.54,7.44,189.1
2024-02-26 00:00:00,26.27,3.887,394.83,101.19,10.1,205.9
2024-02-26 01:00:00,26.835,3.9477,402.33,103.89,7.05,201.4
2024-02-26 02:00:00,27.178,3.8443,402.01,103.7,9.75,166.3
2024-02-26 03:00:00,27.141,3.8536,400.03,101.28,8.17,188.2
2024-02-26 04:00:00,25.429,3.9181,400.45,102.38,8.86,187.7
2024-02-26 05:00:00,26.774,3.9566,395.89,104.13,8.58,175.9
2024-02-26 06:00:00,28.071,3.9328,397.39,106.24,7.76,184.0
2024-02-26 07:00:00,25.952,3.9296,399.58,104.36,8.23,187.4
2024-02-26 08:00:00,26.731,3.888,401.76,104.54,7.21,184.7
2024-02-26 09:00:00,25.926,3.9072,404.07,103.94,9.25,173.7
2024-02-26 10:00:00,26.875,3.9534,396.96,103.63,7.88,187.3
2024-02-26 11:00:00,26.247,4.0874,395.39,104.42,7.33,191.8
2024-02-26 12:00:00,26.762,3.913,398.82,104.08,7.67,189.6
2024-02-26 13:00:00,26.472,3.8982,403.89,105.35,6.33,186.2
2024-02-26 14:00:00,25.49,3.9718,398.6,107.1,7.93,181.1
2024-02-26 15:00:00,27.543,3.7652,403.34,105.4,7.93,175.3
2024-02-26 16:00:00,25.757,3.8902,393.58,103.81,8.5,177.3
2024-02-26 17:00:00,25.768,3.9657,399.43,103.34,8.19,174.1
2024-02-26 18:00:00,26.683,3.9183,404.4,104.78,6.7,200.2
2024-02-26 19:00:00,26.01,3.8891,402.81,105.18,7.45,174.6
2024-02-26 20:00:00,27.61,3.9038,400.82,104.73,8.03,207.9
2024-02-26 21:00:00,26.781,3.957,402.3,102.88,8.23,187.5
2024-02-26 22:00:00,26.644,3.9305,399.95,102.62,9.1,187.3
2024-02-26 23:00:00,28.006,3.9172,402.66,104.01,6.94,189.3
2024-02-27 00:00:00,26.827,3.8853,394.24,104.45,7.63,184.0
2024-02-27 01:00:00,27.489,3.9437,397.36,102.73,8.44,196.3
2024-02-27 02:00:00,27.33,3.8936,405.05,104.14,7.64,179.3
2024-02-27 03:00:00,27.499,3.878,401.32,105.31,7.71,199.3
2024-02-27 04:00:00,27.808,3.8985,396.88,101.77,7.14,179.7
2024-02-27 05:00:00,26.494,3.929,400.81,103.43,8.77,188.5
2024-02-27 06:00:00,28.443,3.8874,401.31,102.53,8.47,195.5
2024-02-27 07:00:00,27.219,3.928,404.51,106.01,7.76,180.6
2024-02-27 08:00:00,26.61,3.8892,403.62,102.48,7.27,194.0
2024-02-27 09:00:00,26.378,3.887,397.91,106.25,8.17,182.0
2024-02-27 10:00:00,27.4,3.9248,403.09,103.74,8.14,180.7
2024-02-27 11:00:00,27.306,3.8377,400.76,105.74,8.75,174.6
2024-02-27 12:00:00,26.969,3.9062,400.09,104.9,9.27,195.9
2024-02-27 13:00:00,27.983,3.8467,403.59,105.89,7.24,184.6
2024-02-27 14:00:00,25.493,3.8959,400.79,106.8,7.48,184.8
2024-02-27 15:00:00,26.684,3.9539,399.71,104.02,7.21,195.8
2024-02-27 16:00:00,26.598,3.8652,399.37,103.6,8.09,198.6
2024-02-27 17:00:00,27.882,4.0193,400.78,104.99,9.08,183.1
2024-02-27 18:00:00,27.034,3.9082,406.11,105.3,7.2,167.7
2024-02-27 19:00:00,27.093,3.8343,397.18,102.19,7.82,183.7
2024-02-27 20:00:00,28.288,3.8925,402.39,101.17,8.94,179.7
2024-02-27 21:00:00,26.846,3.8902,402.88,103.46,8.58,188.7
2024-02-27 22:00:00,27.124,3.9737,405.34,102.98,8.1,194.5
2024-02-27 23:00:00,26.602,4.0032,398.64,103.79,8.31,198.8
2024-02-28 00:00:00,26.215,3.8387,400.52,105.49,7.17,187.1
2024-02-28 01:00:00,26.199,3.8512,399.68,102.29,8.04,198.8
2024-02-28 02:00:00,26.899,3.9421,402.07,103.44,7.5,191.4
2024-02-28 03:00:00,26.646,3.8726,395.9,106.42,8.66,215.6
2024-02-28 04:00:00,26.988,3.9303,401.93,100.41,7.7,204.4
2024-02-28 05:00:00,27.113,3.9478,400.9,104.74,7.73,185.7
2024-02-28 06:00:00,25.583,3.8134,403.57,102.94,7.51,194.8
2024-02-28 07:00:00,27.563,3.9135,402.09,104.68,7.33,211.5
2024-02-28 08:00:00,27.731,3.8525,398.29,102.13,8.29,185.4
2024-02-28 09:00:00,25.076,3.9971,402.02,104.02,8.92,189.2
2024-02-28 10:00:00,27.514,3.8675,403.02,102.12,9.64,194.1
2024-02-28 11:00:00,27.505,3.9454,400.03,103.99,7.6,188.3
2024-02-28 12:00:00,27.043,3.9234,398.68,103.01,8.74,173.7
2024-02-28 13:00:00,28.322,3.8748,401.08,105.51,9.84,183.7
2024-02-28 14:00:00,25.653,3.8777,394.39,102.06,6.39,195.9
2024-02-28 15:00:00,26.748,3.8941,401.97,104.67,6.87,196.6
2024-02-28 16:00:00,26.38,3.8338,398.69,102.04,7.31,172.2
2024-02-28 17:00:00,26.22,3.887,398.32,105.22,7.62,185.0
2024-02-28 18:00:00,27.525,3.9326,400.59,103.78,7.34,175.0
2024-02-28 19:00:00,27.09,3.9514,403.42,107.46,8.03,192.2
2024-02-28 20:00:00,27.005,3.9201,396.13,102.83,8.04,184.3
2024-02-28 21:00:00,27.54,3.8363,404.83,101.88,7.89,170.3
2024-02-28 22:00:00,27.091,3.9294,400.41,102.44,8.75,186.7
2024-02-28 23:00:00,25.956,3.9156,401.63,105.56,7.91,182.6
2024-02-29 00:00:00,29.003,3.8443,401.26,103.17,7.76,190.8
2024-02-29 01:00:00,29.83,3.9649,401.49,102.22,8.98,211.6
2024-02-29 02:00:00,29.398,3.891,396.26,103.47,7.07,201.2
2024-02-29 03:00:00,27.705,3.8677,401.59,102.2,7.3,205.9
2024-02-29 04:00:00,27.44,3.8662,406.22,105.25,6.7,181.6
2024-02-29 05:00:00,27.842,3.9259,397.74,103.12,6.95,198.5
2024-02-29 06:00:00,26.625,3.8104,401.07,101.78,8.85,187.8
2024-02-29 07:00:00,30.016,3.8983,400.33,103.61,8.26,172.1
2024-02-29 08:00:00,27.89,3.9316,403.14,104.06,7.08,185.2
2024-02-29 09:00:00,30.039,3.9227,396.35,106.13,6.58,182.2
2024-02-29 10:00:00,27.328,3.9117,406.15,103.73,7.6,185.2
2024-02-29 11:00:00,29.077,3.9214,401.93,104.19,9.06,172.1
2024-02-29 12:00:00,28.962,3.9074,399.19,106.46,7.94,176.9
2024-02-29 13:00:00,29.142,3.9469,404.69,104.19,8.63,192.6
2024-02-29 14:00:00,29.138,3.8007,402.17,102.33,8.55,195.4
2024-02-29 15:00:00,29.36,3.9772,400.47,105.93,7.4,188.5
2024-02-29 16:00:00,31.473,3.941,395.79,105.12,7.81,198.1
2024-02-29 17:00:00,28.127,3.933,400.99,104.13,7.17,188.6
2024-02-29 18:00:00,30.56,3.9691,397.8,103.88,9.16,199.6
2024-02-29 19:00:00,28.756,3.9487,399.65,103.9,7.35,196.2
2024-02-29 20:00:00,29.688,3.9453,401.4,103.73,7.28,182.3
2024-02-29 21:00:00,29.692,3.8758,401.11,101.62,7.95,189.4
2024-02-29 22:00:00,28.862,3.8775,397.56,101.45,9.44,187.0
2024-02-29 23:00:00,29.836,3.9932,399.24,105.19,9.63,199.2
2024-03-01 00:00:00,25.597,3.8565,399.14,105.71,10.61,182.2
2024-03-01 01:00:00,25.797,3.9661,398.51,106.07,9.11,186.3
2024-03-01 02:00:00,26.164,3.9446,396.01,103.53,7.43,180.0
2024-03-01 03:00:00,26.8,3.8819,399.68,104.95,8.76,189.5
2024-03-01 04:00:00,25.934,3.9587,399.42,104.93,7.86,196.0
2024-03-01 05:00:00,26.033,3.9592,400.51,104.14,6.89,172.9
2024-03-01 06:00:00,27.454,3.9512,395.02,106.6,6.99,192.2
2024-03-01 07:00:00,26.73,3.9996,405.31,104.54,7.95,186.4
2024-03-01 08:00:00,25.124,3.8584,395.77,104.74,8.0,179.9
2024-03-01 09:00:00,27.038,3.7854,400.81,103.77,7.55,167.0
2024-03-01 10:00:00,26.231,3.9242,397.12,105.63,7.67,196.7
2024-03-01 11:00:00,25.458,3.8796,399.05,104.65,7.75,205.1
2024-03-01 12:00:00,26.072,3.8755,396.98,101.45,9.12,207.4
2024-03-01 13:00:00,26.225,3.9118,397.05,104.94,7.7,197.3
2024-03-01 14:00:00,25.372,4.0387,401.16,103.52,8.66,185.1
2024-03-01 15:00:00,25.084,3.8984,398.78,105.95,9.03,204.0
2024-03-01 16:00:00,26.319,4.0044,404.26,105.33,9.05,197.0
2024-03-01 17:00:00,26.841,3.8357,398.42,107.79,7.86,184.2
2024-03-01 18:00:00,25.694,3.8994,402.11,104.63,6.92,200.3
2024-03-01 19:00:00,27.083,3.9802,403.14,105.92,8.15,188.4
2024-03-01 20:00:00,25.913,3.8443,398.43,103.53,8.25,190.3
2024-03-01 21:00:00,26.728,3.9387,397.26,103.3,6.58,200.3
2024-03-01 22:00:00,26.527,3.9466,399.45,102.59,7.66,197.9
2024-03-01 23:00:00,26.389,3.9593,398.88,105.15,9.66,170.1
2024-03-02 00:00:00,26.373,3.901,402.15,103.2,8.85,175.6
2024-03-02 01:00:00,27.024,3.9057,396.88,104.42,8.98,186.7
2024-03-02 02:00:00,25.876,3.9107,398.4,103.38,9.18,195.9
2024-03-02 03:00:00,27.482,3.7889,396.73,102.6,7.57,181.8
2024-03-02 04:00:00,26.688,3.9471,404.21,103.74,8.0,208.2
2024-03-02 05:00:00,25.565,3.938,401.48,105.12,8.37,190.8
2024-03-02 06:00:00,27.572,3.8862,401.04,101.38,8.95,191.4
2024-03-02 07:00:00,25.198,3.9631,398.2,104.83,8.26,188.6
2024-03-02 08:00:00,27.543,3.8451,400.7,107.3,8.5,194.5
2024-03-02 09:00:00,25.529,3.8941,399.89,103.86,7.82,189.0
2024-03-02 10:00:00,26.361,3.8385,397.83,103.87,7.56,193.4
2024-03-02 11:00:00,27.556,3.8956,397.46,102.01,9.12,186.3
2024-03-02 12:00:00,25.792,3.8887,400.25,104.46,6.8,192.0
2024-03-02 13:00:00,26.609,3.8795,400.61,103.28,9.49,197.7
2024-03-02 14:00:00,27.32,3.8926,403.71,104.13,6.97,176.1
2024-03-02 15:00:00,26.365,3.8977,400.17,105.06,7.96,187.4
2024-03-02 16:00:00,26.867,3.837,401.56,104.37,8.12,195.4
2024-03-02 17:00:00,24.876,3.8026,394.23,105.99,7.22,189.0
2024-03-02 18:00:00,28.008,3.8043,396.32,103.8,8.37,201.5
2024-03-02 19:00:00,25.788,3.9267,396.29,103.56,7.62,184.6
2024-03-02 20:00:00,27.395,3.9245,395.09,104.64,8.83,184.4
2024-03-02 21:00:00,26.416,3.95,397.79,106.06,7.31,187.4
2024-03-02 22:00:00,26.155,3.9038,400.13,101.83,7.99,190.8
2024-03-02 23:00:00,26.183,3.8546,400.58,104.07,6.59,194.2
2024-03-03 00:00:00,28.489,3.9038,400.9,101.69,8.57,192.8
2024-03-03 01:00:00,27.196,3.8736,402.62,105.03,8.59,181.3
2024-03-03 02:00:00,28.086,3.9321,405.88,102.29,8.02,188.3
2024-03-03 03:00:00,27.576,3.9254,398.63,103.93,6.53,201.4
2024-03-03 04:00:00,27.057,3.8868,399.31,103.62,8.24,185.7
2024-03-03 05:00:00,26.911,3.8282,401.1,105.23,7.94,182.7
2024-03-03 06:00:00,27.065,3.9634,398.86,103.21,8.04,199.4
2024-03-03 07:00:00,27.464,3.8954,397.04,105.35,8.34,171.4
2024-03-03 08:00:00,28.443,3.9574,402.31,105.02,7.5,200.4
2024-03-03 09:00:00,27.99,3.975,399.02,103.23,9.68,192.2
2024-03-03 10:00:00,25.674,3.8615,400.61,105.54,7.11,187.6
2024-03-03 11:00:00,26.519,3.8943,397.27,105.27,7.36,187.9
2024-03-03 12:00:00,27.505,3.8768,400.31,103.42,9.28,182.6
2024-03-03 13:00:00,27.366,3.8806,398.58,101.95,8.02,187.5
2024-03-03 14:00:00,27.275,3.8989,397.55,103.15,6.84,194.6
2024-03-03 15:00:00,27.735,3.8857,398.22,107.15,7.76,199.8
2024-03-03 16:00:00,26.45,3.888,396.95,103.92,7.67,191.4
2024-03-03 17:00:00,27.319,3.8488,405.84,102.89,8.27,199.9
2024-03-03 18:00:00,27.541,3.873,398.16,103.44,5.9,198.1
2024-03-03 19:00:00,28.298,3.9573,406.06,103.0,8.04,191.1
2024-03-03 20:00:00,27.609,3.884,393.89,104.7,9.37,176.6
2024-03-03 21:00:00,25.556,3.9204,396.37,104.29,8.3,182.9
2024-03-03 22:00:00,26.164,3.9064,397.91,104.59,8.24,200.3
2024-03-03 23:00:00,27.533,3.9312,393.88,102.92,9.85,194.8
2024-03-04 00:00:00,25.029,3.884,405.58,104.92,8.2,187.3
2024-03-04 01:00:00,25.465,3.9982,396.09,104.5,6.41,203.6
2024-03-04 02:00:00,25.96,3.9339,396.73,102.55,8.42,190.2
2024-03-04 03:00:00,25.78,3.8824,398.87,103.06,6.99,184.1
2024-03-04 04:00:00,24.034,3.935,400.22,105.13,7.99,168.1
2024-03-04 05:00:00,26.163,3.9593,396.57,102.0,9.12,183.0
2024-03-04 06:00:00,25.556,3.8409,400.67,103.29,9.13,193.4
2024-03-04 07:00:00,23.638,3.8341,400.82,104.32,6.81,189.1
2024-03-04 08:00:00,26.338,3.9249,396.35,104.7,8.85,184.1
2024-03-04 09:00:00,24.511,3.9566,402.61,103.55,7.49,199.1
2024-03-04 10:00:00,25.808,3.9485,399.88,102.42,7.71,198.9
2024-03-04 11:00:00,25.567,3.8714,398.48,105.95,8.58,193.8
2024-03-04 12:00:00,25.187,3.8033,401.41,100.63,8.92,205.1
2024-03-04 13:00:00,26.232,3.8732,401.4,103.0,7.31,187.4
2024-03-04 14:00:00,25.881,4.0469,400.9,104.81,7.11,193.4
2024-03-04 15:00:00,26.256,3.9477,401.21,102.95,9.46,195.2
2024-03-04 16:00:00,26.99,3.9344,404.02,101.67,7.35,194.5
2024-03-04 17:00:00,26.241,3.8617,394.9,106.3,7.31,201.4
2024-03-04 18:00:00,27.195,3.8819,396.88,103.86,8.94,175.9
2024-03-04 19:00:00,25.844,3.8421,395.8,102.18,7.75,176.6
2024-03-04 20:00:00,25.643,3.8409,396.64,101.6,8.4,182.0
2024-03-04 21:00:00,25.59,3.9376,400.37,103.68,7.57,177.8
2024-03-04 22:00:00,26.024,3.8969,394.12,102.88,8.97,194.2
2024-03-04 23:00:00,25.81,3.9494,394.59,103.38,7.64,189.1
2024-03-05 00:00:00,26.257,3.883,395.82,103.26,7.54,212.9
2024-03-05 01:00:00,26.489,3.9622,405.14,104.41,8.86,197.9
2024-03-05 02:00:00,26.009,3.8483,405.95,104.31,7.97,199.0
2024-03-05 03:00:00,26.029,3.9659,398.39,100.72,6.84,189.8
2024-03-05 04:00:00,26.03,3.9944,398.33,104.21,7.29,196.0
2024-03-05 05:00:00,26.603,3.9582,398.14,102.5,7.24,192.9
2024-03-05 06:00:00,24.352,3.9779,403.07,105.53,7.65,194.8
2024-03-05 07:00:00,27.025,3.9143,403.05,104.77,9.51,187.8
2024-03-05 08:00:00,23.666,3.9281,398.89,101.88,7.59,182.1
2024-03-05 09:00:00,25.932,3.9298,397.07,102.56,8.92,179.3
2024-03-05 10:00:00,26.286,3.8867,397.08,104.49,7.8,162.0
2024-03-05 11:00:00,25.63,3.8303,396.88,99.65,9.09,191.4
2024-03-05 12:00:00,25.001,3.9283,400.28,103.53,7.32,188.0
2024-03-05 13:00:00,25.9,3.9436,398.94,104.05,8.49,199.1
2024-03-05 14:00:00,26.02,3.8788,400.81,104.01,9.0,181.5
2024-03-05 15:00:00,26.102,3.9141,399.59,104.48,7.6,177.2
2024-03-05 16:00:00,26.992,3.9632,399.74,106.43,8.82,182.4
2024-03-05 17:00:00,26.109,3.9026,398.58,103.62,8.26,196.6
2024-03-05 18:00:00,25.888,3.8929,396.31,103.12,8.5,189.0
2024-03-05 19:00:00,25.448,3.8795,400.22,102.4,7.65,175.4
2024-03-05 20:00:00,26.999,3.9182,398.12,104.16,8.63,211.1
2024-03-05 21:00:00,26.378,3.8439,401.44,105.76,8.21,174.4
2024-03-05 22:00:00,24.626,4.0164,401.29,102.57,7.05,172.2
2024-03-05 23:00:00,25.196,3.8632,397.48,106.5,9.51,186.1
2024-03-06 00:00:00,23.693,3.8244,401.33,106.07,7.05,185.5
2024-03-06 01:00:00,25.31,3.9498,400.95,103.72,7.12,198.0
2024-03-06 02:00:00,25.651,3.8444,394.86,107.19,6.47,193.6
2024-03-06 03:00:00,24.817,3.8612,399.61,106.41,8.34,185.0
2024-03-06 04:00:00,26.565,3.8375,402.8,105.64,7.97,192.0
2024-03-06 05:00:00,25.942,3.9919,403.35,103.21,7.72,183.1
2024-03-06 06:00:00,24.442,3.8684,397.06,102.45,8.43,193.0
2024-03-06 07:00:00,25.658,3.9271,401.9,104.19,8.47,175.0
2024-03-06 08:00:00,25.427,3.888,402.95,103.97,7.1,202.8
2024-03-06 09:00:00,25.102,3.9346,402.08,105.0,8.71,181.9
2024-03-06 10:00:00,24.43,3.8904,394.31,105.65,8.23,187.2
2024-03-06 11:00:00,24.676,3.8186,404.36,104.83,7.27,181.3
2024-03-06 12:00:00,26.422,3.9139,399.16,104.56,8.06,178.1
2024-03-06 13:00:00,26.624,3.9501,400.48,101.22,8.56,185.3
2024-03-06 14:00:00,25.815,3.9232,395.82,104.63,7.75,181.3
2024-03-06 15:00:00,25.919,3.8897,403.73,104.74,7.05,191.7
2024-03-06 16:00:00,24.709,3.9204,399.97,105.78,7.81,178.0
2024-03-06 17:00:00,25.052,3.86,393.23,102.63,8.98,175.1
2024-03-06 18:00:00,25.748,3.8644,401.65,104.19,7.73,173.6
2024-03-06 19:00:00,24.486,3.8636,405.6,106.4,6.8,190.5
2024-03-06 20:00:00,24.237,3.8798,404.51,105.4,8.26,171.8
2024-03-06 21:00:00,24.735,3.8443,406.54,103.83,8.98,193.5
2024-03-06 22:00:00,25.286,3.8681,404.41,103.8,8.35,190.8
2024-03-06 23:00:00,24.814,3.9336,397.31,104.23,7.2,170.6
2024-03-07 00:00:00,28.166,3.9438,400.33,101.47,7.03,193.1
2024-03-07 01:00:00,26.094,4.0474,396.84,103.24,9.01,199.3
2024-03-07 02:00:00,27.795,3.9401,402.99,104.25,7.69,188.7
2024-03-07 03:00:00,27.54,3.9213,403.35,104.93,8.8,186.5
2024-03-07 04:00:00,26.782,3.8681,399.5,101.92,7.47,194.4
2024-03-07 05:00:00,26.886,3.8434,396.11,102.58,7.24,205.8
2024-03-07 06:00:00,28.484,3.9896,398.98,102.54,7.44,177.0
2024-03-07 07:00:00,27.354,3.8611,402.6,102.6,8.13,161.7
2024-03-07 08:00:00,27.01,3.8945,400.08,103.19,8.0,190.5
2024-03-07 09:00:00,27.356,3.9702,399.03,105.3,9.12,200.4
2024-03-07 10:00:00,27.764,3.927,403.92,106.06,7.59,189.4
2024-03-07 11:00:00,28.572,3.924,396.61,104.31,8.66,195.7
2024-03-07 12:00:00,27.406,3.8949,399.27,102.37,8.44,194.1
2024-03-07 13:00:00,26.748,3.8645,398.03,103.57,9.46,191.8
2024-03-07 14:00:00,27.776,3.9054,400.56,103.91,6.68,201.5
2024-03-07 15:00:00,27.873,3.9316,401.76,105.69,7.71,198.0
2024-03-07 16:00:00,29.464,3.9804,401.21,101.82,6.05,186.0
2024-03-07 17:00:00,27.85,3.8844,401.45,104.99,8.84,204.5
2024-03-07 18:00:00,27.713,3.8874,399.59,102.97,10.39,200.9
2024-03-07 19:00:00,28.042,3.8388,396.68,104.54,8.62,198.0
2024-03-07 20:00:00,28.628,3.9365,399.78,104.05,8.75,203.6
2024-03-07 21:00:00,28.534,3.9409,406.94,103.49,8.41,183.9
2024-03-07 22:00:00,27.21,3.9966,396.77,104.04,7.96,193.2
2024-03-07 23:00:00,27.92,3.866,398.72,103.17,7.23,189.8
2024-03-08 00:00:00,25.09,3.8786,397.15,102.07,7.1,178.7
2024-03-08 01:00:00,24.788,3.8319,396.78,106.64,7.05,196.3
2024-03-08 02:00:00,27.718,3.9661,402.04,103.68,9.78,190.1
2024-03-08 03:00:00,25.639,3.8203,401.0,104.88,6.67,193.3
2024-03-08 04:00:00,25.894,3.9207,396.44,103.49,9.1,197.4
2024-03-08 05:00:00,24.53,3.917,394.67,104.96,9.07,213.5
2024-03-08 06:00:00,25.158,3.9008,399.78,102.76,7.31,195.6
2024-03-08 07:00:00,25.065,3.897,398.53,103.18,7.2,185.9
2024-03-08 08:00:00,26.26,3.97,406.09,101.64,7.03,198.8
2024-03-08 09:00:00,25.97,3.8675,402.12,104.15,6.83,195.2
2024-03-08 10:00:00,25.7,3.9042,401.03,101.56,8.73,191.0
2024-03-08 11:00:00,26.534,3.9156,401.07,102.96,7.05,193.9
2024-03-08 12:00:00,24.79,3.9215,399.71,100.86,8.34,199.2
2024-03-08 13:00:00,24.868,3.8517,400.76,103.28,7.96,177.6
2024-03-08 14:00:00,25.064,3.881,398.74,105.98,7.38,173.7
2024-03-08 15:00:00,24.585,3.8547,401.33,106.05,8.03,200.8
2024-03-08 16:00:00,24.875,3.9438,399.79,103.89,7.59,188.2
2024-03-08 17:00:00,26.265,3.8801,401.29,103.64,7.66,190.0
2024-03-08 18:00:00,23.919,3.9118,400.96,102.09,7.83,191.2
2024-03-08 19:00:00,24.632,3.9015,402.26,105.09,8.07,206.4
2024-03-08 20:00:00,26.207,3.8698,400.33,106.4,8.48,188.7
2024-03-08 21:00:00,26.158,3.9089,398.2,103.12,7.73,170.8
2024-03-08 22:00:00,25.199,3.8556,398.91,103.4,8.29,188.9
2024-03-08 23:00:00,25.267,3.9038,400.79,103.12,7.56,189.0
2024-03-09 00:00:00,24.994,3.919,395.07,102.92,7.65,173.6
2024-03-09 01:00:00,24.71,3.9398,397.09,102.98,8.82,184.2
2024-03-09 02:00:00,24.515,3.9017,399.5,104.7,8.23,177.2
2024-03-09 03:00:00,25.255,3.9073,404.1,104.83,7.54,200.9
2024-03-09 04:00:00,24.549,3.8752,399.85,103.86,7.63,190.3
2024-03-09 05:00:00,24.249,3.8622,405.22,101.86,8.86,192.0
2024-03-09 06:00:00,23.824,3.8622,394.34,102.83,8.88,163.2
2024-03-09 07:00:00,25.169,3.8973,396.21,103.04,8.94,183.4
2024-03-09 08:00:00,24.804,3.8502,398.66,104.29,8.49,176.3
2024-03-09 09:00:00,25.277,3.9475,398.3,104.85,7.34,195.6
2024-03-09 10:00:00,24.91,3.8923,402.48,105.3,8.14,188.3
2024-03-09 11:00:00,25.419,3.8966,406.96,100.29,8.79,203.3
2024-03-09 12:00:00,24.795,3.8102,401.87,104.0,8.5,203.4
2024-03-09 13:00:00,24.749,3.8875,402.02,103.26,7.58,191.8
2024-03-09 14:00:00,24.933,3.945,403.74,104.28,7.43,210.5
2024-03-09 15:00:00,26.458,3.9504,395.65,101.62,8.16,175.6
2024-03-09 16:00:00,25.335,3.9176,402.18,104.19,7.81,178.7
2024-03-09 17:00:00,23.458,3.9796,402.52,101.26,8.21,186.1
2024-03-09 18:00:00,25.251,3.9242,405.47,102.16,7.55,203.9
2024-03-09 19:00:00,24.467,3.9488,403.47,103.64,7.86,198.4
2024-03-09 20:00:00,23.938,3.8016,400.99,102.17,7.75,200.0
2024-03-09 21:00:00,25.553,3.9917,401.54,104.44,7.33,182.5
2024-03-09 22:00:00,22.608,3.9753,398.3,102.93,6.9,184.5
2024-03-09 23:00:00,24.505,3.8483,400.67,103.43,7.69,169.6
2024-03-10 00:00:00,24.817,3.9445,398.07,101.1,6.9,202.7
2024-03-10 01:00:00,26.168,3.8933,402.14,102.91,8.37,191.9
2024-03-10 02:00:00,25.111,3.8675,400.32,101.79,8.78,193.2
2024-03-10 03:00:00,24.278,3.8254,393.66,102.22,8.02,171.7
2024-03-10 04:00:00,24.73,3.8793,398.75,103.47,7.39,204.7
2024-03-10 05:00:00,24.996,3.9312,396.07,104.52,9.29,194.2
2024-03-10 06:00:00,23.871,3.9365,401.35,102.92,8.62,198.0
2024-03-10 07:00:00,25.177,3.9258,400.22,104.79,8.06,171.2
2024-03-10 08:00:00,25.752,3.8367,396.19,105.9,7.9,186.9
2024-03-10 09:00:00,23.396,3.8724,400.74,103.05,7.32,191.2
2024-03-10 10:00:00,25.094,3.8482,395.62,102.25,7.95,201.6
2024-03-10 11:00:00,25.249,3.8462,399.38,101.74,7.39,183.3
2024-03-10 12:00:00,25.783,3.9059,400.68,102.88,9.06,189.5
2024-03-10 13:00:00,25.048,3.9036,397.88,104.77,7.4,189.9
2024-03-10 14:00:00,26.854,3.952,402.0,103.5,7.44,185.8
2024-03-10 15:00:00,26.136,3.943,400.74,105.35,7.13,199.8
2024-03-10 16:00:00,23.946,3.8454,397.91,103.06,7.97,219.4
2024-03-10 17:00:00,25.29,3.9861,397.64,105.85,7.44,198.3
2024-03-10 18:00:00,25.773,3.9352,399.9,101.76,7.26,190.0
2024-03-10 19:00:00,26.183,3.8738,398.97,105.01,7.28,191.1
2024-03-10 20:00:00,25.581,3.9347,394.65,103.43,9.19,172.7
2024-03-10 21:00:00,25.386,3.8835,397.55,102.82,7.23,208.1
2024-03-10 22:00:00,25.671,3.926,398.05,101.67,8.7,197.5
2024-03-10 23:00:00,24.887,3.8412,404.45,104.87,7.88,196.6
2024-03-11 00:00:00,28.34,3.9422,403.29,105.19,7.91,182.6
2024-03-11 01:00:00,28.432,3.784,398.06,104.42,7.47,189.0
2024-03-11 02:00:00,26.948,3.9105,401.88,106.06,9.58,195.8
2024-03-11 03:00:00,27.129,3.915,398.45,103.33,8.08,197.3
2024-03-11 04:00:00,27.816,3.872,401.52,104.52,9.58,200.7
2024-03-11 05:00:00,27.849,3.8454,396.92,104.03,8.5,176.0
2024-03-11 06:00:00,27.279,3.9227,401.65,106.3,6.88,179.8
2024-03-11 07:00:00,27.381,3.8778,401.45,105.12,6.59,208.4
2024-03-11 08:00:00,28.292,3.8268,398.43,105.37,7.69,194.9
2024-03-11 09:00:00,26.252,3.9649,396.18,103.79,8.19,176.2
2024-03-11 10:00:00,27.158,3.912,402.05,101.81,9.08,181.8
2024-03-11 11:00:00,26.327,3.8744,401.92,103.59,7.81,195.0
2024-03-11 12:00:00,26.759,3.8716,397.96,103.51,8.14,201.9
2024-03-11 13:00:00,27.01,3.9528,402.32,106.2,8.2,186.6
2024-03-11 14:00:00,25.275,3.8901,401.38,104.95,6.77,182.5
2024-03-11 15:00:00,26.263,3.8759,402.32,104.85,8.96,175.3
2024-03-11 16:00:00,25.654,3.8987,397.85,103.98,8.0,198.0
2024-03-11 17:00:00,27.817,3.8727,401.07,104.78,9.13,193.2
2024-03-11 18:00:00,25.614,3.9187,399.06,101.92,8.82,184.2
2024-03-11 19:00:00,26.987,3.8724,400.21,104.51,8.39,210.2
2024-03-11 20:00:00,28.46,3.8734,402.93,106.04,8.71,195.7
2024-03-11 21:00:00,27.077,3.887,397.83,103.03,8.49,185.1
2024-03-11 22:00:00,27.741,3.8548,402.97,102.78,7.25,185.7
2024-03-11 23:00:00,28.346,3.9563,395.86,106.28,7.8,172.8
2024-03-12 00:00:00,29.077,3.8874,397.58,105.59,8.99,175.5
2024-03-12 01:00:00,28.175,3.8555,396.32,103.74,8.1,185.2
2024-03-12 02:00:00,26.666,3.8973,403.89,103.48,9.01,184.7
2024-03-12 03:00:00,27.675,3.9096,397.23,106.49,8.38,192.6
2024-03-12 04:00:00,27.604,3.9154,402.59,106.12,8.26,193.4
2024-03-12 05:00:00,27.285,3.8499,401.68,101.99,8.82,191.4
2024-03-12 06:00:00,26.652,3.9097,395.8,102.84,6.42,205.8
2024-03-12 07:00:00,27.267,3.8388,401.51,102.73,7.4,191.3
2024-03-12 08:00:00,28.379,3.9499,400.64,103.04,7.64,184.6
2024-03-12 09:00:00,27.667,3.8779,397.02,104.9,7.46,176.0
2024-03-12 10:00:00,28.523,3.9512,395.24,103.68,7.3,201.4
2024-03-12 11:00:00,27.287,3.9236,395.99,104.54,10.1,205.1
2024-03-12 12:00:00,28.53,3.9761,399.3,104.88,8.25,186.2
2024-03-12 13:00:00,27.506,3.9793,403.24,103.86,8.81,212.7
2024-03-12 14:00:00,27.003,3.8913,398.4,106.73,7.59,187.8
2024-03-12 15:00:00,26.412,3.8886,401.37,102.99,7.4,182.6
2024-03-12 16:00:00,28.68,3.9799,409.87,101.94,8.65,174.9
2024-03-12 17:00:00,27.165,3.8701,398.97,101.42,9.46,195.6
2024-03-12 18:00:00,27.493,3.8915,398.49,106.36,8.3,185.3
2024-03-12 19:00:00,28.662,3.9613,403.92,103.66,8.26,189.7
2024-03-12 20:00:00,29.06,3.9814,405.83,104.87,8.4,198.3
2024-03-12 21:00:00,26.326,3.9536,399.44,104.76,7.62,194.1
2024-03-12 22:00:00,28.859,3.9283,396.08,103.5,8.27,195.8
2024-03-12 23:00:00,27.401,3.8798,402.39,104.03,7.94,196.2
2024-03-13 00:00:00,23.759,3.8751,396.81,105.36,7.38,199.8
2024-03-13 01:00:00,23.101,3.9254,400.02,102.58,6.59,195.7
2024-03-13 02:00:00,23.225,3.9348,403.01,106.09,7.85,195.0
2024-03-13 03:00:00,22.924,3.9349,401.86,105.09,7.45,198.5
2024-03-13 04:00:00,22.781,3.9385,401.89,105.98,7.47,205.1
2024-03-13 05:00:00,22.544,3.9521,402.7,104.43,9.38,196.9
2024-03-13 06:00:00,22.262,3.9449,402.79,104.46,8.1,185.6
2024-03-13 07:00:00,24.25,3.9162,397.76,104.63,8.2,177.6
2024-03-13 08:00:00,23.521,3.8768,399.08,104.68,6.34,204.3
2024-03-13 09:00:00,23.684,3.9155,395.65,103.84,7.52,199.5
2024-03-13 10:00:00,24.075,3.8862,397.74,104.69,7.67,181.6
2024-03-13 11:00:00,24.688,3.9172,404.36,104.6,8.26,192.1
2024-03-13 12:00:00,23.597,3.8834,404.82,103.15,8.01,199.3
2024-03-13 13:00:00,24.87,3.9896,398.23,104.75,8.14,179.8
2024-03-13 14:00:00,23.893,3.8332,396.83,103.13,9.28,175.3
2024-03-13 15:00:00,24.603,3.7473,400.69,103.52,8.22,189.9
2024-03-13 16:00:00,23.122,3.8826,398.59,102.94,7.19,204.8
2024-03-13 17:00:00,23.551,3.9834,398.9,103.72,7.64,184.9
2024-03-13 18:00:00,23.246,3.9047,399.94,103.7,6.47,211.6
2024-03-13 19:00:00,23.579,3.9039,402.2,104.58,5.79,182.9
2024-03-13 20:00:00,23.651,3.8652,403.88,105.07,6.95,192.8
2024-03-13 21:00:00,24.609,3.8961,394.98,104.78,7.64,172.5
2024-03-13 22:00:00,23.157,3.8879,399.65,105.07,8.32,177.6
2024-03-13 23:00:00,23.63,3.9364,398.08,103.24,7.78,184.6
2024-03-14 00:00:00,24.53,3.9162,400.79,104.81,7.81,183.0
2024-03-14 01:00:00,25.825,3.9112,399.21,105.77,8.71,174.5
2024-03-14 02:00:00,25.323,3.8811,404.13,102.39,7.69,190.3
2024-03-14 03:00:00,27.03,3.8227,396.07,102.17,6.59,174.9
2024-03-14 04:00:00,24.9,3.8549,399.39,102.95,6.68,194.5
2024-03-14 05:00:00,25.944,3.8429,404.05,102.55,8.21,178.0
2024-03-14 06:00:00,24.947,3.9183,400.21,105.54,8.27,184.5
2024-03-14 07:00:00,26.656,3.8601,397.25,104.65,7.8,183.9
2024-03-14 08:00:00,25.511,3.8323,402.24,103.39,7.65,194.6
2024-03-14 09:00:00,24.143,3.9298,400.35,104.58,8.86,186.8
2024-03-14 10:00:00,25.653,3.9738,401.29,103.25,7.0,187.2
2024-03-14 11:00:00,26.231,3.909,402.02,105.21,7.74,169.4
2024-03-14 12:00:00,24.521,3.9625,397.12,105.15,8.49,183.9
2024-03-14 13:00:00,24.423,3.9631,399.57,105.8,7.78,178.5
2024-03-14 14:00:00,25.365,3.9023,399.84,105.7,8.25,184.1
2024-03-14 15:00:00,24.828,3.8477,403.58,103.89,8.9,195.2
2024-03-14 16:00:00,26.158,3.9419,397.51,102.29,7.37,180.7
2024-03-14 17:00:00,25.299,3.8598,398.82,106.65,7.63,196.0
2024-03-14 18:00:00,24.56,3.8403,407.16,105.78,8.25,184.8
2024-03-14 19:00:00,24.71,3.8726,406.24,102.78,7.18,185.3
2024-03-14 20:00:00,25.383,3.8943,398.86,102.79,7.63,215.4
2024-03-14 21:00:00,26.066,3.8184,404.5,106.01,8.56,193.6
2024-03-14 22:00:00,27.062,3.8241,399.64,102.72,9.11,180.4
2024-03-14 23:00:00,26.12,3.8282,404.17,103.45,7.18,179.6
2024-03-15 00:00:00,24.95,3.8851,400.2,102.17,9.22,194.4
2024-03-15 01:00:00,24.864,3.9397,403.6,104.61,6.82,189.7
2024-03-15 02:00:00,25.155,3.8253,400.15,102.53,7.41,194.3
2024-03-15 03:00:00,23.934,3.93,396.68,105.91,7.57,176.3
2024-03-15 04:00:00,27.362,4.0307,393.19,104.84,5.93,193.2
2024-03-15 05:00:00,25.043,3.8976,399.45,103.14,6.96,191.6
2024-03-15 06:00:00,25.923,3.878,404.01,102.78,8.61,201.9
2024-03-15 07:00:00,24.457,3.9255,397.85,103.17,10.1,196.3
2024-03-15 08:00:00,25.445,3.8377,400.97,103.35,7.87,188.0
2024-03-15 09:00:00,27.264,3.9355,400.8,104.79,7.16,197.0
2024-03-15 10:00:00,25.485,3.8505,402.58,100.39,7.82,183.8
2024-03-15 11:00:00,24.504,3.8706,399.39,105.08,8.78,195.9
2024-03-15 12:00:00,26.488,3.7888,395.24,104.32,7.08,189.0
2024-03-15 13:00:00,25.898,3.9797,402.11,104.81,8.3,181.8
2024-03-15 14:00:00,25.08,3.8354,399.87,104.31,7.15,196.6
2024-03-15 15:00:00,24.812,3.98,400.03,102.83,8.61,204.6
2024-03-15 16:00:00,25.605,3.8982,396.89,102.45,6.84,187.2
2024-03-15 17:00:00,26.839,3.8861,395.29,104.4,7.99,200.4
2024-03-15 18:00:00,25.87,3.8134,400.51,104.18,7.27,202.6
2024-03-15 19:00:00,25.474,3.8714,399.42,105.05,8.96,194.9
2024-03-15 20:00:00,25.461,3.927,396.96,103.74,7.6,185.3
2024-03-15 21:00:00,27.025,3.9367,399.98,101.09,8.76,191.0
2024-03-15 22:00:00,24.982,3.8706,400.82,100.98,7.07,195.4
2024-03-15 23:00:00,24.985,3.8653,397.12,106.19,7.42,191.4
2024-03-16 00:00:00,26.702,3.8743,397.58,107.28,8.48,198.6
2024-03-16 01:00:00,25.681,4.0392,402.06,102.48,6.7,201.7
2024-03-16 02:00:00,25.249,3.965,394.66,103.16,9.2,185.8
2024-03-16 03:00:00,26.66,3.8962,403.37,104.13,7.99,200.8
2024-03-16 04:00:00,25.93,3.9223,407.79,103.87,8.98,184.7
2024-03-16 05:00:00,25.488,3.8916,403.09,105.8,8.49,186.3
2024-03-16 06:00:00,26.583,3.898,405.64,105.07,8.2,190.2
2024-03-16 07:00:00,25.813,3.9047,405.8,101.98,8.42,196.3
2024-03-16 08:00:00,25.165,3.9427,402.21,101.74,8.86,187.3
2024-03-16 09:00:00,25.75,3.8567,400.22,105.82,7.49,204.1
2024-03-16 10:00:00,27.833,3.9605,397.6,104.76,7.63,175.6
2024-03-16 11:00:00,26.338,3.7976,400.15,102.27,6.72,186.1
2024-03-16 12:00:00,25.605,3.9625,403.63,107.24,8.18,186.5
2024-03-16 13:00:00,26.153,3.9559,399.9,105.95,7.76,184.8
2024-03-16 14:00:00,27.184,3.9387,401.91,103.94,7.8,192.4
2024-03-16 15:00:00,25.367,3.8867,397.11,104.51,7.18,173.5
2024-03-16 16:00:00,25.748,3.8527,398.15,101.93,10.12,189.2
2024-03-16 17:00:00,27.486,3.9234,399.75,102.24,8.75,194.5
2024-03-16 18:00:00,26.278,3.9022,397.02,102.37,8.1,195.3
2024-03-16 19:00:00,27.491,3.8009,401.42,103.9,7.35,187.3
2024-03-16 20:00:00,26.658,3.8801,399.51,103.51,7.9,217.2
2024-03-16 21:00:00,27.977,3.9596,394.8,106.89,7.77,193.4
2024-03-16 22:00:00,25.74,3.9259,396.78,105.7,8.48,184.9
2024-03-16 23:00:00,26.041,3.8545,400.05,103.76,7.6,181.1
2024-03-17 00:00:00,26.536,3.8833,399.77,102.95,9.2,185.1
2024-03-17 01:00:00,27.592,3.9057,402.48,100.88,9.52,172.1
2024-03-17 02:00:00,26.221,3.8642,403.1,105.25,7.19,196.8
2024-03-17 03:00:00,27.299,3.8715,399.16,103.72,7.98,196.1
2024-03-17 04:00:00,27.157,3.8706,400.17,104.43,8.02,174.6
2024-03-17 05:00:00,25.635,3.863,398.67,105.03,7.25,213.7
2024-03-17 06:00:00,25.61,3.9001,399.89,102.28,8.74,193.3
2024-03-17 07:00:00,26.139,3.8821,396.42,105.51,8.06,182.2
2024-03-17 08:00:00,27.259,3.8029,401.2,104.82,7.98,194.2
2024-03-17 09:00:00,27.361,3.9513,397.87,105.38,7.64,184.7
2024-03-17 10:00:00,26.923,3.8739,402.16,104.93,8.56,181.0
2024-03-17 11:00:00,26.783,3.9444,403.1,106.88,8.91,177.0
2024-03-17 12:00:00,26.503,3.9079,396.12,103.22,7.01,185.6
2024-03-17 13:00:00,27.786,3.9017,396.88,101.69,7.53,212.3
2024-03-17 14:00:00,26.189,3.8836,408.53,104.74,7.62,189.2
2024-03-17 15:00:00,25.674,3.9487,399.91,102.02,6.95,182.5
2024-03-17 16:00:00,25.69,3.9126,393.66,105.97,8.8,168.2
2024-03-17 17:00:00,25.623,3.9043,401.93,105.48,7.98,191.3
2024-03-17 18:00:00,25.707,3.9249,397.48,103.52,7.43,191.8
2024-03-17 19:00:00,27.838,3.9284,396.85,105.76,8.86,177.4
2024-03-17 20:00:00,26.1,3.9503,398.26,103.53,8.95,199.1
2024-03-17 21:00:00,27.649,3.8583,405.56,100.54,8.3,193.1
2024-03-17 22:00:00,25.973,3.8271,399.75,105.04,7.32,194.0
2024-03-17 23:00:00,26.855,3.8807,397.85,106.05,7.25,200.0
2024-03-18 00:00:00,26.462,3.8906,400.16,106.0,7.64,198.4
2024-03-18 01:00:00,26.657,3.9721,397.39,105.69,8.94,178.5
2024-03-18 02:00:00,28.122,3.8591,397.88,102.43,7.32,187.7
2024-03-18 03:00:00,27.76,4.004,400.61,102.1,8.65,174.6
2024-03-18 04:00:00,27.563,3.8631,397.91,101.93,8.75,192.2
2024-03-18 05:00:00,27.051,3.8087,397.92,102.82,8.91,204.8
2024-03-18 06:00:00,27.899,3.9778,403.66,103.41,8.12,173.2
2024-03-18 07:00:00,27.656,3.9332,396.11,105.33,7.81,170.3
2024-03-18 08:00:00,27.013,3.9396,398.29,104.07,8.35,185.2
2024-03-18 09:00:00,26.651,3.8189,400.9,104.13,9.38,195.1
2024-03-18 10:00:00,26.999,3.8313,393.85,103.23,7.61,194.9
2024-03-18 11:00:00,27.126,3.9003,403.5,104.49,8.34,192.1
2024-03-18 12:00:00,27.486,3.8939,404.82,104.19,8.5,203.3
2024-03-18 13:00:00,26.902,3.8692,401.88,106.0,9.43,190.2
2024-03-18 14:00:00,28.533,3.8914,399.76,105.0,7.91,180.8
2024-03-18 15:00:00,26.781,4.043,401.71,105.02,7.16,186.4
2024-03-18 16:00:00,26.999,3.9078,402.04,101.91,8.21,201.1
2024-03-18 17:00:00,28.097,3.7574,403.33,103.32,7.41,204.4
2024-03-18 18:00:00,28.443,3.8785,399.93,102.95,7.59,185.8
2024-03-18 19:00:00,25.616,3.8869,404.4,102.77,7.59,187.6
2024-03-18 20:00:00,26.897,3.8902,401.1,104.78,8.19,194.7
2024-03-18 21:00:00,27.724,3.963,399.0,102.16,8.92,179.6
2024-03-18 22:00:00,26.41,3.9222,397.06,103.16,8.51,192.1
2024-03-18 23:00:00,28.133,3.9225,396.05,105.89,8.61,172.5
2024-03-19 00:00:00,24.034,3.8892,405.32,103.92,8.07,199.5
2024-03-19 01:00:00,24.689,3.8829,400.91,104.4,8.52,186.4
2024-03-19 02:00:00,24.626,3.9351,396.7,102.0,9.29,162.8
2024-03-19 03:00:00,25.072,3.8414,401.52,104.87,7.2,187.4
2024-03-19 04:00:00,24.24,3.8894,400.95,104.66,8.28,189.5
2024-03-19 05:00:00,24.88,3.9686,397.89,106.96,8.69,190.3
2024-03-19 06:00:00,24.873,3.907,392.8,102.82,7.03,197.8
2024-03-19 07:00:00,25.089,3.9958,403.99,105.42,8.87,189.1
2024-03-19 08:00:00,24.689,3.9544,405.09,104.24,7.77,197.2
2024-03-19 09:00:00,25.252,3.8741,395.39,103.21,8.38,195.9
2024-03-19 10:00:00,24.709,3.9891,394.55,102.77,8.4,203.6
2024-03-19 11:00:00,23.216,4.0128,399.48,103.06,7.34,198.9
2024-03-19 12:00:00,26.51,3.8895,405.24,103.46,8.64,199.2
2024-03-19 13:00:00,24.526,3.8433,399.33,101.47,7.67,207.8
2024-03-19 14:00:00,24.806,3.8731,397.3,103.08,6.34,189.9
2024-03-19 15:00:00,24.059,3.8978,400.84,102.59,9.21,187.5
2024-03-19 16:00:00,23.042,3.9486,399.26,101.71,8.5,188.8
2024-03-19 17:00:00,24.754,3.8222,398.02,103.49,7.26,190.5
2024-03-19 18:00:00,24.831,3.9268,402.73,103.95,7.55,183.5
2024-03-19 19:00:00,23.936,3.8824,403.48,103.03,9.32,185.2
2024-03-19 20:00:00,23.961,3.8819,396.8,101.69,7.04,199.7
2024-03-19 21:00:00,25.296,3.7922,402.58,103.79,7.96,198.0
2024-03-19 22:00:00,25.16,3.9478,400.55,102.09,8.78,171.8
2024-03-19 23:00:00,24.886,3.8583,395.02,104.53,7.83,178.8
2024-03-20 00:00:00,24.783,3.8655,401.05,102.2,8.28,194.8
2024-03-20 01:00:00,23.664,3.9654,395.47,104.7,7.35,183.5
2024-03-20 02:00:00,23.703,3.8902,399.15,102.74,8.29,195.0
2024-03-20 03:00:00,24.36,3.9208,395.88,104.33,8.07,216.5
2024-03-20 04:00:00,23.863,3.9188,398.36,105.54,8.33,197.3
2024-03-20 05:00:00,24.857,3.8154,398.16,103.69,7.48,183.8
2024-03-20 06:00:00,26.403,3.8605,402.68,104.08,7.9,205.2
2024-03-20 07:00:00,24.56,3.8386,400.46,102.94,9.32,195.5
2024-03-20 08:00:00,24.49,3.9219,402.95,102.68,7.97,186.1
2024-03-20 09:00:00,24.758,3.8918,404.03,102.65,8.8,185.9
2024-03-20 10:00:00,23.842,3.8996,401.08,103.31,7.06,183.5
2024-03-20 11:00:00,25.42,3.9248,391.04,102.7,7.97,187.5
2024-03-20 12:00:00,25.09,3.9072,397.84,103.65,7.34,203.2
2024-03-20 13:00:00,24.696,3.8683,397.06,103.47,8.25,194.1
2024-03-20 14:00:00,24.528,3.9812,398.85,106.04,9.54,194.4
2024-03-20 15:00:00,23.759,3.9348,396.67,103.83,7.51,189.0
2024-03-20 16:00:00,25.46,3.8822,406.24,104.0,7.18,192.6
2024-03-20 17:00:00,23.817,3.9023,406.26,106.65,7.06,180.3
2024-03-20 18:00:00,23.701,3.8928,399.0,104.47,6.85,188.4
2024-03-20 19:00:00,23.855,3.8399,402.67,103.04,9.45,177.7
2024-03-20 20:00:00,24.823,3.916,404.76,107.68,9.92,201.3
2024-03-20 21:00:00,25.301,3.9528,402.89,102.56,6.5,180.6
2024-03-20 22:00:00,23.704,3.9309,402.43,103.61,7.46,197.6
2024-03-20 23:00:00,25.342,3.9194,402.79,102.62,7.38,203.5
2024-03-21 00:00:00,26.269,3.9732,407.57,104.31,8.88,193.9
2024-03-21 01:00:00,26.997,3.8913,403.19,104.5,8.22,171.8
2024-03-21 02:00:00,26.558,3.8881,398.7,102.31,7.77,205.5
2024-03-21 03:00:00,26.793,3.8247,395.6,104.28,8.5,193.3
2024-03-21 04:00:00,27.274,3.8865,402.36,104.66,6.64,204.0
2024-03-21 05:00:00,27.313,3.8362,400.42,104.32,7.3,185.7
2024-03-21 06:00:00,27.614,3.8772,400.2,103.67,7.56,188.1
2024-03-21 07:00:00,27.215,3.9093,397.68,105.4,7.79,177.0
2024-03-21 08:00:00,27.147,3.9631,400.15,105.74,8.76,189.4
2024-03-21 09:00:00,27.467,3.8771,401.21,102.33,8.04,192.6
2024-03-21 10:00:00,27.673,3.8959,399.77,107.77,7.96,194.0
2024-03-21 11:00:00,26.92,3.819,399.34,105.32,9.1,190.1
2024-03-21 12:00:00,27.549,3.8435,399.3,104.86,7.71,187.6
2024-03-21 13:00:00,26.159,3.9709,400.49,104.36,8.69,182.7
2024-03-21 14:00:00,27.516,3.8302,398.72,105.37,6.41,174.3
2024-03-21 15:00:00,26.593,3.9459,402.17,105.05,7.39,187.3
2024-03-21 16:00:00,26.725,3.9367,400.58,103.38,7.37,194.4
2024-03-21 17:00:00,26.876,3.8609,400.78,103.5,9.35,180.1
2024-03-21 18:00:00,26.298,3.8998,396.09,102.45,6.93,182.1
2024-03-21 19:00:00,26.444,4.006,404.14,101.9,7.27,201.6
2024-03-21 20:00:00,26.373,3.92,400.3,106.26,9.33,200.9
2024-03-21 21:00:00,26.882,3.9137,400.86,104.14,6.68,184.0
2024-03-21 22:00:00,25.575,3.9034,401.71,104.92,7.21,199.1
2024-03-21 23:00:00,25.722,3.9168,399.68,103.8,8.66,200.2
2024-03-22 00:00:00,27.712,3.8968,399.99,104.88,6.63,176.4
2024-03-22 01:00:00,30.288,3.9378,400.23,103.93,7.97,179.6
2024-03-22 02:00:00,28.043,3.8951,398.37,103.04,7.52,219.1
2024-03-22 03:00:00,29.023,3.8432,398.7,104.35,7.53,195.8
2024-03-22 04:00:00,30.04,3.7862,403.28,104.07,6.94,182.8
2024-03-22 05:00:00,26.209,3.836,404.93,102.33,6.32,193.5
2024-03-22 06:00:00,29.467,3.9757,395.6,102.86,7.83,195.2
2024-03-22 07:00:00,27.5,3.9326,403.37,103.75,8.4,205.0
2024-03-22 08:00:00,28.098,3.9559,398.68,104.09,7.98,187.3
2024-03-22 09:00:00,28.687,3.9156,400.09,104.31,8.49,179.1
2024-03-22 10:00:00,27.496,3.8972,401.93,102.66,8.46,185.5
2024-03-22 11:00:00,28.102,3.9278,400.05,103.33,8.43,191.4
2024-03-22 12:00:00,27.682,3.7762,403.97,103.06,8.03,193.0
2024-03-22 13:00:00,26.977,3.9357,402.78,103.13,8.01,211.3
2024-03-22 14:00:00,27.341,3.8437,399.54,103.64,7.2,190.2
2024-03-22 15:00:00,27.821,3.9577,403.47,106.51,9.55,188.0
2024-03-22 16:00:00,27.983,3.9769,403.17,105.42,7.13,201.6
2024-03-22 17:00:00,28.954,3.8649,401.86,103.45,8.22,193.9
2024-03-22 18:00:00,27.88,3.9062,398.42,104.85,8.05,213.5
2024-03-22 19:00:00,27.937,3.8892,395.6,102.0,7.65,194.4
2024-03-22 20:00:00,26.814,3.8469,403.84,106.44,7.88,198.2
2024-03-22 21:00:00,27.385,3.9945,400.43,105.81,8.07,187.6
2024-03-22 22:00:00,26.899,3.8819,408.91,105.09,8.73,191.8
2024-03-22 23:00:00,28.574,3.9604,398.16,103.13,8.47,195.6
2024-03-23 00:00:00,1.81,3.9275,401.97,103.96,8.18,193.8
2024-03-23 01:00:00,1.759,3.8605,399.87,104.05,8.35,175.4
2024-03-23 02:00:00,1.861,3.9113,401.2,105.0,7.59,199.2
2024-03-23 03:00:00,1.208,3.902,397.2,103.51,7.84,200.9
2024-03-23 04:00:00,3.777,3.926,397.96,106.19,7.59,187.1
2024-03-23 05:00:00,3.782,3.9126,393.8,103.89,9.08,167.8
2024-03-23 06:00:00,1.076,3.8144,397.08,100.94,8.67,199.0
2024-03-23 07:00:00,2.272,4.0493,398.68,103.83,8.7,175.6
2024-03-23 08:00:00,2.145,3.8313,402.69,105.36,8.2,180.7
2024-03-23 09:00:00,1.679,3.8574,402.32,102.22,7.94,184.5
2024-03-23 10:00:00,1.264,3.8459,403.38,102.39,7.66,197.5
2024-03-23 11:00:00,1.357,3.9184,399.22,101.81,7.56,189.6
2024-03-23 12:00:00,3.03,3.9318,401.01,103.98,8.43,179.1
2024-03-23 13:00:00,1.465,3.8021,396.97,103.05,6.62,189.9
2024-03-23 14:00:00,2.767,3.9825,400.09,105.18,7.3,195.9
2024-03-23 15:00:00,3.026,3.9224,397.93,105.43,8.83,203.5
2024-03-23 16:00:00,2.335,3.8652,403.15,104.48,8.67,205.9
2024-03-23 17:00:00,1.257,3.921,399.46,103.76,8.38,197.3
2024-03-23 18:00:00,3.473,3.9592,405.96,104.68,6.51,192.3
2024-03-23 19:00:00,3.096,3.9046,400.89,104.0,9.54,182.8
2024-03-23 20:00:00,2.881,3.9265,401.62,105.42,8.07,193.5
2024-03-23 21:00:00,1.756,3.9179,401.42,103.26,6.28,187.7
2024-03-23 22:00:00,3.765,3.8496,398.12,106.03,8.64,194.9
2024-03-23 23:00:00,1.418,3.876,400.56,101.47,7.6,208.0
2024-03-24 00:00:00,2.281,3.8503,401.47,105.21,7.62,194.9
2024-03-24 01:00:00,3.904,3.8768,398.27,106.12,7.84,184.7
2024-03-24 02:00:00,2.26,3.8999,405.27,104.98,7.92,190.0
2024-03-24 03:00:00,3.998,3.807,390.99,103.44,7.33,187.6
2024-03-24 04:00:00,1.447,3.8155,402.79,103.84,6.87,191.8
2024-03-24 05:00:00,1.276,3.935,394.57,101.99,9.81,182.3
2024-03-24 06:00:00,2.458,3.9618,405.15,105.71,7.43,195.0
2024-03-24 07:00:00,3.871,3.9678,402.91,102.95,7.2,205.2
2024-03-24 08:00:00,2.838,3.931,402.19,102.16,7.77,180.6
2024-03-24 09:00:00,1.302,3.8523,401.71,103.67,9.0,195.8
2024-03-24 10:00:00,1.727,3.9101,404.65,103.18,8.81,194.5
2024-03-24 11:00:00,1.8,3.9055,394.14,105.49,8.47,207.4
2024-03-24 12:00:00,1.57,3.8645,402.68,102.4,7.4,193.7
2024-03-24 13:00:00,3.865,3.9695,401.4,103.48,7.13,203.0
2024-03-24 14:00:00,4.023,3.9442,400.17,107.47,7.5,188.6
2024-03-24 15:00:00,1.185,3.8478,400.05,103.89,9.85,187.4
2024-03-24 16:00:00,1.187,3.9089,396.61,103.37,9.54,198.5
2024-03-24 17:00:00,3.606,3.8548,404.69,104.04,7.29,183.7
2024-03-24 18:00:00,1.772,3.9168,401.15,106.1,8.62,177.1
2024-03-24 19:00:00,3.269,3.9129,402.3,100.28,8.31,189.9
2024-03-24 20:00:00,3.386,3.963,400.33,104.33,7.38,196.5
2024-03-24 21:00:00,3.396,3.8399,399.15,105.29,7.63,209.5
2024-03-24 22:00:00,3.71,3.9549,402.06,106.03,7.67,198.8
2024-03-24 23:00:00,2.349,3.8523,398.09,101.43,7.75,180.9
2024-03-25 00:00:00,28.305,3.8182,396.81,101.32,6.84,197.4
2024-03-25 01:00:00,26.633,3.8761,404.04,105.28,8.33,194.5
2024-03-25 02:00:00,27.452,4.0165,403.06,104.99,8.88,203.7
2024-03-25 03:00:00,27.727,3.9084,398.02,104.98,7.59,208.1
2024-03-25 04:00:00,27.269,3.9065,400.12,101.63,6.89,200.6
2024-03-25 05:00:00,27.774,3.9343,395.58,104.58,7.55,199.5
2024-03-25 06:00:00,27.228,3.8836,399.13,104.85,8.66,174.3
2024-03-25 07:00:00,26.989,3.8478,397.12,104.89,7.73,163.1
2024-03-25 08:00:00,27.467,3.9285,408.19,103.86,8.05,218.9
2024-03-25 09:00:00,28.041,3.8861,402.98,103.92,7.77,178.7
2024-03-25 10:00:00,29.064,3.9348,399.48,102.1,7.53,157.6
2024-03-25 11:00:00,28.875,3.8488,400.7,104.82,8.69,189.5
2024-03-25 12:00:00,26.89,3.9639,405.31,102.64,8.45,196.2
2024-03-25 13:00:00,26.955,3.9286,401.51,102.83,8.03,188.7
2024-03-25 14:00:00,27.14,3.9307,402.37,106.65,6.37,180.8
2024-03-25 15:00:00,27.083,3.9146,403.18,101.09,8.12,169.9
2024-03-25 16:00:00,28.531,3.9098,398.62,102.66,7.54,190.0
2024-03-25 17:00:00,27.327,3.8564,399.01,105.83,8.91,185.2
2024-03-25 18:00:00,26.562,3.8648,405.05,106.33,7.26,189.4
2024-03-25 19:00:00,28.181,3.8991,399.8,101.55,8.18,200.8
2024-03-25 20:00:00,27.141,3.8458,401.63,105.25,7.51,174.3
2024-03-25 21:00:00,27.551,3.8441,402.62,104.8,7.8,192.0
2024-03-25 22:00:00,26.364,3.8794,394.98,105.73,7.11,181.4
2024-03-25 23:00:00,26.244,3.8995,403.99,104.57,7.9,192.7
2024-03-26 00:00:00,26.988,3.863,398.92,103.6,8.49,185.7
2024-03-26 01:00:00,25.544,3.9127,402.68,105.86,7.42,183.8
2024-03-26 02:00:00,25.209,3.9203,399.7,104.77,8.63,176.5
2024-03-26 03:00:00,26.035,3.8794,401.21,103.89,7.73,195.4
2024-03-26 04:00:00,26.452,3.8762,401.26,105.8,7.57,198.0
2024-03-26 05:00:00,26.145,3.8353,396.6,103.16,7.56,203.8
2024-03-26 06:00:00,24.787,3.9659,397.09,101.85,7.57,180.4
2024-03-26 07:00:00,25.437,3.9106,396.28,103.38,8.8,182.8
2024-03-26 08:00:00,27.132,3.8915,397.08,106.66,7.18,197.2
2024-03-26 09:00:00,26.484,3.9633,399.39,101.83,8.67,190.0
2024-03-26 10:00:00,24.497,3.9134,397.25,104.41,7.83,198.3
2024-03-26 11:00:00,25.899,3.8547,402.88,105.34,9.87,196.0
2024-03-26 12:00:00,25.76,3.9281,399.56,105.02,7.9,203.6
2024-03-26 13:00:00,25.493,3.8462,398.34,107.03,8.97,179.1
2024-03-26 14:00:00,25.645,3.8941,407.04,104.44,8.12,193.8
2024-03-26 15:00:00,24.389,3.8944,399.02,103.55,6.85,196.4
2024-03-26 16:00:00,26.131,3.8886,401.73,105.36,8.62,189.2
2024-03-26 17:00:00,24.122,3.8022,399.96,102.53,8.4,178.1
2024-03-26 18:00:00,25.665,3.9587,399.93,101.37,7.28,198.3
2024-03-26 19:00:00,25.519,3.7958,401.28,102.58,8.93,198.1
2024-03-26 20:00:00,26.615,3.9049,399.57,102.13,7.04,194.5
2024-03-26 21:00:00,25.391,3.8991,401.31,100.97,7.73,199.6
2024-03-26 22:00:00,26.585,3.9442,408.07,103.56,7.85,186.6
2024-03-26 23:00:00,25.516,3.8841,397.33,102.73,7.99,182.4
2024-03-27 00:00:00,25.614,3.9138,399.75,104.05,8.71,174.7
2024-03-27 01:00:00,25.43,3.8755,405.3,104.91,8.57,191.6
2024-03-27 02:00:00,25.492,3.9226,394.42,105.74,6.71,183.5
2024-03-27 03:00:00,26.442,3.8527,401.32,104.66,7.16,200.5
2024-03-27 04:00:00,24.254,3.9044,397.6,103.59,8.2,185.4
2024-03-27 05:00:00,27.447,3.9637,405.8,105.45,8.0,188.3
2024-03-27 06:00:00,26.349,3.8281,396.84,102.0,8.6,181.0
2024-03-27 07:00:00,25.957,3.8976,398.25,103.75,8.23,197.7
2024-03-27 08:00:00,26.166,3.8158,399.25,106.28,9.65,197.0
2024-03-27 09:00:00,26.553,3.9456,396.26,102.57,7.91,185.4
2024-03-27 10:00:00,25.967,3.874,394.2,102.46,7.0,215.0
2024-03-27 11:00:00,26.467,3.8937,398.01,105.62,7.74,169.5
2024-03-27 12:00:00,24.767,3.8912,398.88,103.15,6.88,184.6
2024-03-27 13:00:00,26.215,3.9086,402.45,102.35,7.77,184.1
2024-03-27 14:00:00,25.839,3.9622,398.47,104.09,6.68,195.2
2024-03-27 15:00:00,25.604,3.9242,400.61,105.17,8.49,178.8
2024-03-27 16:00:00,25.726,3.9134,403.69,102.44,8.02,191.4
2024-03-27 17:00:00,25.529,3.8518,396.46,105.46,7.63,177.2
2024-03-27 18:00:00,25.256,3.8193,397.77,103.29,7.6,179.5
2024-03-27 19:00:00,25.642,3.8713,399.14,103.27,7.48,193.1
2024-03-27 20:00:00,25.973,3.8993,396.4,105.04,6.47,203.7
2024-03-27 21:00:00,25.926,3.9571,403.9,100.27,7.45,198.5
2024-03-27 22:00:00,26.582,3.8227,397.78,105.47,7.6,191.2
2024-03-27 23:00:00,25.656,3.9457,401.84,104.93,8.24,187.8
2024-03-28 00:00:00,27.346,3.8658,395.4,101.97,9.0,176.6
2024-03-28 01:00:00,26.732,3.8229,400.6,104.06,7.48,190.4
2024-03-28 02:00:00,27.519,3.9465,405.14,105.39,9.0,199.4
2024-03-28 03:00:00,25.773,3.9281,404.55,104.27,8.25,194.8
2024-03-28 04:00:00,27.239,3.8409,405.07,102.85,7.82,197.9
2024-03-28 05:00:00,25.478,3.9535,401.08,105.14,7.6,181.8
2024-03-28 06:00:00,26.207,3.8654,400.4,107.44,8.61,190.1
2024-03-28 07:00:00,26.256,3.9612,396.85,100.19,7.66,190.8
2024-03-28 08:00:00,26.265,3.8948,396.39,104.05,9.71,186.9
2024-03-28 09:00:00,26.531,3.8451,398.67,103.75,8.61,192.0
2024-03-28 10:00:00,25.934,3.92,398.19,106.59,8.15,190.6
2024-03-28 11:00:00,25.635,3.9259,400.61,102.96,7.73,160.2
2024-03-28 12:00:00,25.922,3.8936,394.61,103.02,9.02,183.7
2024-03-28 13:00:00,27.059,3.8046,400.76,102.52,7.14,194.1
2024-03-28 14:00:00,26.493,3.8137,395.43,104.87,7.66,198.5
2024-03-28 15:00:00,26.227,3.9589,403.37,102.42,8.53,190.9
2024-03-28 16:00:00,26.152,3.9208,401.96,100.47,8.36,186.4
2024-03-28 17:00:00,27.024,4.0005,399.91,103.73,8.3,184.5
2024-03-28 18:00:00,27.068,3.9299,399.31,102.2,8.91,193.3
2024-03-28 19:00:00,27.084,3.8113,402.15,103.64,7.58,194.8
2024-03-28 20:00:00,27.439,3.8804,399.82,102.02,8.28,182.4
2024-03-28 21:00:00,26.316,3.9492,402.38,105.1,10.03,184.0
2024-03-28 22:00:00,25.341,3.9454,400.56,101.73,8.49,209.0
2024-03-28 23:00:00,24.824,3.9098,396.99,106.07,8.7,193.0
2024-03-29 00:00:00,28.063,3.8488,400.57,103.39,7.08,208.4
2024-03-29 01:00:00,26.772,3.8704,397.57,105.06,7.63,196.4
2024-03-29 02:00:00,27.095,3.8597,395.78,102.09,5.67,183.0
2024-03-29 03:00:00,27.759,3.9367,402.7,102.59,6.72,191.6
2024-03-29 04:00:00,26.965,3.9269,399.75,104.46,7.27,194.2
2024-03-29 05:00:00,26.371,3.9922,399.21,103.6,7.21,180.7
2024-03-29 06:00:00,27.477,3.9718,400.38,103.7,7.37,187.2
2024-03-29 07:00:00,28.745,3.8587,400.3,103.79,8.39,183.9
2024-03-29 08:00:00,25.907,3.8683,397.69,103.23,6.58,192.3
2024-03-29 09:00:00,25.971,3.9768,403.01,105.09,8.29,188.0
2024-03-29 10:00:00,28.497,3.9121,400.81,103.58,7.35,189.8
2024-03-29 11:00:00,25.889,3.7974,399.02,102.1,7.74,180.6
2024-03-29 12:00:00,28.54,3.8427,400.61,105.3,6.18,200.5
2024-03-29 13:00:00,27.145,3.9327,402.97,102.55,7.43,202.6
2024-03-29 14:00:00,27.347,3.8627,403.89,103.19,9.05,204.4
2024-03-29 15:00:00,27.64,3.9762,400.69,103.32,7.71,189.7
2024-03-29 16:00:00,27.434,3.8996,405.83,103.19,7.73,198.6
2024-03-29 17:00:00,26.873,3.9478,403.44,102.66,7.38,189.1
2024-03-29 18:00:00,27.493,3.8717,397.44,101.35,7.8,197.4
2024-03-29 19:00:00,27.575,3.8822,404.96,103.08,8.55,193.9
2024-03-29 20:00:00,27.045,3.9709,401.09,104.28,8.05,200.4
2024-03-29 21:00:00,27.989,3.9362,400.88,106.61,8.59,182.9
2024-03-29 22:00:00,26.955,3.949,399.63,105.22,8.54,177.9
2024-03-29 23:00:00,28.204,3.9487,400.02,105.12,7.89,202.7
2024-03-30 00:00:00,22.096,3.9086,398.56,103.46,9.37,202.4
2024-03-30 01:00:00,22.852,3.8767,402.66,102.64,7.41,181.3
2024-03-30 02:00:00,23.049,3.9043,396.39,103.1,8.1,191.5
2024-03-30 03:00:00,23.427,3.8993,400.63,103.4,7.89,204.0
2024-03-30 04:00:00,23.197,3.9352,398.44,101.46,7.34,187.6
2024-03-30 05:00:00,23.606,3.9124,399.04,104.24,8.35,194.0
2024-03-30 06:00:00,23.549,3.9176,397.73,102.01,7.27,199.3
2024-03-30 07:00:00,23.903,3.8744,405.25,104.49,8.04,192.4
2024-03-30 08:00:00,23.227,3.8759,400.3,103.89,6.04,187.3
2024-03-30 09:00:00,23.896,3.9383,398.47,104.26,8.52,185.9
2024-03-30 10:00:00,23.309,3.8905,396.37,103.87,6.48,186.5
2024-03-30 11:00:00,22.025,3.9537,394.79,104.22,8.6,196.1
2024-03-30 12:00:00,22.024,3.824,402.91,103.48,7.65,192.2
2024-03-30 13:00:00,22.667,3.8918,398.58,103.54,6.09,183.9
2024-03-30 14:00:00,23.063,3.8621,398.75,105.26,7.37,197.3
2024-03-30 15:00:00,23.432,3.9394,401.91,102.67,7.14,199.4
2024-03-30 16:00:00,22.973,4.0037,403.61,104.92,8.18,189.3
2024-03-30 17:00:00,22.986,3.8879,399.94,104.88,8.34,193.0
2024-03-30 18:00:00,21.947,3.8326,397.44,101.25,7.12,183.3
2024-03-30 19:00:00,21.891,3.8726,398.05,101.68,7.92,177.8
2024-03-30 20:00:00,22.895,3.8345,398.17,104.95,7.23,195.6
2024-03-30 21:00:00,23.989,3.9484,396.18,105.79,9.31,193.4
2024-03-30 22:00:00,23.988,3.979,395.32,104.88,8.4,187.7
2024-03-30 23:00:00,22.68,3.9314,407.77,103.8,8.9,182.9
2024-03-31 00:00:00,27.425,3.9425,396.49,102.31,8.85,196.9
2024-03-31 01:00:00,27.58,3.9872,399.88,105.94,8.22,184.9
2024-03-31 02:00:00,26.699,3.9376,398.32,103.62,9.46,188.3
2024-03-31 03:00:00,27.499,3.9514,399.75,104.0,7.55,180.4
2024-03-31 04:00:00,27.557,3.9539,398.73,106.23,8.2,177.6
2024-03-31 05:00:00,26.287,3.9388,394.31,104.96,8.48,202.6
2024-03-31 06:00:00,25.787,3.9561,403.52,102.78,8.48,192.0
2024-03-31 07:00:00,25.859,3.9284,399.91,101.99,8.32,189.7
2024-03-31 08:00:00,27.408,3.9237,398.77,102.5,8.94,203.5
2024-03-31 09:00:00,26.277,3.9393,401.11,104.12,8.62,189.7
2024-03-31 10:00:00,28.94,3.8741,401.14,101.48,8.33,182.1
2024-03-31 11:00:00,24.775,3.8898,401.75,103.07,8.11,186.4
2024-03-31 12:00:00,26.978,3.7945,401.33,102.34,8.0,189.7
2024-03-31 13:00:00,26.685,3.9366,397.23,103.41,9.81,203.9
2024-03-31 14:00:00,27.352,3.9209,403.24,103.38,7.1,188.5
2024-03-31 15:00:00,26.247,3.9229,396.39,103.97,7.98,200.9
2024-03-31 16:00:00,27.239,3.8944,397.66,106.79,8.07,193.6
2024-03-31 17:00:00,26.89,3.9102,398.58,105.96,9.21,189.7
2024-03-31 18:00:00,27.77,3.9013,397.98,104.5,9.36,197.3
2024-03-31 19:00:00,26.001,3.9579,402.36,104.53,8.78,183.9
2024-03-31 20:00:00,27.163,3.9353,398.83,102.89,8.53,212.1
2024-03-31 21:00:00,25.504,3.8881,395.16,103.69,6.96,189.4
2024-03-31 22:00:00,26.023,3.8744,396.82,106.04,7.93,191.4
2024-03-31 23:00:00,26.594,3.9029,398.24,104.09,6.97,200.6
2024-04-01 00:00:00,26.933,3.8809,401.62,104.5,8.85,181.4
2024-04-01 01:00:00,26.577,3.8465,393.6,103.26,6.87,191.9
2024-04-01 02:00:00,25.265,3.9172,401.9,101.97,8.55,187.0
2024-04-01 03:00:00,27.315,3.8782,391.31,102.22,9.14,193.6
2024-04-01 04:00:00,26.652,3.8924,399.95,104.62,8.18,186.3
2024-04-01 05:00:00,27.892,3.9338,397.9,103.72,7.24,190.3
2024-04-01 06:00:00,25.806,3.917,407.84,104.75,7.8,179.3
2024-04-01 07:00:00,25.535,3.8036,397.0,102.66,8.48,178.0
2024-04-01 08:00:00,26.494,3.8626,401.92,103.66,8.2,195.8
2024-04-01 09:00:00,28.148,3.9048,398.78,104.2,8.72,188.4
2024-04-01 10:00:00,28.347,3.9434,398.59,104.38,7.59,192.7
2024-04-01 11:00:00,27.654,3.8908,402.63,100.1,7.9,189.5
2024-04-01 12:00:00,25.471,3.8823,396.61,103.05,7.73,206.0
2024-04-01 13:00:00,26.36,3.8375,402.64,105.48,8.67,173.3
2024-04-01 14:00:00,27.178,3.9041,403.32,103.15,8.35,158.6
2024-04-01 15:00:00,26.284,3.8879,397.27,104.85,7.32,187.0
2024-04-01 16:00:00,27.461,3.8929,392.38,103.51,7.92,189.5
2024-04-01 17:00:00,29.196,3.891,402.61,104.18,7.88,210.3
2024-04-01 18:00:00,26.634,3.9433,397.97,104.26,7.78,198.3
2024-04-01 19:00:00,27.066,3.9694,400.31,103.36,8.01,203.2
2024-04-01 20:00:00,27.718,3.8409,403.43,100.24,8.39,196.2
2024-04-01 21:00:00,27.147,3.9143,399.87,103.23,6.92,182.5
2024-04-01 22:00:00,26.707,3.886,394.37,106.06,8.95,210.0
2024-04-01 23:00:00,27.243,3.9629,398.61,104.63,8.11,179.3
2024-04-02 00:00:00,2.414,3.8974,396.98,104.66,8.18,182.3
2024-04-02 01:00:00,2.678,3.9528,402.35,103.6,8.47,193.7
2024-04-02 02:00:00,3.091,3.9077,399.29,104.71,7.41,177.4
2024-04-02 03:00:00,3.49,3.8414,400.76,101.73,8.54,189.9
2024-04-02 04:00:00,4.336,3.9527,398.06,105.31,9.0,197.4
2024-04-02 05:00:00,4.605,3.886,400.41,106.92,7.31,198.3
2024-04-02 06:00:00,4.859,3.8344,402.29,106.91,9.04,213.6
2024-04-02 07:00:00,5.64,3.9811,400.4,103.9,8.11,191.7
2024-04-02 08:00:00,5.681,3.8969,400.58,103.88,7.08,177.0
2024-04-02 09:00:00,6.064,4.0052,403.91,104.11,8.09,200.3
2024-04-02 10:00:00,5.908,3.9877,393.79,104.61,7.11,209.1
2024-04-02 11:00:00,7.125,3.965,394.46,103.63,9.02,175.6
2024-04-02 12:00:00,7.918,3.9177,399.94,107.31,7.41,192.9
2024-04-02 13:00:00,7.656,3.8558,406.05,101.04,8.1,198.8
2024-04-02 14:00:00,7.49,3.9028,399.4,103.47,7.29,214.0
2024-04-02 15:00:00,8.642,3.9232,391.12,102.37,7.04,183.3
2024-04-02 16:00:00,8.812,3.9768,398.87,104.31,8.48,227.1
2024-04-02 17:00:00,9.137,3.8862,406.71,105.14,7.55,193.7
2024-04-02 18:00:00,9.522,3.9442,396.05,103.09,6.47,202.5
2024-04-02 19:00:00,10.52,3.985,398.24,102.72,8.15,188.0
2024-04-02 20:00:00,10.458,3.9686,392.78,104.31,7.81,180.0
2024-04-02 21:00:00,9.587,3.9073,400.43,102.86,5.84,182.8
2024-04-02 22:00:00,9.12,3.9658,405.29,103.56,7.45,191.8
2024-04-02 23:00:00,10.491,3.8949,396.41,105.22,6.37,172.8
2024-04-03 00:00:00,3.109,3.8836,399.08,105.11,9.63,201.0
2024-04-03 01:00:00,3.774,3.9576,401.71,106.79,8.06,200.0
2024-04-03 02:00:00,4.465,3.9203,402.61,103.85,8.25,173.7
2024-04-03 03:00:00,4.683,3.8981,399.19,101.5,6.87,182.0
2024-04-03 04:00:00,5.231,3.8441,397.6,105.22,8.8,191.4
2024-04-03 05:00:00,5.263,3.8445,398.44,102.6,8.18,198.4
2024-04-03 06:00:00,6.299,3.9505,400.61,103.5,7.44,199.9
2024-04-03 07:00:00,6.803,3.9311,400.83,102.78,10.62,200.2
2024-04-03 08:00:00,7.53,3.8729,394.72,104.92,9.17,193.8
2024-04-03 09:00:00,8.053,3.9096,396.09,105.66,8.04,198.4
2024-04-03 10:00:00,9.095,3.9807,399.44,105.19,7.41,180.7
2024-04-03 11:00:00,8.221,3.9032,404.0,105.25,7.09,199.9
2024-04-03 12:00:00,9.573,3.9144,407.0,104.99,8.53,199.6
2024-04-03 13:00:00,10.17,3.8724,394.62,103.58,7.93,170.0
2024-04-03 14:00:00,9.949,3.9221,398.33,102.73,7.87,183.7
2024-04-03 15:00:00,10.869,3.9349,401.38,104.5,8.63,198.9
2024-04-03 16:00:00,11.209,3.9316,402.54,104.98,9.39,196.8
2024-04-03 17:00:00,11.898,3.9473,402.96,103.63,6.77,187.1
2024-04-03 18:00:00,12.93,3.8657,398.98,104.65,7.09,204.5
2024-04-03 19:00:00,12.418,3.9524,402.91,103.58,7.89,205.6
2024-04-03 20:00:00,13.052,3.8682,399.22,104.07,7.47,205.8
2024-04-03 21:00:00,13.1,3.9803,402.7,104.77,8.94,220.6
2024-04-03 22:00:00,12.885,3.893,398.12,102.66,7.68,190.2
2024-04-03 23:00:00,11.775,3.8276,398.11,103.11,8.34,197.6
2024-04-04 00:00:00,26.475,3.8326,399.66,104.87,7.08,191.5
2024-04-04 01:00:00,24.914,3.8865,408.19,104.58,6.78,184.8
2024-04-04 02:00:00,25.964,3.9259,397.93,104.59,8.58,191.0
2024-04-04 03:00:00,24.461,3.8234,398.72,104.68,7.73,203.9
2024-04-04 04:00:00,27.333,3.8657,398.97,102.57,8.1,186.9
2024-04-04 05:00:00,26.235,3.9161,398.62,105.51,7.99,182.1
2024-04-04 06:00:00,24.224,3.8617,402.98,103.57,8.84,178.7
2024-04-04 07:00:00,25.267,3.8194,399.56,101.02,7.42,198.7
2024-04-04 08:00:00,26.909,3.986,397.08,104.8,7.81,187.9
2024-04-04 09:00:00,26.385,3.8607,392.7,105.91,9.11,175.9
2024-04-04 10:00:00,25.805,3.9299,403.82,104.34,7.84,194.4
2024-04-04 11:00:00,26.308,3.9122,402.21,105.66,8.66,211.2
2024-04-04 12:00:00,26.468,3.8021,400.55,104.86,8.15,188.3
2024-04-04 13:00:00,25.441,3.8678,400.64,103.69,7.87,183.8
2024-04-04 14:00:00,25.641,3.9035,401.38,103.4,6.87,192.4
2024-04-04 15:00:00,25.565,3.9086,396.22,101.74,6.56,180.7
2024-04-04 16:00:00,25.395,3.7876,396.45,103.65,7.33,179.4
2024-04-04 17:00:00,26.989,3.9319,398.63,104.17,8.46,182.1
2024-04-04 18:00:00,24.193,3.9619,399.4,103.32,9.54,195.7
2024-04-04 19:00:00,25.375,3.9203,399.45,101.96,10.25,178.5
2024-04-04 20:00:00,25.331,3.8987,406.04,106.54,8.17,193.9
2024-04-04 21:00:00,27.884,4.0,398.58,104.17,7.63,185.0
2024-04-04 22:00:00,25.961,3.9827,397.68,100.36,6.57,170.5
2024-04-04 23:00:00,25.333,3.9008,393.73,100.15,8.21,191.3
2024-04-05 00:00:00,28.653,3.8856,398.92,105.0,8.78,163.9
2024-04-05 01:00:00,28.524,3.941,401.37,102.92,7.76,185.8
2024-04-05 02:00:00,28.763,3.8555,396.15,101.73,7.69,183.4
2024-04-05 03:00:00,30.059,3.8599,393.19,104.33,7.13,190.2
2024-04-05 04:00:00,29.322,3.8353,395.54,104.97,6.83,192.4
2024-04-05 05:00:00,30.119,3.8574,397.44,103.4,7.67,188.5
2024-04-05 06:00:00,28.296,3.8722,398.24,104.45,8.12,175.0
2024-04-05 07:00:00,29.6,3.8332,396.1,104.03,5.66,183.7
2024-04-05 08:00:00,29.463,3.9017,402.29,104.35,7.8,191.4
2024-04-05 09:00:00,29.24,3.8728,399.92,104.69,9.34,195.6
2024-04-05 10:00:00,29.945,3.8829,397.88,102.28,7.68,197.8
2024-04-05 11:00:00,30.303,3.8966,396.43,104.36,8.19,188.5
2024-04-05 12:00:00,30.328,3.9606,404.03,104.85,9.69,189.7
2024-04-05 13:00:00,29.451,3.8992,396.51,104.42,8.51,185.6
2024-04-05 14:00:00,29.07,3.7837,405.19,102.93,8.14,200.4
2024-04-05 15:00:00,29.311,3.9381,402.01,103.42,8.72,202.8
2024-04-05 16:00:00,29.699,3.9405,401.38,105.59,8.1,186.1
2024-04-05 17:00:00,28.652,3.8866,403.61,105.46,7.56,191.2
2024-04-05 18:00:00,28.569,3.8687,397.03,101.25,6.96,178.7
2024-04-05 19:00:00,28.708,3.9323,399.15,102.72,8.48,189.6
2024-04-05 20:00:00,28.063,3.9379,399.17,103.87,7.79,183.9
2024-04-05 21:00:00,29.712,3.8937,395.24,105.07,8.3,174.0
2024-04-05 22:00:00,29.517,3.8433,402.01,101.76,8.88,178.8
2024-04-05 23:00:00,30.003,3.9462,405.77,104.38,8.12,194.9
2024-04-06 00:00:00,31.161,3.9131,401.88,107.89,8.95,191.1
2024-04-06 01:00:00,31.258,3.926,401.14,104.54,6.85,192.0
2024-04-06 02:00:00,30.162,3.9635,404.17,101.78,7.62,185.0
2024-04-06 03:00:00,30.284,3.8854,402.47,100.95,8.42,194.2
2024-04-06 04:00:00,30.378,3.9592,396.22,102.31,7.75,196.1
2024-04-06 05:00:00,30.695,3.8618,399.9,103.75,6.81,203.1
2024-04-06 06:00:00,30.846,3.9454,396.22,103.77,7.64,196.1
2024-04-06 07:00:00,28.514,3.9291,399.99,105.69,7.56,192.6
2024-04-06 08:00:00,29.583,3.8069,398.25,104.95,8.74,185.6
2024-04-06 09:00:00,29.661,3.8876,400.23,103.79,7.61,193.0
2024-04-06 10:00:00,32.18,3.9126,403.3,101.16,8.27,182.2
2024-04-06 11:00:00,31.543,3.9387,403.54,103.88,8.33,171.8
2024-04-06 12:00:00,30.023,3.8375,402.15,103.59,6.23,163.3
2024-04-06 13:00:00,28.962,3.9212,401.16,101.48,7.33,202.1
2024-04-06 14:00:00,30.153,3.922,401.46,105.54,8.74,216.5
2024-04-06 15:00:00,29.286,3.8852,400.3,103.09,8.27,184.3
2024-04-06 16:00:00,31.905,3.9207,399.61,104.89,6.87,195.1
2024-04-06 17:00:00,30.689,3.8942,393.55,104.17,7.75,188.6
2024-04-06 18:00:00,30.864,3.8916,408.22,104.99,8.61,195.6
2024-04-06 19:00:00,31.91,3.8847,396.88,104.64,8.3,177.1
2024-04-06 20:00:00,31.528,4.0169,401.5,105.33,7.25,176.8
2024-04-06 21:00:00,29.716,3.9432,396.67,103.26,8.85,187.2
2024-04-06 22:00:00,30.345,3.8474,403.36,105.11,7.74,179.1
2024-04-06 23:00:00,30.279,3.8923,400.15,105.25,8.34,187.4
2024-04-07 00:00:00,26.741,3.9506,404.89,102.71,8.84,207.0
2024-04-07 01:00:00,26.637,3.8476,398.87,105.7,6.98,194.6
2024-04-07 02:00:00,26.825,3.9539,396.64,106.75,8.34,193.3
2024-04-07 03:00:00,27.429,4.0056,395.69,105.62,9.18,179.4
2024-04-07 04:00:00,27.016,3.8815,398.93,104.25,10.0,186.1
2024-04-07 05:00:00,26.513,3.9987,400.0,102.4,8.98,197.2
2024-04-07 06:00:00,27.238,3.8926,400.8,104.53,7.94,208.9
2024-04-07 07:00:00,26.471,3.8814,398.07,104.28,7.46,209.0
2024-04-07 08:00:00,28.204,3.9619,398.51,104.71,7.76,203.1
2024-04-07 09:00:00,26.892,3.849,396.49,104.16,8.42,185.7
2024-04-07 10:00:00,26.564,4.009,399.43,105.52,7.4,179.3
2024-04-07 11:00:00,28.113,3.892,398.39,102.72,7.86,185.6
2024-04-07 12:00:00,28.341,3.9126,401.88,103.71,6.2,194.4
2024-04-07 13:00:00,28.007,3.8683,401.68,102.51,9.27,194.2
2024-04-07 14:00:00,29.542,3.9539,398.01,102.79,7.28,202.8
2024-04-07 15:00:00,26.287,3.9033,399.14,102.84,8.07,188.0
2024-04-07 16:00:00,28.418,3.924,405.51,105.49,7.62,188.7
2024-04-07 17:00:00,26.109,3.8865,394.56,102.84,8.1,192.4
2024-04-07 18:00:00,27.642,3.8855,399.06,104.69,8.8,192.7
2024-04-07 19:00:00,28.74,3.8741,403.72,104.69,8.71,208.4
2024-04-07 20:00:00,27.418,3.8862,400.22,103.33,6.5,175.8
2024-04-07 21:00:00,27.379,3.8486,402.04,103.96,8.07,210.5
2024-04-07 22:00:00,26.99,3.9563,402.23,105.18,7.17,183.0
2024-04-07 23:00:00,26.894,3.8463,396.62,104.08,8.49,196.4
2024-04-08 00:00:00,31.071,3.8705,399.78,102.24,8.45,193.0
2024-04-08 01:00:00,29.732,3.9532,397.54,101.39,9.88,179.6
2024-04-08 02:00:00,28.919,3.8352,398.15,101.48,8.03,187.3
2024-04-08 03:00:00,28.504,3.8572,402.42,103.86,9.06,204.4
2024-04-08 04:00:00,30.097,3.9724,397.33,102.5,8.0,191.5
2024-04-08 05:00:00,27.718,3.8545,398.81,103.37,9.63,203.9
2024-04-08 06:00:00,28.782,3.8725,399.63,103.98,6.34,181.7
2024-04-08 07:00:00,28.761,3.7963,404.37,104.47,8.16,209.3
2024-04-08 08:00:00,31.432,3.8519,402.97,103.78,7.85,174.8
2024-04-08 09:00:00,28.099,3.9922,398.29,103.36,8.51,194.3
2024-04-08 10:00:00,29.862,3.9048,403.33,104.06,8.74,183.8
2024-04-08 11:00:00,30.651,3.9207,398.26,103.27,8.11,205.4
2024-04-08 12:00:00,28.365,3.9262,397.66,104.14,8.78,168.5
2024-04-08 13:00:00,28.099,3.9275,397.32,103.75,8.18,220.0
2024-04-08 14:00:00,29.031,3.8777,397.89,105.51,7.54,186.3
2024-04-08 15:00:00,29.306,3.8877,400.52,105.3,8.89,179.5
2024-04-08 16:00:00,29.421,3.8959,398.19,101.5,6.97,211.7
2024-04-08 17:00:00,29.904,3.8901,399.01,100.75,7.99,189.1
2024-04-08 18:00:00,29.142,3.8483,401.79,101.61,6.99,194.2
2024-04-08 19:00:00,28.891,3.9679,401.02,103.66,9.49,199.3
2024-04-08 20:00:00,30.635,3.8937,397.19,102.35,7.68,198.9
2024-04-08 21:00:00,30.319,3.8684,403.56,103.66,9.01,184.1
2024-04-08 22:00:00,29.379,3.8357,407.65,102.8,8.19,185.0
2024-04-08 23:00:00,29.47,3.8954,402.02,103.16,8.8,201.9
2024-04-09 00:00:00,26.817,3.9438,401.1,101.42,8.67,187.2
2024-04-09 01:00:00,27.907,3.892,400.65,105.21,8.61,185.1
2024-04-09 02:00:00,26.166,3.8903,400.86,103.96,7.33,193.8
2024-04-09 03:00:00,29.1,3.792,397.1,103.91,8.69,198.6
2024-04-09 04:00:00,28.19,3.9698,404.74,104.15,7.79,171.8
2024-04-09 05:00:00,28.076,3.9622,399.96,105.46,7.75,192.4
2024-04-09 06:00:00,26.739,4.0025,405.03,101.81,8.25,190.8
2024-04-09 07:00:00,27.55,3.9515,399.41,105.02,7.78,214.0
2024-04-09 08:00:00,27.035,3.8476,401.34,102.37,7.49,187.3
2024-04-09 09:00:00,27.397,3.9108,400.49,103.95,8.76,189.8
2024-04-09 10:00:00,28.075,3.9226,401.62,102.04,7.59,197.8
2024-04-09 11:00:00,27.409,3.8472,402.53,105.01,8.27,186.2
2024-04-09 12:00:00,28.064,3.8943,398.97,104.8,7.56,197.3
2024-04-09 13:00:00,27.29,3.9284,396.01,103.34,7.36,176.6
2024-04-09 14:00:00,28.51,3.8794,401.55,102.34,7.62,208.6
2024-04-09 15:00:00,28.935,3.9119,401.72,101.67,8.61,198.0
2024-04-09 16:00:00,28.147,3.9151,398.41,102.47,7.32,181.5
2024-04-09 17:00:00,28.093,3.9706,395.58,103.17,7.63,184.0
2024-04-09 18:00:00,27.945,3.9469,400.97,103.01,8.12,179.7
2024-04-09 19:00:00,26.453,3.905,401.39,103.17,8.15,195.7
2024-04-09 20:00:00,28.325,3.8872,398.29,103.89,8.32,181.9
2024-04-09 21:00:00,27.309,3.905,396.2,104.51,7.09,194.9
2024-04-09 22:00:00,26.35,3.8408,403.5,102.65,7.15,196.7
2024-04-09 23:00:00,26.439,3.906,402.69,103.12,7.77,190.6
2024-04-10 00:00:00,3.546,3.8715,397.12,103.8,8.1,199.8
2024-04-10 01:00:00,3.777,3.8965,396.53,104.82,7.44,197.4
2024-04-10 02:00:00,4.635,3.892,395.08,104.45,8.67,175.8
2024-04-10 03:00:00,4.952,3.8571,394.65,101.91,8.41,166.6
2024-04-10 04:00:00,5.673,3.8363,399.48,104.43,7.58,175.6
2024-04-10 05:00:00,5.464,3.9554,396.61,102.62,7.13,206.3
2024-04-10 06:00:00,6.967,3.8519,396.62,103.87,7.74,196.4
2024-04-10 07:00:00,7.023,3.9219,399.56,101.8,8.05,200.8
2024-04-10 08:00:00,7.877,3.8711,406.66,102.89,6.95,190.5
2024-04-10 09:00:00,8.163,3.9118,397.84,106.21,7.91,194.9
2024-04-10 10:00:00,8.541,3.8921,397.94,103.25,8.72,199.9
2024-04-10 11:00:00,8.827,3.8591,403.17,102.71,8.13,187.9
2024-04-10 12:00:00,10.217,3.8529,401.28,104.44,7.72,189.1
2024-04-10 13:00:00,11.139,3.9277,403.7,107.8,7.59,184.3
2024-04-10 14:00:00,10.741,3.9099,400.57,101.35,8.83,190.2
2024-04-10 15:00:00,11.285,3.9034,393.89,103.07,8.0,195.9
2024-04-10 16:00:00,12.402,3.858,397.61,104.37,9.14,187.5
2024-04-10 17:00:00,12.219,3.8428,399.9,100.68,7.13,183.0
2024-04-10 18:00:00,13.947,3.8969,402.15,105.48,7.11,193.9
2024-04-10 19:00:00,12.775,4.0153,402.68,103.77,8.13,199.7
2024-04-10 20:00:00,12.958,3.8633,397.19,104.34,8.44,188.1
2024-04-10 21:00:00,14.074,3.8356,403.27,105.57,9.07,173.0
2024-04-10 22:00:00,13.131,3.964,399.74,101.33,8.04,187.8
2024-04-10 23:00:00,12.758,3.8982,396.97,106.0,6.72,196.8
2024-04-11 00:00:00,27.855,3.8376,401.23,100.88,9.02,194.0
2024-04-11 01:00:00,28.003,3.8806,402.89,105.87,8.33,196.0
2024-04-11 02:00:00,27.699,3.8165,404.99,103.61,7.54,197.5
2024-04-11 03:00:00,27.653,3.8789,397.82,101.74,8.66,199.3
2024-04-11 04:00:00,26.285,3.9023,398.83,104.51,8.06,184.5
2024-04-11 05:00:00,26.687,3.8456,400.16,103.37,8.25,181.1
2024-04-11 06:00:00,26.251,3.8619,398.09,107.71,7.99,185.2
2024-04-11 07:00:00,25.239,3.9383,396.62,104.96,8.62,181.9
2024-04-11 08:00:00,27.211,3.9845,396.55,101.53,7.83,183.4
2024-04-11 09:00:00,26.974,3.8765,398.86,104.99,6.66,191.1
2024-04-11 10:00:00,26.377,3.8764,397.81,101.56,8.38,188.0
2024-04-11 11:00:00,27.728,3.8823,396.01,102.7,7.81,179.6
2024-04-11 12:00:00,25.724,4.0315,401.39,104.09,6.97,168.8
2024-04-11 13:00:00,26.802,3.839,397.29,106.05,6.52,205.3
2024-04-11 14:00:00,28.298,3.891,399.74,104.88,8.5,185.6
2024-04-11 15:00:00,25.963,3.9117,399.75,101.33,7.59,196.1
2024-04-11 16:00:00,27.317,3.8921,400.34,103.8,8.22,196.3
2024-04-11 17:00:00,25.422,3.9496,397.58,103.51,8.84,185.1
2024-04-11 18:00:00,24.553,3.9435,395.81,104.09,7.71,193.1
2024-04-11 19:00:00,26.052,3.9387,401.76,103.27,8.29,191.0
2024-04-11 20:00:00,27.868,3.9395,402.79,103.05,6.95,193.4
2024-04-11 21:00:00,26.76,3.842,402.32,104.47,7.95,191.8
2024-04-11 22:00:00,27.413,3.9393,397.56,102.69,7.89,167.5
2024-04-11 23:00:00,27.823,3.8359,398.84,104.02,8.47,189.2
2024-04-12 00:00:00,25.655,3.8981,408.33,106.0,7.23,191.7
2024-04-12 01:00:00,26.096,3.8942,399.1,107.45,7.6,187.6
2024-04-12 02:00:00,26.76,3.9517,398.77,106.33,8.41,182.5
2024-04-12 03:00:00,25.099,3.9136,402.6,101.87,8.34,193.1
2024-04-12 04:00:00,26.15,3.9223,398.19,100.67,9.54,193.7
2024-04-12 05:00:00,26.162,3.893,398.47,105.12,7.57,191.7
2024-04-12 06:00:00,27.774,3.8721,398.15,104.72,7.26,188.9
2024-04-12 07:00:00,24.655,4.0077,400.02,104.56,7.95,202.0
2024-04-12 08:00:00,27.916,3.8741,399.63,104.64,6.62,180.3
2024-04-12 09:00:00,26.515,3.8925,403.37,103.8,7.55,187.7
2024-04-12 10:00:00,27.388,3.8273,398.2,104.97,7.06,159.2
2024-04-12 11:00:00,25.668,3.9424,403.17,106.51,9.52,182.4
2024-04-12 12:00:00,25.441,3.9987,401.18,105.51,7.35,195.1
2024-04-12 13:00:00,26.884,3.9208,401.28,106.62,9.38,198.2
2024-04-12 14:00:00,25.708,3.8207,398.15,106.67,7.25,202.6
2024-04-12 15:00:00,28.05,3.8461,401.05,107.62,8.05,185.6
2024-04-12 16:00:00,25.602,3.9315,396.76,103.53,7.05,195.9
2024-04-12 17:00:00,25.464,3.8925,406.76,106.59,8.32,177.4
2024-04-12 18:00:00,26.896,3.9219,402.83,103.74,10.42,186.4
2024-04-12 19:00:00,27.178,3.9194,400.79,106.48,6.49,201.3
2024-04-12 20:00:00,26.242,3.8346,408.86,103.88,7.54,179.7
2024-04-12 21:00:00,27.29,3.8835,400.67,105.13,7.63,216.3
2024-04-12 22:00:00,27.031,3.8994,397.83,102.64,7.4,208.2
2024-04-12 23:00:00,26.494,3.8875,399.36,107.24,7.34,185.0
2024-04-13 00:00:00,24.171,3.8469,396.14,105.25,9.01,196.3
2024-04-13 01:00:00,25.395,3.8774,399.03,105.45,10.06,202.5
2024-04-13 02:00:00,24.324,3.9464,393.18,104.92,8.92,184.4
2024-04-13 03:00:00,24.171,3.9802,396.69,103.14,7.48,194.0
2024-04-13 04:00:00,24.654,3.934,401.25,105.04,5.9,182.8
2024-04-13 05:00:00,24.131,3.9355,404.43,103.43,7.19,175.0
2024-04-13 06:00:00,23.577,3.877,402.02,102.3,7.45,187.5
2024-04-13 07:00:00,24.351,3.8621,399.27,102.29,7.63,199.9
2024-04-13 08:00:00,26.145,3.9197,401.78,106.25,8.69,198.0
2024-04-13 09:00:00,24.03,3.901,394.68,103.64,7.35,202.1
2024-04-13 10:00:00,24.502,3.9008,399.12,104.8,8.76,185.7
2024-04-13 11:00:00,25.67,4.0231,398.54,102.63,8.52,198.2
2024-04-13 12:00:00,24.69,3.8251,397.25,103.92,8.62,204.9
2024-04-13 13:00:00,24.981,3.9214,399.93,105.58,7.48,182.3
2024-04-13 14:00:00,25.381,3.7947,402.58,105.3,7.17,180.4
2024-04-13 15:00:00,24.376,3.9313,404.19,103.21,9.35,193.8
2024-04-13 16:00:00,24.745,3.8658,403.82,104.87,7.6,187.6
2024-04-13 17:00:00,25.182,3.8419,403.04,103.86,7.67,202.2
2024-04-13 18:00:00,24.269,3.8698,405.15,106.18,6.58,194.7
2024-04-13 19:00:00,25.639,3.8305,400.15,104.22,8.38,175.3
2024-04-13 20:00:00,24.493,3.8671,403.98,103.49,8.27,192.6
2024-04-13 21:00:00,24.882,3.8689,403.18,102.3,8.38,193.4
2024-04-13 22:00:00,25.287,3.8313,400.15,103.69,8.86,203.3
2024-04-13 23:00:00,24.839,3.9472,404.96,101.82,7.39,196.5
2024-04-14 00:00:00,27.688,3.9237,401.36,105.46,7.88,182.5
2024-04-14 01:00:00,28.231,3.914,399.09,105.17,9.69,191.7
2024-04-14 02:00:00,26.732,3.9207,397.53,102.83,8.26,190.9
2024-04-14 03:00:00,27.492,3.9102,403.51,104.71,7.5,205.3
2024-04-14 04:00:00,26.409,3.9509,405.22,104.76,7.76,163.7
2024-04-14 05:00:00,27.054,3.9255,400.61,103.29,9.15,199.5
2024-04-14 06:00:00,27.336,3.9757,397.72,105.96,7.93,201.8
2024-04-14 07:00:00,26.905,3.8943,402.99,105.23,7.8,186.5
2024-04-14 08:00:00,26.113,3.8553,403.49,105.38,8.49,185.4
2024-04-14 09:00:00,26.703,3.9759,403.76,105.38,6.47,195.9
2024-04-14 10:00:00,26.538,3.9454,398.15,102.65,8.32,180.9
2024-04-14 11:00:00,27.661,3.9105,399.64,103.8,8.67,194.7
2024-04-14 12:00:00,27.621,3.8835,403.47,104.26,8.1,199.6
2024-04-14 13:00:00,27.299,3.9155,399.62,104.21,8.09,203.2
2024-04-14 14:00:00,27.759,3.878,399.49,104.46,6.77,182.3
2024-04-14 15:00:00,27.05,3.9559,393.98,104.01,8.12,182.9
2024-04-14 16:00:00,26.043,3.8903,397.54,104.1,9.11,198.6
2024-04-14 17:00:00,26.352,3.909,403.06,102.15,7.88,180.6
2024-04-14 18:00:00,27.592,3.9258,398.92,104.78,7.81,190.2
2024-04-14 19:00:00,27.027,3.8929,399.09,105.71,7.55,191.4
2024-04-14 20:00:00,27.25,3.9355,399.43,104.87,8.26,191.3
2024-04-14 21:00:00,28.25,3.9242,401.2,104.87,7.79,195.9
2024-04-14 22:00:00,26.612,3.8374,400.77,102.27,8.61,187.1
2024-04-14 23:00:00,28.976,3.9047,399.21,104.07,6.55,205.4
2024-04-15 00:00:00,24.94,3.876,396.37,104.34,7.38,175.9
2024-04-15 01:00:00,26.745,3.8975,402.72,102.55,8.88,189.4
2024-04-15 02:00:00,28.261,3.9099,400.02,106.16,7.49,187.2
2024-04-15 03:00:00,27.968,3.8813,400.18,101.91,9.02,199.3
2024-04-15 04:00:00,26.993,4.0055,403.94,101.18,8.33,201.1
2024-04-15 05:00:00,27.376,3.9782,404.69,100.98,7.33,199.0
2024-04-15 06:00:00,28.425,3.8912,395.88,102.63,9.43,190.6
2024-04-15 07:00:00,27.114,3.8279,395.48,105.5,7.36,204.4
2024-04-15 08:00:00,27.521,3.9051,402.63,103.51,8.33,210.2
2024-04-15 09:00:00,27.978,3.8299,399.83,99.75,7.55,203.0
2024-04-15 10:00:00,28.581,3.9032,398.22,106.26,7.84,187.3
2024-04-15 11:00:00,27.283,3.9238,397.37,103.96,7.9,204.7
2024-04-15 12:00:00,27.664,3.8721,398.41,104.45,7.86,199.4
2024-04-15 13:00:00,25.498,3.8633,404.33,102.1,8.24,167.1
2024-04-15 14:00:00,26.917,3.9363,404.61,105.51,6.4,183.4
2024-04-15 15:00:00,26.643,3.8415,398.41,104.38,7.03,182.3
2024-04-15 16:00:00,26.046,3.8154,402.37,103.56,8.83,189.7
2024-04-15 17:00:00,26.942,4.0084,401.27,100.96,7.13,183.4
2024-04-15 18:00:00,27.874,3.9089,401.33,102.66,7.91,204.3
2024-04-15 19:00:00,27.715,3.8261,401.12,106.04,9.66,169.7
2024-04-15 20:00:00,26.961,3.9123,398.17,103.23,6.74,186.1
2024-04-15 21:00:00,27.629,3.8918,404.05,103.39,8.71,192.2
2024-04-15 22:00:00,26.688,3.9285,401.08,103.5,6.34,211.9
2024-04-15 23:00:00,28.191,3.9221,403.69,101.32,8.43,197.7
2024-04-16 00:00:00,30.932,3.9385,395.94,104.73,8.35,205.4
2024-04-16 01:00:00,30.273,3.9232,401.66,105.51,8.16,193.0
2024-04-16 02:00:00,30.573,3.9141,401.75,102.16,7.87,189.3
2024-04-16 03:00:00,30.637,3.9032,395.21,104.99,7.5,181.5
2024-04-16 04:00:00,30.684,3.9425,401.01,104.8,8.35,196.2
2024-04-16 05:00:00,30.399,3.8471,400.26,103.02,8.31,190.7
2024-04-16 06:00:00,30.02,3.8126,405.51,99.06,7.19,196.9
2024-04-16 07:00:00,30.173,3.9021,400.31,104.83,6.74,180.3
2024-04-16 08:00:00,30.981,3.9721,401.16,106.84,6.76,192.3
2024-04-16 09:00:00,30.806,3.9623,395.22,103.24,6.74,177.9
2024-04-16 10:00:00,29.777,3.7752,399.6,104.01,9.12,175.7
2024-04-16 11:00:00,31.945,3.8831,401.39,104.0,8.01,179.3
2024-04-16 12:00:00,30.69,3.9349,403.76,101.53,7.26,192.8
2024-04-16 13:00:00,30.801,3.9178,396.88,108.54,9.04,195.5
2024-04-16 14:00:00,29.782,3.8151,398.48,102.7,7.33,195.8
2024-04-16 15:00:00,30.097,3.9148,399.72,104.02,8.39,190.4
2024-04-16 16:00:00,30.196,3.8482,397.93,101.6,7.86,176.5
2024-04-16 17:00:00,30.096,3.9087,400.61,104.87,7.87,197.5
2024-04-16 18:00:00,29.352,3.8233,397.71,104.4,8.27,201.8
2024-04-16 19:00:00,31.301,3.8353,400.63,105.03,7.62,186.0
2024-04-16 20:00:00,30.625,3.9557,405.13,105.5,6.83,203.8
2024-04-16 21:00:00,33.294,3.8722,399.09,103.38,7.69,195.6
2024-04-16 22:00:00,30.008,3.8352,398.41,103.46,7.94,209.9
2024-04-16 23:00:00,31.689,3.9035,401.96,103.15,7.09,177.8
2024-04-17 00:00:00,27.458,3.7605,396.04,106.9,6.81,187.9
2024-04-17 01:00:00,27.467,3.8392,400.15,104.26,8.31,188.4
2024-04-17 02:00:00,27.272,3.859,398.12,106.46,5.87,193.8
2024-04-17 03:00:00,26.967,3.9874,401.85,103.92,9.54,196.4
2024-04-17 04:00:00,27.016,3.9545,403.52,104.45,8.34,175.7
2024-04-17 05:00:00,25.969,3.8052,401.98,104.23,8.24,193.9
2024-04-17 06:00:00,28.871,3.8463,399.0,102.94,8.02,179.7
2024-04-17 07:00:00,27.009,3.9577,400.25,104.43,7.75,200.3
2024-04-17 08:00:00,27.763,3.874,397.22,105.33,7.54,166.0
2024-04-17 09:00:00,27.101,3.902,395.89,105.49,8.21,187.2
2024-04-17 10:00:00,29.724,3.9001,396.84,104.13,8.75,200.2
2024-04-17 11:00:00,27.823,3.8387,403.88,104.82,7.82,200.6
2024-04-17 12:00:00,29.503,3.894,404.75,105.77,7.87,190.1
2024-04-17 13:00:00,27.888,3.8526,398.79,103.38,7.87,177.6
2024-04-17 14:00:00,27.368,3.8655,403.14,103.85,6.76,193.5
2024-04-17 15:00:00,26.929,3.8704,401.11,104.74,7.35,204.4
2024-04-17 16:00:00,27.826,3.8509,402.5,105.51,7.15,181.1
2024-04-17 17:00:00,27.062,3.9492,400.32,105.44,5.74,180.8
2024-04-17 18:00:00,27.591,3.8415,399.72,101.96,8.16,189.5
2024-04-17 19:00:00,28.34,3.9551,398.32,104.45,7.05,202.6
2024-04-17 20:00:00,26.277,3.9249,397.0,104.85,9.22,197.5
2024-04-17 21:00:00,28.973,3.8195,393.66,103.96,7.72,182.0
2024-04-17 22:00:00,27.15,3.9251,400.15,106.16,7.58,189.1
2024-04-17 23:00:00,28.831,3.9531,401.83,103.79,7.43,193.6
2024-04-18 00:00:00,3.95,3.9434,400.54,104.67,8.84,190.1
2024-04-18 01:00:00,4.549,3.9086,401.38,106.16,7.31,185.8
2024-04-18 02:00:00,4.965,3.9182,398.05,104.4,7.53,183.5
2024-04-18 03:00:00,5.492,3.9809,399.97,107.26,8.6,195.5
2024-04-18 04:00:00,6.711,3.9207,399.75,103.32,7.29,207.1
2024-04-18 05:00:00,6.97,3.8685,403.16,105.76,9.33,209.8
2024-04-18 06:00:00,7.695,3.9434,400.96,104.7,8.65,180.7
2024-04-18 07:00:00,8.002,4.0041,398.08,105.07,6.68,193.2
2024-04-18 08:00:00,8.269,3.8839,397.54,102.3,9.14,187.1
2024-04-18 09:00:00,9.562,3.9674,403.83,106.0,8.1,199.2
2024-04-18 10:00:00,9.279,3.9273,406.55,103.89,8.6,167.0
2024-04-18 11:00:00,10.179,3.7884,395.64,102.47,8.22,173.5
2024-04-18 12:00:00,11.634,3.9497,403.27,104.56,6.67,172.5
2024-04-18 13:00:00,10.796,3.9192,401.85,100.57,8.55,183.7
2024-04-18 14:00:00,11.602,3.8875,401.94,106.47,9.19,184.0
2024-04-18 15:00:00,11.896,3.9177,401.01,105.82,8.77,187.5
2024-04-18 16:00:00,13.24,3.9023,393.63,104.63,7.17,184.1
2024-04-18 17:00:00,15.063,3.9169,397.33,105.04,6.89,188.0
2024-04-18 18:00:00,13.467,3.8523,397.91,102.93,8.15,172.5
2024-04-18 19:00:00,13.642,3.8562,398.64,105.83,8.21,166.2
2024-04-18 20:00:00,13.878,3.9135,406.87,102.96,9.05,199.2
2024-04-18 21:00:00,15.347,3.7539,398.76,102.98,8.59,172.9
2024-04-18 22:00:00,15.223,3.9089,403.98,103.84,7.09,202.2
2024-04-18 23:00:00,14.537,3.8328,399.36,102.7,7.8,179.3
2024-04-19 00:00:00,28.615,3.8968,398.28,103.44,7.03,202.4
2024-04-19 01:00:00,26.289,3.9474,399.68,103.74,9.81,192.4
2024-04-19 02:00:00,28.951,3.8272,395.95,105.0,9.39,184.4
2024-04-19 03:00:00,28.464,3.9233,403.55,105.69,7.52,182.8
2024-04-19 04:00:00,26.123,3.862,402.29,100.57,9.21,190.1
2024-04-19 05:00:00,26.707,3.9393,400.31,101.51,7.28,201.4
2024-04-19 06:00:00,27.497,3.9525,398.74,105.09,7.84,176.6
2024-04-19 07:00:00,27.736,3.9248,397.9,105.45,7.94,183.3
2024-04-19 08:00:00,28.154,3.9025,401.06,101.6,8.04,184.1
2024-04-19 09:00:00,27.497,3.8463,403.4,105.46,7.3,190.3
2024-04-19 10:00:00,27.847,3.925,398.12,104.53,10.12,188.2
2024-04-19 11:00:00,28.112,3.8558,397.99,103.59,7.2,178.2
2024-04-19 12:00:00,29.072,3.8592,399.75,102.62,7.69,166.4
2024-04-19 13:00:00,28.077,3.8608,402.86,104.88,7.59,175.9
2024-04-19 14:00:00,28.035,3.8781,397.53,103.63,8.36,178.7
2024-04-19 15:00:00,28.229,3.9103,400.69,104.41,6.67,185.5
2024-04-19 16:00:00,27.974,3.8709,398.1,106.66,8.0,200.1
2024-04-19 17:00:00,28.053,3.9403,402.18,102.68,7.31,187.2
2024-04-19 18:00:00,27.655,3.8136,399.19,102.8,8.41,191.3
2024-04-19 19:00:00,26.157,4.0019,393.07,106.94,7.84,222.9
2024-04-19 20:00:00,27.806,3.942,399.98,102.68,6.37,180.4
2024-04-19 21:00:00,27.178,3.906,402.34,104.71,8.07,198.5
2024-04-19 22:00:00,28.019,3.9847,406.93,104.08,8.15,199.9
2024-04-19 23:00:00,28.01,3.916,396.98,103.2,8.38,193.0
2024-04-20 00:00:00,24.883,3.8247,398.09,103.51,7.8,177.6
2024-04-20 01:00:00,23.693,3.8813,399.97,107.31,7.73,187.9
2024-04-20 02:00:00,26.598,3.9393,401.49,101.11,8.05,198.2
2024-04-20 03:00:00,26.071,3.8532,395.49,106.02,8.79,191.1
2024-04-20 04:00:00,25.939,3.854,404.19,104.48,9.64,191.7
2024-04-20 05:00:00,26.052,3.8938,400.22,105.82,9.03,189.6
2024-04-20 06:00:00,26.23,3.9446,402.11,103.72,7.23,184.6
2024-04-20 07:00:00,25.501,4.0329,393.13,104.09,8.94,170.7
2024-04-20 08:00:00,26.206,3.8501,395.54,104.06,8.15,189.6
2024-04-20 09:00:00,25.711,3.8122,403.53,104.31,7.68,194.1
2024-04-20 10:00:00,24.911,3.8386,397.33,103.53,6.94,185.0
2024-04-20 11:00:00,25.011,3.8719,404.45,103.35,7.66,198.9
2024-04-20 12:00:00,25.757,3.9693,398.23,104.33,7.05,191.1
2024-04-20 13:00:00,26.331,3.883,401.02,104.93,6.42,184.4
2024-04-20 14:00:00,26.442,3.9002,399.36,103.96,7.93,183.4
2024-04-20 15:00:00,25.469,3.9039,404.2,103.72,7.18,187.9
2024-04-20 16:00:00,26.357,3.9218,397.49,104.44,7.91,193.8
2024-04-20 17:00:00,26.45,3.9123,397.07,101.64,7.47,197.3
2024-04-20 18:00:00,25.9,3.8287,394.71,103.83,6.55,191.7
2024-04-20 19:00:00,25.631,3.818,399.38,102.63,7.53,192.9
2024-04-20 20:00:00,24.697,3.9529,403.99,103.11,8.86,161.3
2024-04-20 21:00:00,25.296,3.8015,398.03,107.24,6.34,201.0
2024-04-20 22:00:00,26.056,3.7946,401.88,102.26,7.43,201.5
2024-04-20 23:00:00,26.352,3.8258,400.56,103.68,7.92,204.1
2024-04-21 00:00:00,28.332,3.9746,398.9,105.05,7.21,185.0
2024-04-21 01:00:00,27.398,3.9098,397.09,102.59,7.71,180.2
2024-04-21 02:00:00,29.025,3.7927,397.07,104.56,9.38,196.8
2024-04-21 03:00:00,28.247,3.9143,400.61,103.59,7.82,177.1
2024-04-21 04:00:00,29.062,3.88,403.18,105.19,7.49,171.8
2024-04-21 05:00:00,28.062,3.9522,408.84,103.43,8.21,185.4
2024-04-21 06:00:00,29.085,3.7091,403.35,105.16,7.68,176.5
2024-04-21 07:00:00,28.166,3.9244,394.41,105.49,8.17,178.9
2024-04-21 08:00:00,29.847,3.9174,402.17,103.42,8.19,179.9
2024-04-21 09:00:00,26.49,3.9555,401.72,102.57,7.59,189.4
2024-04-21 10:00:00,29.609,3.9209,402.6,101.12,6.97,194.6
2024-04-21 11:00:00,29.211,3.9305,401.48,106.2,8.1,158.2
2024-04-21 12:00:00,27.961,3.8614,397.37,106.5,7.86,172.0
2024-04-21 13:00:00,27.268,3.9056,397.58,104.78,8.45,187.6
2024-04-21 14:00:00,28.156,3.8213,394.72,103.79,8.2,189.8
2024-04-21 15:00:00,27.03,3.844,398.74,103.46,8.52,178.5
2024-04-21 16:00:00,28.028,3.8068,396.9,103.8,8.23,190.9
2024-04-21 17:00:00,29.815,3.8317,403.16,105.05,6.25,185.8
2024-04-21 18:00:00,27.233,3.8369,402.47,104.82,8.36,186.9
2024-04-21 19:00:00,29.513,3.9125,396.64,101.76,7.79,211.4
2024-04-21 20:00:00,28.288,3.8679,397.87,103.31,8.03,194.5
2024-04-21 21:00:00,28.874,3.8902,405.91,103.34,6.7,197.8
2024-04-21 22:00:00,28.663,3.9356,399.69,104.93,7.39,187.3
2024-04-21 23:00:00,27.892,3.9995,401.44,103.95,8.81,190.1
2024-04-22 00:00:00,25.683,3.8993,394.04,101.57,7.49,213.7
2024-04-22 01:00:00,27.718,3.9557,395.31,104.55,7.54,175.2
2024-04-22 02:00:00,26.071,3.9221,395.77,106.39,8.26,194.1
2024-04-22 03:00:00,26.434,3.9383,400.68,105.76,8.49,201.3
2024-04-22 04:00:00,26.666,3.9828,400.8,104.36,9.19,178.3
2024-04-22 05:00:00,26.2,3.8863,401.48,102.5,8.74,185.1
2024-04-22 06:00:00,27.352,3.944,398.04,103.75,6.15,184.1
2024-04-22 07:00:00,27.066,3.8722,397.41,101.94,8.4,195.1
2024-04-22 08:00:00,26.37,3.8983,394.85,103.47,8.81,189.6
2024-04-22 09:00:00,25.595,3.8911,403.6,103.11,5.89,192.5
2024-04-22 10:00:00,25.861,3.9324,398.0,101.7,8.68,204.5
2024-04-22 11:00:00,27.519,3.9244,397.69,105.22,8.48,199.3
2024-04-22 12:00:00,27.293,3.9157,398.84,103.43,7.69,182.8
2024-04-22 13:00:00,26.069,3.949,403.44,103.78,8.31,191.9
2024-04-22 14:00:00,26.481,3.9488,399.42,107.08,10.08,177.7
2024-04-22 15:00:00,26.06,3.8262,401.51,103.67,8.4,165.5
2024-04-22 16:00:00,26.524,3.945,398.57,104.65,8.14,191.0
2024-04-22 17:00:00,28.042,3.9998,402.02,102.92,10.15,200.0
2024-04-22 18:00:00,27.062,3.8468,402.52,103.25,7.09,192.1
2024-04-22 19:00:00,26.521,3.9062,398.73,104.05,8.28,170.5
2024-04-22 20:00:00,26.913,3.8107,402.91,104.22,7.55,194.6
2024-04-22 21:00:00,26.991,3.8287,398.11,103.3,8.55,194.6
2024-04-22 22:00:00,27.229,3.8641,396.7,104.63,8.9,174.6
2024-04-22 23:00:00,26.081,3.9376,402.9,105.12,7.71,182.1
2024-04-23 00:00:00,28.391,3.8789,395.18,104.71,8.29,194.8
2024-04-23 01:00:00,27.017,3.9146,403.76,101.57,7.92,210.6
2024-04-23 02:00:00,26.998,3.861,396.51,104.96,9.17,187.7
2024-04-23 03:00:00,27.385,3.9285,399.95,104.48,8.83,186.9
2024-04-23 04:00:00,27.593,3.8482,397.96,104.47,9.44,195.4
2024-04-23 05:00:00,27.131,3.9495,399.02,102.0,7.83,192.0
2024-04-23 06:00:00,28.508,3.8407,402.2,105.09,7.79,178.6
2024-04-23 07:00:00,27.858,3.9561,399.19,105.59,9.12,207.4
2024-04-23 08:00:00,27.008,3.8491,402.24,103.37,5.87,185.8
2024-04-23 09:00:00,26.482,3.9321,402.41,103.61,7.47,201.1
2024-04-23 10:00:00,26.977,3.9141,401.97,104.22,7.49,209.8
2024-04-23 11:00:00,26.321,3.8529,400.04,104.77,7.04,187.0
2024-04-23 12:00:00,26.787,3.8697,403.7,102.25,9.11,192.4
2024-04-23 13:00:00,27.572,3.8698,393.1,102.77,7.68,180.0
2024-04-23 14:00:00,26.75,3.8977,408.28,102.85,7.87,191.7
2024-04-23 15:00:00,27.045,3.7834,401.68,104.64,8.66,186.9
2024-04-23 16:00:00,27.149,3.9272,393.45,103.57,5.75,180.1
2024-04-23 17:00:00,27.486,3.9164,396.83,104.58,6.76,191.1
2024-04-23 18:00:00,26.978,3.8785,399.89,105.5,9.57,183.4
2024-04-23 19:00:00,26.013,3.9039,399.77,104.11,8.54,187.2
2024-04-23 20:00:00,28.125,3.8707,402.23,105.31,7.54,184.6
2024-04-23 21:00:00,27.848,3.9088,401.72,105.05,8.84,191.1
2024-04-23 22:00:00,27.825,3.9169,402.12,103.92,8.39,185.3
2024-04-23 23:00:00,26.958,3.9647,404.59,102.54,9.2,194.8
2024-04-24 00:00:00,28.901,3.9223,402.48,102.84,8.47,171.1
2024-04-24 01:00:00,25.612,3.8979,401.84,103.47,8.9,198.4
2024-04-24 02:00:00,28.156,3.9117,399.21,103.46,8.25,175.6
2024-04-24 03:00:00,27.535,3.85,400.04,105.11,9.28,187.0
2024-04-24 04:00:00,26.807,3.9834,399.24,105.87,9.56,173.5
2024-04-24 05:00:00,27.747,3.8809,398.37,102.88,8.11,184.3
2024-04-24 06:00:00,28.34,3.9041,400.14,104.38,7.76,189.6
2024-04-24 07:00:00,27.636,3.8769,402.2,105.62,9.01,199.6
2024-04-24 08:00:00,27.523,3.8101,400.6,100.25,7.81,184.7
2024-04-24 09:00:00,27.928,3.8192,399.37,103.28,6.96,175.9
2024-04-24 10:00:00,27.679,3.8421,389.79,104.94,8.14,194.6
2024-04-24 11:00:00,29.42,3.9363,402.57,102.27,8.44,192.7
2024-04-24 12:00:00,28.885,3.9573,404.12,104.38,7.82,178.4
2024-04-24 13:00:00,26.402,3.9105,398.81,104.07,8.17,186.3
2024-04-24 14:00:00,27.748,3.8789,400.73,105.3,8.08,177.2
2024-04-24 15:00:00,28.776,3.8728,397.66,105.77,8.76,177.5
2024-04-24 16:00:00,27.501,3.8857,399.18,102.91,7.43,167.7
2024-04-24 17:00:00,28.09,3.8826,406.51,104.06,7.64,200.6
2024-04-24 18:00:00,27.989,3.8688,405.08,104.99,8.15,195.9
2024-04-24 19:00:00,28.209,3.9339,402.95,104.7,8.38,194.6
2024-04-24 20:00:00,27.036,3.8484,402.55,103.79,6.16,194.3
2024-04-24 21:00:00,27.336,3.8546,400.27,103.86,8.17,198.2
2024-04-24 22:00:00,27.443,3.9031,400.47,105.37,8.03,185.6
2024-04-24 23:00:00,28.892,3.8221,401.03,103.6,9.66,185.0
2024-04-25 00:00:00,30.919,3.9178,398.35,103.1,7.35,195.5
2024-04-25 01:00:00,28.61,3.9463,403.27,102.7,7.26,179.7
2024-04-25 02:00:00,30.082,3.9208,392.72,103.91,8.78,176.2
2024-04-25 03:00:00,29.378,3.8433,398.08,104.69,8.78,202.7
2024-04-25 04:00:00,28.808,3.9064,400.11,103.96,8.3,195.8
2024-04-25 05:00:00,29.501,3.9488,400.79,103.19,7.62,174.3
2024-04-25 06:00:00,29.999,3.8974,402.74,104.03,8.17,194.8
2024-04-25 07:00:00,30.715,3.8883,400.3,104.85,8.1,188.5
2024-04-25 08:00:00,29.261,3.8848,401.78,105.13,7.78,198.8
2024-04-25 09:00:00,27.829,3.8953,405.35,103.91,6.64,200.7
2024-04-25 10:00:00,30.393,3.9394,403.68,104.59,10.01,206.3
2024-04-25 11:00:00,29.219,3.9042,399.92,102.79,7.62,185.9
2024-04-25 12:00:00,29.79,3.8069,399.32,105.75,8.44,190.3
2024-04-25 13:00:00,29.718,3.8711,399.43,104.51,9.07,183.6
2024-04-25 14:00:00,28.907,3.8767,401.64,104.34,7.27,187.3
2024-04-25 15:00:00,31.745,3.8575,401.96,101.65,7.97,203.1
2024-04-25 16:00:00,30.091,3.8879,399.04,102.6,8.61,205.0
2024-04-25 17:00:00,29.133,3.8605,399.91,104.99,6.5,200.9
2024-04-25 18:00:00,28.56,3.8883,403.22,105.87,8.69,179.1
2024-04-25 19:00:00,29.867,3.9338,401.83,105.31,8.77,171.1
2024-04-25 20:00:00,30.001,3.8426,402.78,103.69,8.36,193.4
2024-04-25 21:00:00,29.995,3.9029,396.77,103.7,6.79,187.0
2024-04-25 22:00:00,30.003,3.9734,401.65,103.52,8.53,189.1
2024-04-25 23:00:00,29.029,3.8914,400.36,103.21,8.28,181.2
2024-04-26 00:00:00,28.395,3.8673,397.65,103.8,7.42,174.2
2024-04-26 01:00:00,27.425,3.9333,400.74,102.04,7.47,183.9
2024-04-26 02:00:00,28.69,3.8982,395.82,105.41,7.96,206.5
2024-04-26 03:00:00,27.369,3.9325,397.24,103.27,6.85,199.4
2024-04-26 04:00:00,27.109,3.9208,396.2,105.77,8.1,184.9
2024-04-26 05:00:00,27.035,3.8744,408.48,105.5,8.19,210.3
2024-04-26 06:00:00,27.283,3.8809,401.38,103.11,6.76,185.2
2024-04-26 07:00:00,27.598,3.9398,396.13,102.97,8.31,188.0
2024-04-26 08:00:00,27.343,3.8525,404.05,103.14,7.59,186.6
2024-04-26 09:00:00,26.88,3.8793,399.28,103.39,8.02,184.7
2024-04-26 10:00:00,28.533,3.9254,404.66,100.26,7.8,195.9
2024-04-26 11:00:00,27.367,3.8322,400.99,104.3,9.92,192.0
2024-04-26 12:00:00,28.872,4.0118,398.09,103.49,6.24,207.5
2024-04-26 13:00:00,26.585,3.8323,401.5,103.15,8.93,191.7
2024-04-26 14:00:00,27.817,3.8331,403.48,103.9,7.87,197.0
2024-04-26 15:00:00,28.189,3.8924,399.94,104.58,8.39,176.4
2024-04-26 16:00:00,28.587,3.8113,408.4,102.79,8.6,184.6
2024-04-26 17:00:00,26.243,3.9109,396.89,104.22,8.43,202.2
2024-04-26 18:00:00,28.538,3.9325,403.6,103.19,8.39,192.1
2024-04-26 19:00:00,29.061,3.8554,400.45,102.93,9.07,187.4
2024-04-26 20:00:00,29.008,3.859,396.87,104.64,8.55,181.2
2024-04-26 21:00:00,29.006,3.8602,400.39,102.48,6.71,183.0
2024-04-26 22:00:00,28.623,3.911,396.6,104.8,7.67,187.5
2024-04-26 23:00:00,29.254,3.87,402.36,102.18,8.79,200.4
2024-04-27 00:00:00,26.393,3.9203,401.86,101.85,6.87,186.3
2024-04-27 01:00:00,27.028,3.9029,401.15,105.38,7.68,188.2
2024-04-27 02:00:00,27.062,4.0309,405.8,103.18,7.64,191.1
2024-04-27 03:00:00,27.809,3.8494,401.59,103.93,9.48,199.3
2024-04-27 04:00:00,26.157,3.8551,400.9,102.63,6.8,191.6
2024-04-27 05:00:00,26.289,3.8945,399.82,105.73,8.11,216.9
2024-04-27 06:00:00,28.216,3.9391,401.71,104.38,7.72,191.5
2024-04-27 07:00:00,27.92,3.8382,400.53,107.1,8.41,196.0
2024-04-27 08:00:00,26.955,3.9115,396.3,102.99,8.2,184.9
2024-04-27 09:00:00,26.843,4.0225,405.05,105.82,6.93,191.4
2024-04-27 10:00:00,26.299,3.8918,401.26,103.99,8.31,195.7
2024-04-27 11:00:00,26.54,3.861,399.74,104.32,6.97,167.9
2024-04-27 12:00:00,26.948,3.8779,401.83,104.34,7.22,195.6
2024-04-27 13:00:00,29.001,3.9385,402.6,105.15,7.47,191.3
2024-04-27 14:00:00,27.815,3.9415,405.0,105.13,7.58,182.2
2024-04-27 15:00:00,27.122,3.9848,398.37,107.51,7.29,177.4
2024-04-27 16:00:00,28.876,3.8253,398.48,102.75,8.58,194.7
2024-04-27 17:00:00,28.583,3.8807,400.35,104.62,7.14,186.6
2024-04-27 18:00:00,26.359,3.8187,404.09,104.0,7.37,194.1
2024-04-27 19:00:00,25.886,3.9312,400.43,103.86,7.7,185.9
2024-04-27 20:00:00,27.503,3.9305,403.08,104.78,8.7,206.8
2024-04-27 21:00:00,29.21,3.8694,403.41,107.58,8.65,205.7
2024-04-27 22:00:00,26.299,3.9897,397.89,101.97,8.3,178.5
2024-04-27 23:00:00,28.09,3.86,392.17,103.57,8.31,189.0
2024-04-28 00:00:00,28.007,3.9046,397.67,103.43,6.78,183.2
2024-04-28 01:00:00,29.304,3.9708,397.52,104.94,7.72,174.9
2024-04-28 02:00:00,27.962,3.8011,401.52,103.71,6.6,202.4
2024-04-28 03:00:00,27.759,3.9075,397.56,102.19,7.4,178.0
2024-04-28 04:00:00,29.16,3.8862,397.04,103.16,8.04,166.8
2024-04-28 05:00:00,29.03,3.9568,397.75,104.77,7.75,197.9
2024-04-28 06:00:00,28.252,3.9246,399.9,104.78,7.66,191.8
2024-04-28 07:00:00,28.694,3.9001,403.05,104.42,7.08,180.3
2024-04-28 08:00:00,29.336,3.916,400.55,103.77,7.54,175.2
2024-04-28 09:00:00,28.661,3.8316,396.08,103.14,8.28,177.5
2024-04-28 10:00:00,27.667,3.9039,395.26,103.27,6.17,214.8
2024-04-28 11:00:00,27.724,3.8905,398.66,104.08,8.42,192.0
2024-04-28 12:00:00,26.88,3.9405,401.62,102.47,7.37,207.4
2024-04-28 13:00:00,29.076,3.9059,403.22,104.51,7.98,194.3
2024-04-28 14:00:00,29.616,3.9207,398.41,103.96,7.76,214.1
2024-04-28 15:00:00,29.265,3.8765,395.59,103.81,8.44,195.9
2024-04-28 16:00:00,29.972,3.8821,399.66,105.83,6.68,187.7
2024-04-28 17:00:00,29.086,3.9307,400.41,102.69,7.75,201.1
2024-04-28 18:00:00,27.823,3.8395,401.84,102.19,6.91,188.4
2024-04-28 19:00:00,27.829,3.9666,398.73,100.62,8.68,195.1
2024-04-28 20:00:00,27.356,3.8266,406.82,104.95,7.75,201.4
2024-04-28 21:00:00,27.479,3.8998,399.09,103.43,8.22,200.8
2024-04-28 22:00:00,27.653,3.8886,401.66,101.61,7.61,180.9
2024-04-28 23:00:00,29.006,3.8888,403.01,100.86,9.14,191.4
2024-04-29 00:00:00,3.67,3.9206,404.86,105.21,7.81,188.1
2024-04-29 01:00:00,4.742,3.8648,403.92,105.04,8.54,179.9
2024-04-29 02:00:00,4.761,3.9471,400.23,102.28,8.44,199.5
2024-04-29 03:00:00,6.117,3.875,395.67,104.81,9.7,197.3
2024-04-29 04:00:00,6.865,3.8752,399.28,101.97,9.42,203.4
2024-04-29 05:00:00,7.351,3.8446,399.92,104.04,8.53,185.2
2024-04-29 06:00:00,7.908,3.942,400.86,105.93,7.27,178.6
2024-04-29 07:00:00,8.702,3.9415,403.92,102.88,7.67,190.6
2024-04-29 08:00:00,8.509,3.869,399.56,104.39,7.39,194.5
2024-04-29 09:00:00,9.421,3.8305,400.07,102.36,7.25,191.6
2024-04-29 10:00:00,10.243,3.9077,402.94,102.68,7.56,190.1
2024-04-29 11:00:00,11.279,3.8936,397.67,103.82,7.8,184.2
2024-04-29 12:00:00,11.718,3.8635,400.11,102.64,8.13,206.5
2024-04-29 13:00:00,11.464,3.9132,395.7,103.86,7.3,183.7
2024-04-29 14:00:00,13.289,3.909,399.5,104.04,8.85,192.8
2024-04-29 15:00:00,13.905,3.9197,398.32,105.67,7.45,190.8
2024-04-29 16:00:00,15.03,3.8812,401.61,103.1,7.83,161.8
2024-04-29 17:00:00,15.785,3.9521,403.43,106.39,8.55,186.7
2024-04-29 18:00:00,16.927,3.9744,398.65,101.62,8.17,205.2
2024-04-29 19:00:00,15.015,3.974,401.9,106.39,7.74,191.4
2024-04-29 20:00:00,15.346,3.8934,399.96,102.98,7.06,193.6
2024-04-29 21:00:00,16.181,3.86,391.49,101.9,7.04,195.6
2024-04-29 22:00:00,16.175,3.8829,402.03,103.84,8.57,177.0
2024-04-29 23:00:00,15.338,3.8856,396.2,105.31,8.77,171.9
2024-04-30 00:00:00,28.145,3.8514,400.47,103.4,7.39,186.6
2024-04-30 01:00:00,28.045,3.8725,399.15,105.53,8.2,179.8
2024-04-30 02:00:00,26.506,3.8428,400.05,100.94,7.58,189.7
2024-04-30 03:00:00,26.497,3.8908,397.87,105.11,8.04,205.6
2024-04-30 04:00:00,27.18,3.8866,400.27,107.11,8.35,187.4
2024-04-30 05:00:00,25.406,3.8148,403.24,104.03,6.87,188.3
2024-04-30 06:00:00,26.064,3.856,395.4,105.25,7.44,174.5
2024-04-30 07:00:00,26.323,3.955,392.77,102.78,9.22,199.2
2024-04-30 08:00:00,27.343,3.8187,399.66,103.02,7.58,194.2
2024-04-30 09:00:00,25.394,3.9018,401.49,101.24,6.63,195.2
2024-04-30 10:00:00,26.784,3.9028,397.39,104.5,7.02,190.9
2024-04-30 11:00:00,26.913,3.9677,398.5,100.92,7.51,193.9
2024-04-30 12:00:00,26.25,3.9103,402.33,103.01,8.45,189.7
2024-04-30 13:00:00,25.405,3.8877,398.72,106.38,8.31,193.7
2024-04-30 14:00:00,25.807,3.902,401.95,100.95,7.63,175.8
2024-04-30 15:00:00,26.719,3.8911,401.95,106.18,7.95,186.7
2024-04-30 16:00:00,27.306,3.8382,399.31,102.44,8.37,191.4
2024-04-30 17:00:00,25.394,3.8084,403.08,104.36,8.0,196.4
2024-04-30 18:00:00,26.408,3.891,401.63,105.12,9.19,181.2
2024-04-30 19:00:00,26.761,3.8647,407.91,102.38,7.86,210.5
2024-04-30 20:00:00,26.305,3.9554,401.18,104.09,8.97,185.9
2024-04-30 21:00:00,26.191,3.8801,401.01,104.98,7.74,187.2
2024-04-30 22:00:00,25.329,3.8966,396.54,104.39,9.58,206.3
2024-04-30 23:00:00,27.57,3.9067,400.76,103.96,8.56,189.6
2024-05-01 00:00:00,24.672,3.9056,404.65,103.04,6.66,189.9
2024-05-01 01:00:00,26.512,3.9295,403.23,102.47,8.88,194.3
2024-05-01 02:00:00,25.692,3.9639,403.9,104.81,7.53,198.3
2024-05-01 03:00:00,25.513,3.9668,399.37,104.11,7.64,224.6
2024-05-01 04:00:00,24.706,3.9053,400.67,103.67,8.79,167.6
2024-05-01 05:00:00,25.506,3.9076,407.21,106.22,8.42,188.6
2024-05-01 06:00:00,26.286,3.9928,401.78,103.32,6.86,204.8
2024-05-01 07:00:00,25.868,3.9034,403.27,105.36,7.74,195.4
2024-05-01 08:00:00,26.922,3.8195,399.66,104.2,6.77,184.3
2024-05-01 09:00:00,27.121,3.9175,396.83,104.86,8.71,185.8
2024-05-01 10:00:00,24.975,3.8917,398.39,103.82,7.0,193.6
2024-05-01 11:00:00,26.537,3.9619,395.78,105.34,7.86,203.1
2024-05-01 12:00:00,25.54,3.874,399.72,101.61,7.48,193.1
2024-05-01 13:00:00,26.267,3.9417,403.45,100.39,8.27,191.7
2024-05-01 14:00:00,25.11,3.8846,398.61,107.27,7.84,190.5
2024-05-01 15:00:00,27.119,3.8873,403.27,101.87,9.01,183.3
2024-05-01 16:00:00,25.945,3.825,392.08,104.69,8.04,175.2
2024-05-01 17:00:00,26.239,3.9369,399.46,103.62,7.84,196.5
2024-05-01 18:00:00,26.548,3.8847,395.98,101.82,7.1,201.5
2024-05-01 19:00:00,26.366,3.9159,402.62,105.33,8.12,189.5
2024-05-01 20:00:00,24.027,3.88,396.97,106.28,7.96,171.9
2024-05-01 21:00:00,26.089,3.921,397.27,106.67,9.2,180.7
2024-05-01 22:00:00,25.697,3.8841,398.34,104.65,8.28,192.1
2024-05-01 23:00:00,26.553,3.8294,399.26,103.27,6.4,204.3
2024-05-02 00:00:00,27.783,3.9238,401.16,103.13,8.39,200.1
2024-05-02 01:00:00,26.404,3.8983,406.48,105.86,7.96,191.0
2024-05-02 02:00:00,26.36,3.8693,400.87,103.96,6.54,196.3
2024-05-02 03:00:00,25.937,3.8963,399.0,105.96,7.82,196.8
2024-05-02 04:00:00,25.605,3.8811,403.82,104.07,8.14,174.1
2024-05-02 05:00:00,26.507,3.923,402.19,101.29,8.13,195.2
2024-05-02 06:00:00,26.804,3.859,399.36,104.67,7.16,191.5
2024-05-02 07:00:00,25.988,4.0337,396.05,104.38,7.93,188.1
2024-05-02 08:00:00,26.696,3.9324,403.66,102.94,6.98,187.3
2024-05-02 09:00:00,25.728,3.9269,403.99,103.79,8.15,185.3
2024-05-02 10:00:00,26.317,3.9136,406.08,101.44,9.29,178.2
2024-05-02 11:00:00,26.379,3.948,399.32,103.67,7.46,186.0
2024-05-02 12:00:00,26.61,3.956,398.44,104.27,7.79,194.7
2024-05-02 13:00:00,26.799,3.7825,398.07,106.41,9.69,182.2
2024-05-02 14:00:00,28.182,3.9245,395.75,103.67,9.02,203.1
2024-05-02 15:00:00,26.515,3.8846,395.43,103.59,6.71,191.1
2024-05-02 16:00:00,26.36,3.9078,404.17,102.9,6.52,176.5
2024-05-02 17:00:00,27.204,3.8372,402.33,102.77,9.17,187.1
2024-05-02 18:00:00,25.638,3.9801,403.85,102.68,8.13,186.7
2024-05-02 19:00:00,27.669,3.914,404.08,104.72,6.68,190.5
2024-05-02 20:00:00,26.224,3.9328,398.91,105.02,6.87,192.3
2024-05-02 21:00:00,26.245,3.8621,403.94,103.09,8.35,187.5
2024-05-02 22:00:00,27.23,3.9729,401.65,101.65,8.11,205.3
2024-05-02 23:00:00,27.837,3.8983,393.75,103.77,6.96,178.1
2024-05-03 00:00:00,27.005,3.9471,396.87,102.3,7.74,201.3
2024-05-03 01:00:00,27.81,3.8936,400.76,102.92,7.58,196.1
2024-05-03 02:00:00,25.975,3.9711,400.89,104.46,7.96,199.8
2024-05-03 03:00:00,27.56,3.8751,398.76,105.49,7.23,198.4
2024-05-03 04:00:00,26.984,3.9744,397.91,107.36,7.98,178.3
2024-05-03 05:00:00,26.549,3.9547,399.79,101.95,7.22,207.6
2024-05-03 06:00:00,25.427,3.8226,402.82,104.79,7.6,189.3
2024-05-03 07:00:00,28.641,3.8294,401.39,103.33,9.38,168.5
2024-05-03 08:00:00,26.383,3.9132,401.6,102.6,8.46,196.5
2024-05-03 09:00:00,24.931,3.9089,401.0,105.65,7.63,176.8
2024-05-03 10:00:00,25.725,3.8763,400.93,102.9,7.3,178.9
2024-05-03 11:00:00,27.033,3.8936,393.71,105.69,7.64,194.0
2024-05-03 12:00:00,26.695,3.8345,397.78,103.09,7.18,205.2
2024-05-03 13:00:00,26.058,3.9362,396.35,104.19,8.29,199.3
2024-05-03 14:00:00,26.871,3.8872,404.39,104.83,7.47,189.3
2024-05-03 15:00:00,26.663,3.9308,405.21,102.76,8.96,192.5
2024-05-03 16:00:00,26.99,3.8958,402.8,103.73,6.76,194.4
2024-05-03 17:00:00,26.244,3.9661,396.75,104.88,7.41,177.7
2024-05-03 18:00:00,28.252,3.9375,399.09,103.04,6.64,192.3
2024-05-03 19:00:00,25.86,3.7926,399.64,101.83,7.45,191.5
2024-05-03 20:00:00,27.249,3.851,400.48,104.98,6.48,182.8
2024-05-03 21:00:00,28.165,3.9054,403.69,104.43,9.26,179.7
2024-05-03 22:00:00,26.486,3.9457,398.6,102.89,8.07,198.7
2024-05-03 23:00:00,26.684,3.965,396.31,100.95,8.69,162.8
2024-05-04 00:00:00,26.16,3.9824,402.62,107.02,6.35,182.5
2024-05-04 01:00:00,26.941,3.8615,398.46,104.14,7.3,198.0
2024-05-04 02:00:00,26.344,3.9343,400.54,103.42,8.06,181.8
2024-05-04 03:00:00,26.025,3.9811,407.25,104.9,9.69,188.7
2024-05-04 04:00:00,26.558,3.8154,404.72,102.02,7.36,204.0
2024-05-04 05:00:00,26.827,3.8968,403.78,102.6,9.28,188.2
2024-05-04 06:00:00,25.259,4.0041,401.3,106.0,7.65,192.2
2024-05-04 07:00:00,25.096,3.9694,403.87,105.36,8.65,168.2
2024-05-04 08:00:00,26.597,3.9496,399.69,104.78,7.6,198.1
2024-05-04 09:00:00,26.308,3.8914,401.76,104.95,8.21,200.0
2024-05-04 10:00:00,26.418,3.9254,398.88,103.91,8.75,201.8
2024-05-04 11:00:00,24.828,3.9397,399.92,103.92,7.41,185.5
2024-05-04 12:00:00,25.311,3.8347,398.64,102.99,7.22,202.4
2024-05-04 13:00:00,25.804,3.8645,397.84,104.93,8.17,186.1
2024-05-04 14:00:00,26.244,3.9031,402.19,106.67,8.49,189.3
2024-05-04 15:00:00,26.84,3.8856,401.72,103.41,8.73,205.6
2024-05-04 16:00:00,25.684,3.8725,400.9,103.72,7.73,180.2
2024-05-04 17:00:00,26.006,3.9761,397.96,104.92,9.34,175.9
2024-05-04 18:00:00,26.058,3.8563,401.65,105.33,8.09,187.1
2024-05-04 19:00:00,25.433,3.893,400.33,106.89,8.78,194.3
2024-05-04 20:00:00,26.567,3.9484,405.49,104.12,7.61,194.6
2024-05-04 21:00:00,24.866,3.8969,396.1,101.11,8.67,190.0
2024-05-04 22:00:00,26.244,3.9032,401.6,105.62,8.59,188.8
2024-05-04 23:00:00,26.293,3.8697,398.7,104.94,8.52,172.8
2024-05-05 00:00:00,25.651,3.9364,398.71,103.44,8.34,194.0
2024-05-05 01:00:00,26.325,3.8525,403.49,104.54,8.06,172.9
2024-05-05 02:00:00,26.948,3.7569,401.28,103.11,7.12,187.9
2024-05-05 03:00:00,26.676,3.867,401.16,104.55,8.3,190.1
2024-05-05 04:00:00,25.759,3.8735,398.05,102.66,7.14,194.2
2024-05-05 05:00:00,27.241,3.8602,396.64,103.15,7.59,191.1
2024-05-05 06:00:00,25.548,3.8622,403.07,102.52,8.5,193.3
2024-05-05 07:00:00,28.035,3.8401,399.77,104.51,6.75,186.0
2024-05-05 08:00:00,26.718,3.8513,401.39,101.81,9.2,188.9
2024-05-05 09:00:00,26.764,3.9759,405.39,101.89,7.32,182.2
2024-05-05 10:00:00,25.333,3.9298,403.92,102.01,9.21,182.9
2024-05-05 11:00:00,26.584,3.9586,399.52,106.17,8.13,189.1
2024-05-05 12:00:00,26.884,3.9278,401.19,107.66,8.29,202.4
2024-05-05 13:00:00,25.936,3.9138,402.15,103.39,8.84,180.1
2024-05-05 14:00:00,26.754,3.8962,400.51,103.27,7.06,190.2
2024-05-05 15:00:00,26.687,3.9186,400.66,102.64,8.28,202.5
2024-05-05 16:00:00,25.957,3.981,401.52,105.19,8.04,184.5
2024-05-05 17:00:00,27.581,3.9097,397.93,104.45,7.31,182.2
2024-05-05 18:00:00,28.185,3.8956,400.19,101.66,7.41,179.9
2024-05-05 19:00:00,27.634,3.9375,398.54,104.06,7.84,174.6
2024-05-05 20:00:00,26.486,3.896,404.53,104.42,8.01,193.8
2024-05-05 21:00:00,27.485,3.8354,398.32,104.33,7.48,190.9
2024-05-05 22:00:00,26.03,4.0626,395.59,102.87,7.23,203.9
2024-05-05 23:00:00,25.42,3.973,398.81,102.55,7.71,170.9
2024-05-06 00:00:00,28.368,3.9175,402.53,102.29,7.9,194.2
2024-05-06 01:00:00,28.171,3.9495,399.98,101.31,8.02,172.8
2024-05-06 02:00:00,28.676,3.8511,400.1,103.81,9.4,176.8
2024-05-06 03:00:00,29.101,3.9431,392.89,103.94,8.73,192.2
2024-05-06 04:00:00,29.923,3.9554,394.69,104.31,8.7,183.0
2024-05-06 05:00:00,31.08,3.8895,401.33,103.81,8.87,181.9
2024-05-06 06:00:00,27.989,3.9421,394.45,104.71,7.81,189.3
2024-05-06 07:00:00,29.457,3.9597,402.44,104.51,8.22,180.3
2024-05-06 08:00:00,29.61,3.8339,398.53,104.98,8.06,195.1
2024-05-06 09:00:00,27.821,3.8774,407.04,102.94,7.91,165.1
2024-05-06 10:00:00,29.049,3.9024,397.18,105.2,8.99,188.9
2024-05-06 11:00:00,30.022,3.9479,400.07,101.91,7.79,192.8
2024-05-06 12:00:00,29.003,3.8277,398.88,102.49,7.96,204.2
2024-05-06 13:00:00,27.157,3.8443,403.69,102.31,8.82,203.1
2024-05-06 14:00:00,29.524,3.9601,398.2,103.0,7.73,192.9
2024-05-06 15:00:00,28.576,3.9265,399.95,103.68,9.08,184.3
2024-05-06 16:00:00,28.977,3.8307,404.25,103.84,7.91,165.0
2024-05-06 17:00:00,28.04,3.9474,396.77,102.74,7.71,203.8
2024-05-06 18:00:00,28.582,3.91,407.6,103.12,9.07,178.9
2024-05-06 19:00:00,28.109,3.9461,399.93,103.22,7.96,188.7
2024-05-06 20:00:00,27.878,4.0159,399.01,105.14,7.35,195.6
2024-05-06 21:00:00,28.386,4.0345,398.33,104.07,8.11,190.3
2024-05-06 22:00:00,29.583,3.9405,398.4,102.87,7.95,193.7
2024-05-06 23:00:00,27.792,3.913,401.47,104.58,8.16,191.3
2024-05-07 00:00:00,24.063,3.9267,403.11,104.31,7.73,194.3
2024-05-07 01:00:00,25.585,3.8667,403.56,105.92,8.44,215.1
2024-05-07 02:00:00,23.792,3.941,400.44,104.26,7.47,198.7
2024-05-07 03:00:00,24.126,4.0029,398.7,102.6,8.02,194.9
2024-05-07 04:00:00,24.524,3.8708,394.22,103.18,7.14,188.5
2024-05-07 05:00:00,23.327,3.9764,397.12,104.21,8.31,184.4
2024-05-07 06:00:00,23.659,3.8287,395.76,106.07,8.28,185.8
2024-05-07 07:00:00,24.357,3.8737,399.16,106.96,8.43,192.7
2024-05-07 08:00:00,23.891,3.8978,400.6,105.72,9.02,208.0
2024-05-07 09:00:00,22.834,3.8461,399.08,101.42,8.33,190.5
2024-05-07 10:00:00,24.093,3.8855,403.6,103.18,8.72,187.0
2024-05-07 11:00:00,23.595,3.8851,399.47,104.41,8.55,195.8
2024-05-07 12:00:00,23.162,3.8879,400.51,103.24,8.53,177.8
2024-05-07 13:00:00,23.703,3.8469,402.02,102.96,7.6,193.6
2024-05-07 14:00:00,24.426,3.9023,400.61,102.53,7.53,179.9
2024-05-07 15:00:00,24.475,3.891,401.13,101.04,7.34,193.1
2024-05-07 16:00:00,24.57,3.831,402.97,102.69,7.69,191.6
2024-05-07 17:00:00,25.043,3.8859,398.18,106.44,9.58,188.6
2024-05-07 18:00:00,24.762,3.9318,401.33,103.86,7.88,178.1
2024-05-07 19:00:00,23.749,3.8306,399.02,103.46,8.19,185.6
2024-05-07 20:00:00,24.345,3.8812,406.48,102.22,7.61,175.1
2024-05-07 21:00:00,23.638,3.8289,397.96,104.73,8.36,183.1
2024-05-07 22:00:00,23.382,3.9744,396.42,106.3,7.9,193.1
2024-05-07 23:00:00,23.349,3.9209,400.88,103.86,7.22,201.1
2024-05-08 00:00:00,28.216,3.9154,404.68,102.86,8.11,201.3
2024-05-08 01:00:00,28.777,3.8835,400.12,101.35,8.6,193.5
2024-05-08 02:00:00,26.725,3.8875,401.15,106.84,7.78,192.3
2024-05-08 03:00:00,28.675,3.8841,394.97,102.56,9.39,203.6
2024-05-08 04:00:00,29.083,3.9126,399.0,105.97,7.56,199.7
2024-05-08 05:00:00,28.19,3.9028,398.96,104.31,6.89,190.0
2024-05-08 06:00:00,26.502,3.8644,396.43,102.35,8.1,169.1
2024-05-08 07:00:00,28.278,3.9001,400.77,105.99,7.96,210.5
2024-05-08 08:00:00,28.417,3.8811,400.35,105.32,7.0,193.8
2024-05-08 09:00:00,27.718,3.9123,398.48,105.29,8.89,189.3
2024-05-08 10:00:00,28.186,3.934,402.34,103.6,8.74,183.5
2024-05-08 11:00:00,27.729,3.904,397.55,102.5,8.29,194.6
2024-05-08 12:00:00,28.518,3.829,402.51,101.84,8.67,204.3
2024-05-08 13:00:00,27.642,3.9588,395.97,104.92,6.64,190.1
2024-05-08 14:00:00,27.569,3.8752,399.18,103.62,7.7,194.0
2024-05-08 15:00:00,27.97,3.889,397.94,100.76,7.29,204.0
2024-05-08 16:00:00,26.32,3.8686,398.36,104.28,7.84,201.6
2024-05-08 17:00:00,28.561,3.8683,395.87,104.97,8.67,203.3
2024-05-08 18:00:00,28.951,3.9059,401.09,103.01,7.89,207.9
2024-05-08 19:00:00,27.982,3.8345,399.28,103.94,7.46,178.8
2024-05-08 20:00:00,28.955,3.8752,399.59,105.36,8.4,178.7
2024-05-08 21:00:00,27.097,3.9488,398.82,106.02,10.31,180.1
2024-05-08 22:00:00,28.006,3.8534,403.65,103.89,10.54,199.2
2024-05-08 23:00:00,28.241,3.8417,401.25,104.51,6.94,183.2
2024-05-09 00:00:00,30.682,3.9438,396.75,104.29,8.41,188.6
2024-05-09 01:00:00,30.821,3.888,394.81,105.64,7.88,171.8
2024-05-09 02:00:00,29.378,3.9736,401.25,105.63,7.33,196.1
2024-05-09 03:00:00,29.457,3.9172,399.05,105.01,9.12,210.0
2024-05-09 04:00:00,29.061,3.9171,398.69,104.52,7.24,197.9
2024-05-09 05:00:00,30.883,3.8827,402.58,104.96,8.26,196.4
2024-05-09 06:00:00,29.168,3.922,402.35,103.56,9.0,196.7
2024-05-09 07:00:00,29.449,3.9232,402.8,105.56,6.55,197.0
2024-05-09 08:00:00,30.096,3.862,404.68,105.91,9.41,203.8
2024-05-09 09:00:00,31.147,3.8763,399.82,103.12,7.62,188.6
2024-05-09 10:00:00,29.017,3.8887,401.46,103.45,7.13,206.1
2024-05-09 11:00:00,28.544,3.768,399.65,103.41,8.03,181.1
2024-05-09 12:00:00,29.635,3.8625,393.49,101.83,7.14,184.4
2024-05-09 13:00:00,28.475,3.9451,398.64,102.15,8.58,197.2
2024-05-09 14:00:00,29.766,3.99,398.83,103.13,8.65,186.8
2024-05-09 15:00:00,28.635,3.845,403.36,104.07,8.2,204.5
2024-05-09 16:00:00,30.305,3.9188,394.57,100.58,7.33,186.1
2024-05-09 17:00:00,29.165,3.8626,400.83,105.31,6.88,187.6
2024-05-09 18:00:00,29.989,3.8506,400.75,103.23,8.37,186.3
2024-05-09 19:00:00,29.024,3.8458,394.63,103.48,7.12,204.5
2024-05-09 20:00:00,29.439,3.9917,397.17,105.44,7.93,179.4
2024-05-09 21:00:00,29.342,3.8232,399.87,105.56,8.31,200.6
2024-05-09 22:00:00,30.619,3.8672,401.08,104.54,7.98,168.0
2024-05-09 23:00:00,29.454,3.8925,399.65,103.78,8.91,206.1
2024-05-10 00:00:00,25.585,3.9523,398.52,103.88,7.94,184.1
2024-05-10 01:00:00,26.495,3.9557,402.46,103.18,8.04,188.8
2024-05-10 02:00:00,26.919,3.9299,400.69,104.67,7.95,188.8
2024-05-10 03:00:00,27.205,3.9541,397.58,103.77,8.59,183.2
2024-05-10 04:00:00,27.385,3.904,399.14,105.45,8.34,179.6
2024-05-10 05:00:00,27.237,3.8761,405.45,105.11,9.06,199.3
2024-05-10 06:00:00,25.816,3.8618,401.46,105.6,6.31,207.4
2024-05-10 07:00:00,24.326,3.8707,405.93,104.52,7.83,194.1
2024-05-10 08:00:00,27.907,3.8947,401.26,104.03,9.29,194.9
2024-05-10 09:00:00,25.741,3.8165,406.25,103.44,8.7,184.9
2024-05-10 10:00:00,25.771,3.9035,400.24,102.74,8.86,197.2
2024-05-10 11:00:00,25.703,3.8686,400.36,103.11,7.6,183.6
2024-05-10 12:00:00,24.307,3.8199,401.93,101.83,6.97,172.9
2024-05-10 13:00:00,25.473,3.8525,403.46,104.57,8.01,191.1
2024-05-10 14:00:00,25.58,3.8062,398.93,103.26,9.49,188.6
2024-05-10 15:00:00,25.297,3.9091,400.94,104.61,7.88,195.5
2024-05-10 16:00:00,28.351,3.9479,397.1,107.19,8.43,186.1
2024-05-10 17:00:00,26.021,3.9064,402.23,101.26,7.4,179.7
2024-05-10 18:00:00,27.36,3.8644,396.94,105.79,9.75,205.9
2024-05-10 19:00:00,26.794,3.9294,396.48,103.69,7.27,188.3
2024-05-10 20:00:00,25.715,3.82,399.97,103.32,7.13,175.4
2024-05-10 21:00:00,25.637,3.8173,393.82,104.14,7.89,191.5
2024-05-10 22:00:00,27.556,3.9021,403.5,100.75,10.08,186.3
2024-05-10 23:00:00,27.806,3.9465,398.63,103.31,9.37,169.7
2024-05-11 00:00:00,27.609,3.8453,401.88,105.32,7.56,180.4
2024-05-11 01:00:00,28.277,3.885,401.56,103.03,6.61,197.3
2024-05-11 02:00:00,26.393,3.8577,404.24,105.11,7.82,195.6
2024-05-11 03:00:00,26.906,3.7897,396.37,103.81,8.16,194.2
2024-05-11 04:00:00,28.151,3.9239,405.52,105.43,8.68,187.4
2024-05-11 05:00:00,26.425,3.8751,396.06,103.11,7.46,198.8
2024-05-11 06:00:00,27.275,3.9664,403.34,102.71,8.85,183.6
2024-05-11 07:00:00,29.377,3.9258,396.62,100.92,7.85,180.0
2024-05-11 08:00:00,26.997,3.9398,401.35,104.16,8.49,190.9
2024-05-11 09:00:00,27.015,3.9157,395.75,102.79,7.82,190.4
2024-05-11 10:00:00,25.807,3.925,397.85,102.26,6.87,195.2
2024-05-11 11:00:00,26.707,3.9118,401.49,104.38,8.51,181.3
2024-05-11 12:00:00,27.216,3.832,406.5,104.7,8.36,194.8
2024-05-11 13:00:00,26.518,3.9234,399.38,105.78,8.76,181.7
2024-05-11 14:00:00,26.877,3.8468,397.24,103.43,8.2,195.2
2024-05-11 15:00:00,26.382,4.018,391.87,99.87,7.29,193.7
2024-05-11 16:00:00,27.109,3.8837,399.24,104.66,8.45,195.9
2024-05-11 17:00:00,29.069,3.8668,399.52,101.54,9.1,175.7
2024-05-11 18:00:00,25.921,3.8347,404.24,104.21,7.59,187.0
2024-05-11 19:00:00,26.424,3.9225,394.01,102.25,8.7,197.8
2024-05-11 20:00:00,26.095,3.8621,405.22,105.56,7.71,182.7
2024-05-11 21:00:00,27.314,3.8616,403.94,102.24,7.32,191.5
2024-05-11 22:00:00,27.045,3.8901,401.38,103.4,8.16,189.3
2024-05-11 23:00:00,27.124,3.928,395.67,102.41,9.16,187.3
2024-05-12 00:00:00,3.558,3.839,400.74,103.86,8.16,181.3
2024-05-12 01:00:00,4.102,3.932,404.59,102.86,7.9,183.9
2024-05-12 02:00:00,4.003,3.8853,399.52,104.35,7.99,174.0
2024-05-12 03:00:00,5.079,3.9395,398.57,103.3,6.48,179.8
2024-05-12 04:00:00,5.825,3.8994,404.07,104.78,8.33,204.8
2024-05-12 05:00:00,6.172,3.9666,398.66,104.7,7.64,179.9
2024-05-12 06:00:00,6.289,3.8572,401.6,103.75,8.38,197.3
2024-05-12 07:00:00,7.81,3.9211,399.47,105.36,6.53,190.6
2024-05-12 08:00:00,7.857,3.8313,398.29,103.28,7.69,194.7
2024-05-12 09:00:00,8.574,3.9292,401.33,105.06,8.28,174.2
2024-05-12 10:00:00,8.322,3.8945,403.5,103.66,7.95,184.0
2024-05-12 11:00:00,9.253,3.8933,398.6,101.01,7.95,174.6
2024-05-12 12:00:00,9.665,3.9464,402.71,105.51,8.67,193.5
2024-05-12 13:00:00,10.822,3.8476,402.84,105.11,6.7,195.8
2024-05-12 14:00:00,12.048,3.9153,398.73,103.84,7.54,189.8
2024-05-12 15:00:00,13.069,3.8857,400.06,106.16,9.4,184.4
2024-05-12 16:00:00,12.371,3.8859,400.29,102.29,7.97,185.2
2024-05-12 17:00:00,13.474,3.8768,398.33,104.11,8.88,203.4
2024-05-12 18:00:00,13.67,3.9342,395.02,104.35,8.15,183.1
2024-05-12 19:00:00,15.284,3.9447,398.37,106.68,8.1,185.2
2024-05-12 20:00:00,14.323,3.9658,401.76,104.26,8.1,195.3
2024-05-12 21:00:00,12.457,3.967,400.91,100.78,9.59,183.7
2024-05-12 22:00:00,13.613,3.8881,402.15,103.87,7.91,186.6
2024-05-12 23:00:00,14.227,3.8342,395.31,105.02,7.62,186.9
2024-05-13 00:00:00,27.508,3.8385,396.33,100.25,8.87,187.1
2024-05-13 01:00:00,27.085,3.8708,401.98,104.69,6.82,180.0
2024-05-13 02:00:00,27.455,3.8164,398.12,102.34,7.83,195.1
2024-05-13 03:00:00,27.222,3.9173,401.36,102.03,7.08,167.4
2024-05-13 04:00:00,28.696,3.8477,398.25,103.36,8.95,196.5
2024-05-13 05:00:00,27.128,3.8589,396.7,103.64,6.82,200.4
2024-05-13 06:00:00,26.787,3.9007,400.73,105.49,8.07,186.8
2024-05-13 07:00:00,28.766,3.9556,404.49,107.02,7.46,206.2
2024-05-13 08:00:00,27.04,3.8855,397.76,102.63,8.32,172.4
2024-05-13 09:00:00,27.11,3.8878,395.24,107.06,7.03,183.9
2024-05-13 10:00:00,27.324,3.9656,399.02,103.09,8.83,186.3
2024-05-13 11:00:00,28.16,3.8915,400.08,105.6,7.18,180.6
2024-05-13 12:00:00,28.042,3.8587,399.27,103.61,7.25,170.0
2024-05-13 13:00:00,27.182,3.8707,404.17,104.78,7.27,182.2
2024-05-13 14:00:00,27.163,3.8744,398.85,102.11,7.49,190.2
2024-05-13 15:00:00,26.208,3.9033,405.02,102.23,8.03,202.4
2024-05-13 16:00:00,26.67,3.9519,405.24,104.69,7.97,215.0
2024-05-13 17:00:00,27.289,3.9009,399.83,103.27,8.21,175.7
2024-05-13 18:00:00,28.488,3.8652,399.35,103.54,9.02,190.3
2024-05-13 19:00:00,28.223,3.9283,397.51,102.32,8.85,188.0
2024-05-13 20:00:00,27.569,3.8326,401.52,104.82,7.53,178.5
2024-05-13 21:00:00,27.246,3.8336,400.08,104.24,8.57,193.9
2024-05-13 22:00:00,27.071,3.9113,396.75,106.21,8.04,186.6
2024-05-13 23:00:00,27.623,3.8703,400.69,105.35,8.52,206.9
2024-05-14 00:00:00,25.479,3.8904,395.29,102.86,8.36,191.4
2024-05-14 01:00:00,26.01,3.9616,402.41,103.26,9.57,195.8
2024-05-14 02:00:00,26.296,3.9648,403.79,102.27,7.76,186.9
2024-05-14 03:00:00,25.363,3.9224,401.7,105.83,7.59,188.6
2024-05-14 04:00:00,25.934,3.9307,397.54,103.43,8.38,204.1
2024-05-14 05:00:00,23.879,3.9079,400.05,104.07,7.52,194.3
2024-05-14 06:00:00,25.583,3.8793,401.8,103.12,7.87,201.9
2024-05-14 07:00:00,26.113,3.8582,397.06,103.96,8.0,204.6
2024-05-14 08:00:00,25.813,3.8578,402.7,105.02,8.01,192.6
2024-05-14 09:00:00,27.214,3.8739,399.96,105.31,9.26,164.9
2024-05-14 10:00:00,25.609,3.8959,398.31,103.99,8.38,178.8
2024-05-14 11:00:00,24.422,3.9522,397.63,100.8,7.74,193.2
2024-05-14 12:00:00,25.596,3.9009,397.44,106.76,7.44,178.7
2024-05-14 13:00:00,24.418,3.9482,399.0,105.04,8.36,185.6
2024-05-14 14:00:00,24.974,3.8466,396.66,103.28,8.04,197.4
2024-05-14 15:00:00,24.473,3.9639,401.8,102.14,8.18,198.2
2024-05-14 16:00:00,26.553,3.992,393.64,102.78,8.06,184.3
2024-05-14 17:00:00,26.753,3.9192,402.94,104.22,6.23,188.4
2024-05-14 18:00:00,25.195,3.8643,409.29,102.17,8.0,192.3
2024-05-14 19:00:00,25.668,3.9216,402.07,104.2,7.81,181.6
2024-05-14 20:00:00,25.147,3.9116,395.58,104.09,7.97,186.3
2024-05-14 21:00:00,25.761,3.9009,399.91,103.69,7.95,185.8
2024-05-14 22:00:00,26.582,3.8505,400.26,103.23,8.31,216.4
2024-05-14 23:00:00,24.325,3.9628,401.58,105.6,6.99,202.8
2024-05-15 00:00:00,33.67,3.8842,402.57,101.28,8.49,203.4
2024-05-15 01:00:00,31.551,3.9584,403.06,103.67,7.42,171.4
2024-05-15 02:00:00,31.643,3.868,403.34,103.3,8.7,188.1
2024-05-15 03:00:00,32.469,3.9158,402.93,104.01,8.42,186.5
2024-05-15 04:00:00,32.013,3.927,401.96,101.54,7.91,198.4
2024-05-15 05:00:00,32.301,3.8295,399.03,99.52,8.2,197.2
2024-05-15 06:00:00,33.723,3.9252,401.82,105.38,7.81,189.3
2024-05-15 07:00:00,31.428,3.9574,397.87,104.3,6.89,188.8
2024-05-15 08:00:00,32.338,3.9446,402.96,103.43,6.26,187.6
2024-05-15 09:00:00,31.043,3.9642,396.31,105.11,8.0,183.2
2024-05-15 10:00:00,31.317,3.8953,394.67,106.46,8.18,165.0
2024-05-15 11:00:00,30.754,3.9492,399.22,102.83,8.42,198.1
2024-05-15 12:00:00,31.32,3.9411,401.25,104.11,7.72,181.4
2024-05-15 13:00:00,30.363,3.9287,399.81,104.77,9.2,179.2
2024-05-15 14:00:00,32.866,3.8893,400.05,104.11,7.12,177.7
2024-05-15 15:00:00,32.766,3.9253,393.79,103.5,9.18,207.8
2024-05-15 16:00:00,30.772,3.9316,399.22,102.97,8.37,181.2
2024-05-15 17:00:00,34.192,3.956,393.5,104.4,9.2,192.1
2024-05-15 18:00:00,30.806,3.843,395.93,103.56,8.71,191.3
2024-05-15 19:00:00,33.84,3.9321,401.61,107.33,7.75,176.5
2024-05-15 20:00:00,33.528,3.9096,395.49,102.87,7.2,191.9
2024-05-15 21:00:00,32.479,3.8391,396.28,102.44,9.14,175.8
2024-05-15 22:00:00,31.787,3.9123,397.28,103.88,7.67,200.9
2024-05-15 23:00:00,32.862,3.8625,391.94,104.65,7.6,200.7
2024-05-16 00:00:00,26.452,3.8929,402.38,104.83,6.75,187.8
2024-05-16 01:00:00,26.162,3.8781,397.68,103.82,8.1,191.0
2024-05-16 02:00:00,26.106,3.8825,400.87,103.98,6.88,185.7
2024-05-16 03:00:00,26.841,3.8518,401.65,104.36,8.31,182.5
2024-05-16 04:00:00,26.027,3.8693,405.31,103.04,8.08,189.0
2024-05-16 05:00:00,24.324,3.7667,402.3,102.94,8.62,179.4
2024-05-16 06:00:00,26.569,3.8785,402.17,102.44,8.63,189.0
2024-05-16 07:00:00,26.436,3.8437,399.97,104.17,9.3,191.6
2024-05-16 08:00:00,26.228,3.8681,398.41,103.64,7.86,184.2
2024-05-16 09:00:00,25.66,3.8774,403.76,104.0,6.99,192.3
2024-05-16 10:00:00,25.782,3.9638,397.8,104.29,7.23,203.8
2024-05-16 11:00:00,25.031,3.8707,400.62,105.25,8.7,189.0
2024-05-16 12:00:00,24.782,3.9271,402.86,100.57,8.78,186.0
2024-05-16 13:00:00,25.04,3.8325,399.91,103.1,7.93,199.6
2024-05-16 14:00:00,25.194,3.9431,402.42,101.93,7.33,201.8
2024-05-16 15:00:00,26.088,3.8936,404.27,104.21,7.97,189.7
2024-05-16 16:00:00,25.531,3.853,401.96,102.65,7.54,196.9
2024-05-16 17:00:00,24.724,3.9632,397.7,105.01,7.15,195.6
2024-05-16 18:00:00,25.325,3.939,394.23,104.97,7.86,198.9
2024-05-16 19:00:00,25.506,3.8898,400.07,104.68,6.92,180.1
2024-05-16 20:00:00,25.606,3.9292,402.23,103.74,7.29,186.0
2024-05-16 21:00:00,24.493,3.8796,399.07,103.84,7.92,190.5
2024-05-16 22:00:00,25.886,3.8777,400.92,102.07,8.23,186.6
2024-05-16 23:00:00,26.487,3.9125,397.02,103.6,8.58,189.5
2024-05-17 00:00:00,29.007,3.9018,401.08,102.36,7.38,190.3
2024-05-17 01:00:00,28.771,3.9718,398.86,104.98,8.76,198.8
2024-05-17 02:00:00,28.504,3.9355,398.8,104.13,7.7,196.8
2024-05-17 03:00:00,28.718,3.8849,401.5,103.02,8.25,195.7
2024-05-17 04:00:00,29.549,3.8541,400.32,104.92,8.23,194.5
2024-05-17 05:00:00,30.459,3.938,403.62,103.45,9.53,182.6
2024-05-17 06:00:00,28.259,3.9586,403.15,105.14,7.67,185.3
2024-05-17 07:00:00,27.803,3.9272,398.83,103.68,7.82,188.6
2024-05-17 08:00:00,28.434,3.8394,398.91,104.96,9.53,202.7
2024-05-17 09:00:00,28.202,3.9117,397.46,104.53,8.41,177.6
2024-05-17 10:00:00,29.414,3.8478,399.6,102.15,7.3,166.9
2024-05-17 11:00:00,28.627,3.8758,401.43,103.88,7.67,193.9
2024-05-17 12:00:00,28.405,3.9191,398.54,105.2,8.39,187.1
2024-05-17 13:00:00,28.859,3.871,398.1,104.7,8.44,181.1
2024-05-17 14:00:00,28.82,3.8583,402.24,104.72,7.81,191.9
2024-05-17 15:00:00,29.804,3.9585,397.16,103.02,7.68,177.0
2024-05-17 16:00:00,27.982,3.8958,398.01,104.24,7.96,201.5
2024-05-17 17:00:00,29.23,3.9345,397.42,102.27,9.19,192.5
2024-05-17 18:00:00,28.291,3.7925,404.42,102.85,8.22,192.7
2024-05-17 19:00:00,29.168,3.9375,396.93,103.7,6.55,189.3
2024-05-17 20:00:00,28.286,3.895,398.45,106.55,8.6,192.7
2024-05-17 21:00:00,29.699,3.7318,397.48,103.61,8.12,192.1
2024-05-17 22:00:00,28.436,3.8895,402.83,104.52,9.71,187.5
2024-05-17 23:00:00,27.517,3.8754,393.37,101.83,7.23,198.3
2024-05-18 00:00:00,28.681,3.9512,399.83,103.14,7.97,189.4
2024-05-18 01:00:00,31.13,3.9367,398.79,102.48,7.95,207.9
2024-05-18 02:00:00,29.91,3.8932,401.66,105.26,7.84,172.5
2024-05-18 03:00:00,29.893,3.8866,404.49,104.41,7.29,204.8
2024-05-18 04:00:00,30.985,3.9678,404.87,105.32,8.87,194.0
2024-05-18 05:00:00,30.916,3.954,402.26,102.86,7.67,203.1
2024-05-18 06:00:00,30.419,3.9441,400.22,105.38,9.04,192.5
2024-05-18 07:00:00,31.308,3.8737,399.86,102.76,7.96,193.5
2024-05-18 08:00:00,29.481,3.9789,404.86,107.58,6.84,188.0
2024-05-18 09:00:00,30.36,3.941,397.29,104.51,9.4,191.6
2024-05-18 10:00:00,30.654,3.9429,403.75,104.5,6.86,188.8
2024-05-18 11:00:00,30.664,3.8719,399.08,106.02,8.52,185.0
2024-05-18 12:00:00,31.439,3.8973,401.93,103.46,7.59,193.3
2024-05-18 13:00:00,30.13,3.907,398.36,101.63,9.9,170.4
2024-05-18 14:00:00,30.573,3.8459,393.13,103.38,7.77,188.5
2024-05-18 15:00:00,27.234,3.8956,395.29,102.2,7.73,195.1
2024-05-18 16:00:00,29.223,3.8358,402.1,102.96,6.62,201.6
2024-05-18 17:00:00,29.438,3.9,399.42,103.57,8.16,197.2
2024-05-18 18:00:00,31.264,3.8396,398.59,106.0,9.02,191.5
2024-05-18 19:00:00,30.178,3.9645,397.89,104.78,8.47,198.6
2024-05-18 20:00:00,29.756,3.8891,399.3,103.41,7.97,196.6
2024-05-18 21:00:00,31.797,3.8555,403.44,103.92,7.73,191.9
2024-05-18 22:00:00,30.988,3.8684,401.2,106.83,7.55,179.4
2024-05-18 23:00:00,29.447,3.9033,403.56,105.0,8.43,190.2
2024-05-19 00:00:00,28.903,3.9819,395.73,102.95,6.56,192.9
2024-05-19 01:00:00,27.459,3.8976,401.02,102.84,8.37,189.7
2024-05-19 02:00:00,27.809,3.9064,403.52,104.42,8.77,177.5
2024-05-19 03:00:00,27.362,3.9537,401.13,105.09,8.43,196.3
2024-05-19 04:00:00,28.48,3.9877,397.76,102.21,7.75,188.4
2024-05-19 05:00:00,26.153,3.92,396.58,103.01,7.82,188.9
2024-05-19 06:00:00,27.522,3.8814,399.21,101.52,9.5,192.6
2024-05-19 07:00:00,28.949,3.905,401.06,103.87,9.35,177.9
2024-05-19 08:00:00,29.216,3.9377,403.73,101.85,6.69,188.2
2024-05-19 09:00:00,27.454,3.9217,397.34,104.52,7.74,168.1
2024-05-19 10:00:00,27.157,3.8863,403.17,107.98,6.07,194.0
2024-05-19 11:00:00,29.165,3.8406,400.87,102.3,8.04,183.0
2024-05-19 12:00:00,27.082,3.8025,400.02,105.49,6.39,178.5
2024-05-19 13:00:00,27.877,3.808,394.06,103.73,9.85,182.9
2024-05-19 14:00:00,27.506,3.8911,399.11,101.8,7.83,203.9
2024-05-19 15:00:00,27.933,3.8791,402.35,104.03,9.09,181.0
2024-05-19 16:00:00,29.096,3.8388,400.65,101.69,9.23,194.9
2024-05-19 17:00:00,27.459,3.9128,398.16,105.46,8.01,188.8
2024-05-19 18:00:00,27.276,4.0306,401.33,103.98,7.74,181.6
2024-05-19 19:00:00,28.844,3.9079,400.48,105.61,8.54,190.3
2024-05-19 20:00:00,28.339,3.9796,404.37,104.33,8.77,173.1
2024-05-19 21:00:00,26.89,3.9302,396.63,104.85,7.59,189.0
2024-05-19 22:00:00,28.077,3.848,399.88,106.2,7.07,198.1
2024-05-19 23:00:00,27.138,3.9285,400.02,104.19,10.09,204.1
2024-05-20 00:00:00,27.239,3.8514,403.01,104.43,7.14,182.4
2024-05-20 01:00:00,27.739,3.8449,401.03,104.13,7.92,191.7
2024-05-20 02:00:00,26.832,3.9572,396.39,104.42,8.54,186.2
2024-05-20 03:00:00,25.62,3.9674,403.58,101.95,6.39,206.1
2024-05-20 04:00:00,26.373,3.9238,401.63,103.78,6.48,182.2
2024-05-20 05:00:00,27.061,3.9174,396.79,105.59,7.75,182.6
2024-05-20 06:00:00,26.114,3.8819,395.36,103.46,7.14,201.2
2024-05-20 07:00:00,26.477,3.8517,397.27,105.12,7.94,196.7
2024-05-20 08:00:00,26.313,3.9278,394.36,107.86,7.0,185.1
2024-05-20 09:00:00,26.815,3.95,398.37,100.26,7.97,193.8
2024-05-20 10:00:00,25.372,3.843,401.26,102.69,6.97,200.8
2024-05-20 11:00:00,26.496,3.8172,401.43,102.63,6.73,199.9
2024-05-20 12:00:00,26.613,3.9534,397.96,101.69,7.29,187.9
2024-05-20 13:00:00,26.329,3.9887,401.08,102.85,7.67,207.4
2024-05-20 14:00:00,27.297,3.9377,396.91,104.11,9.05,203.2
2024-05-20 15:00:00,25.985,3.9013,401.12,103.76,6.24,184.6
2024-05-20 16:00:00,26.906,3.9054,401.06,103.85,7.22,187.4
2024-05-20 17:00:00,26.684,3.8941,398.69,104.72,7.74,175.1
2024-05-20 18:00:00,28.18,3.9256,402.78,104.62,9.36,203.9
2024-05-20 19:00:00,27.84,3.9046,399.01,105.71,6.81,183.6
2024-05-20 20:00:00,27.626,3.8969,392.78,103.48,8.31,192.2
2024-05-20 21:00:00,26.98,4.0216,400.51,103.22,7.44,186.0
2024-05-20 22:00:00,28.079,4.0272,401.09,104.12,8.48,198.5
2024-05-20 23:00:00,27.094,3.8683,397.92,103.75,7.4,189.9
2024-05-21 00:00:00,25.183,3.9667,400.44,105.03,8.91,179.8
2024-05-21 01:00:00,23.816,3.8785,394.74,105.74,7.46,186.7
2024-05-21 02:00:00,23.49,3.9854,395.58,104.19,7.74,202.3
2024-05-21 03:00:00,23.325,3.8926,395.19,102.6,7.79,190.2
2024-05-21 04:00:00,25.164,3.8795,405.56,102.76,9.62,196.8
2024-05-21 05:00:00,25.095,3.9736,403.25,105.99,7.16,187.9
2024-05-21 06:00:00,24.489,3.7968,395.35,103.05,8.03,201.2
2024-05-21 07:00:00,23.114,3.9899,395.34,104.68,7.68,194.0
2024-05-21 08:00:00,25.533,3.8531,403.24,104.4,7.66,195.7
2024-05-21 09:00:00,23.529,3.9752,398.37,103.35,9.25,206.9
2024-05-21 10:00:00,23.907,3.8949,394.82,103.66,7.43,200.0
2024-05-21 11:00:00,23.885,3.8641,403.6,104.5,7.05,184.7
2024-05-21 12:00:00,25.591,3.9171,401.09,104.19,7.17,190.8
2024-05-21 13:00:00,24.296,3.9412,401.84,104.41,8.4,180.2
2024-05-21 14:00:00,22.955,3.9305,396.55,105.98,8.37,166.6
2024-05-21 15:00:00,24.301,3.8799,400.56,104.73,8.81,177.4
2024-05-21 16:00:00,25.042,3.8746,397.68,103.33,8.57,192.7
2024-05-21 17:00:00,24.891,3.9492,396.06,106.95,7.18,172.6
2024-05-21 18:00:00,22.747,3.8776,400.45,102.83,8.52,188.6
2024-05-21 19:00:00,23.958,3.9523,401.34,102.96,8.49,191.6
2024-05-21 20:00:00,24.669,3.9874,397.38,102.52,6.83,186.1
2024-05-21 21:00:00,24.812,3.9194,407.94,102.8,7.9,187.4
2024-05-21 22:00:00,23.765,3.8972,405.22,102.7,7.96,190.0
2024-05-21 23:00:00,24.884,3.9307,403.83,108.14,7.39,181.4
2024-05-22 00:00:00,27.876,3.9138,401.81,105.61,7.42,189.1
2024-05-22 01:00:00,28.083,3.934,393.94,104.73,7.75,181.0
2024-05-22 02:00:00,26.791,3.9764,398.21,101.23,7.2,192.1
2024-05-22 03:00:00,28.129,3.8785,403.29,105.82,6.06,192.5
2024-05-22 04:00:00,29.066,3.892,398.92,103.36,6.93,181.2
2024-05-22 05:00:00,26.538,3.9472,403.63,107.84,6.78,177.2
2024-05-22 06:00:00,28.001,3.9577,400.46,102.05,8.1,188.6
2024-05-22 07:00:00,27.533,4.0142,401.51,102.07,7.56,189.1
2024-05-22 08:00:00,26.598,3.8276,397.69,102.52,7.86,180.7
2024-05-22 09:00:00,27.647,3.9375,407.36,105.37,9.5,194.0
2024-05-22 10:00:00,27.89,3.922,401.03,104.31,8.19,201.7
2024-05-22 11:00:00,27.589,3.8302,400.71,103.12,9.38,191.7
2024-05-22 12:00:00,28.652,3.9039,402.76,102.42,7.97,195.0
2024-05-22 13:00:00,27.804,3.9107,402.19,105.75,8.05,175.2
2024-05-22 14:00:00,28.168,3.8619,399.98,103.9,7.09,215.8
2024-05-22 15:00:00,28.15,3.9104,400.88,102.63,7.19,183.9
2024-05-22 16:00:00,27.072,3.9616,395.29,105.04,8.32,186.5
2024-05-22 17:00:00,29.055,3.8996,400.68,102.6,8.56,164.8
2024-05-22 18:00:00,29.304,3.8732,400.84,103.04,8.66,187.8
2024-05-22 19:00:00,26.424,3.7893,402.07,102.75,6.95,192.0
2024-05-22 20:00:00,28.034,3.9274,402.63,101.19,7.71,187.0
2024-05-22 21:00:00,27.095,3.914,401.58,102.4,8.32,193.6
2024-05-22 22:00:00,28.474,3.9196,394.27,103.29,7.02,190.6
2024-05-22 23:00:00,27.889,3.8317,397.35,102.89,8.09,202.0
2024-05-23 00:00:00,25.962,3.8923,396.75,103.84,8.01,201.8
2024-05-23 01:00:00,26.981,3.9231,401.17,105.1,7.14,179.7
2024-05-23 02:00:00,27.388,3.8769,399.54,103.91,9.27,183.7
2024-05-23 03:00:00,27.274,3.8575,394.38,103.51,9.16,176.7
2024-05-23 04:00:00,27.446,3.9172,397.94,101.92,8.37,200.2
2024-05-23 05:00:00,28.623,3.9802,398.72,107.44,7.47,193.2
2024-05-23 06:00:00,27.871,3.8372,402.55,101.93,6.2,197.0
2024-05-23 07:00:00,28.578,4.0153,398.06,104.74,8.44,178.0
2024-05-23 08:00:00,28.331,3.8438,400.39,103.46,9.05,200.2
2024-05-23 09:00:00,28.281,3.8405,400.32,104.09,9.69,194.7
2024-05-23 10:00:00,28.002,4.0476,402.24,101.75,9.49,163.4
2024-05-23 11:00:00,28.477,3.9005,398.59,104.13,8.21,191.1
2024-05-23 12:00:00,26.155,3.8267,395.9,104.09,8.36,195.9
2024-05-23 13:00:00,29.344,3.9558,396.58,101.64,7.88,184.2
2024-05-23 14:00:00,27.024,3.9984,401.87,102.59,8.02,184.0
2024-05-23 15:00:00,26.844,3.8477,406.3,104.24,7.8,194.3
2024-05-23 16:00:00,27.181,3.9662,403.73,106.36,6.16,202.7
2024-05-23 17:00:00,26.544,3.8726,400.84,103.54,7.8,186.3
2024-05-23 18:00:00,27.274,3.9192,404.9,104.34,6.81,202.2
2024-05-23 19:00:00,29.074,3.8619,401.69,103.93,9.29,188.4
2024-05-23 20:00:00,26.339,3.8862,396.76,104.41,7.36,190.0
2024-05-23 21:00:00,26.566,3.9493,398.38,102.92,7.26,197.1
2024-05-23 22:00:00,28.741,3.9826,400.82,102.08,8.36,178.2
2024-05-23 23:00:00,27.607,3.7985,402.62,105.18,7.26,191.7
2024-05-24 00:00:00,28.802,3.9076,397.15,103.81,9.3,190.0
2024-05-24 01:00:00,27.937,3.8607,397.15,105.82,8.09,185.2
2024-05-24 02:00:00,28.593,3.8375,398.39,104.32,9.25,181.7
2024-05-24 03:00:00,28.058,3.9197,396.97,105.1,7.24,188.5
2024-05-24 04:00:00,27.51,4.0169,394.55,104.92,7.98,204.4
2024-05-24 05:00:00,29.394,3.794,398.17,104.48,7.84,181.4
2024-05-24 06:00:00,29.13,3.9253,399.92,104.35,8.23,182.5
2024-05-24 07:00:00,29.616,3.9377,403.72,104.23,8.65,182.9
2024-05-24 08:00:00,27.607,3.9079,397.22,105.81,9.09,179.5
2024-05-24 09:00:00,28.137,3.8957,401.73,104.55,7.12,186.0
2024-05-24 10:00:00,29.696,3.9341,399.97,102.18,9.99,186.9
2024-05-24 11:00:00,28.549,3.9426,400.14,104.72,6.24,192.3
2024-05-24 12:00:00,26.661,3.9406,395.24,104.11,9.48,181.1
2024-05-24 13:00:00,28.842,3.8769,398.97,103.14,7.64,200.9
2024-05-24 14:00:00,28.478,3.8621,400.55,103.91,7.53,186.2
2024-05-24 15:00:00,28.552,3.936,402.03,105.36,8.19,196.9
2024-05-24 16:00:00,28.974,4.0092,401.16,103.88,7.41,181.2
2024-05-24 17:00:00,28.704,3.8271,399.63,102.25,8.89,192.9
2024-05-24 18:00:00,28.6,3.9158,401.71,103.62,9.04,174.9
2024-05-24 19:00:00,27.928,3.8636,403.17,107.58,7.83,174.6
2024-05-24 20:00:00,28.177,3.9212,404.16,105.14,8.52,196.0
2024-05-24 21:00:00,27.433,3.9105,403.37,106.55,9.81,190.5
2024-05-24 22:00:00,28.547,3.9398,404.43,101.7,7.94,195.4
2024-05-24 23:00:00,28.343,3.8633,400.3,103.48,8.9,185.5
2024-05-25 00:00:00,25.382,3.8699,398.18,104.2,7.18,192.6
2024-05-25 01:00:00,25.474,3.9622,401.05,103.87,8.52,185.0
2024-05-25 02:00:00,25.811,3.8423,400.6,104.0,8.35,194.7
2024-05-25 03:00:00,24.933,3.9458,406.65,105.27,7.89,192.3
2024-05-25 04:00:00,24.629,3.9171,399.73,105.32,7.03,204.5
2024-05-25 05:00:00,25.071,3.8773,399.04,103.62,8.24,162.4
2024-05-25 06:00:00,25.225,3.9316,401.34,105.08,7.5,203.0
2024-05-25 07:00:00,24.646,3.8843,399.78,101.96,6.96,191.6
2024-05-25 08:00:00,24.433,3.892,399.56,103.54,6.66,186.8
2024-05-25 09:00:00,26.404,3.9356,403.22,105.74,7.43,187.0
2024-05-25 10:00:00,26.05,3.9369,402.84,104.78,6.23,197.3
2024-05-25 11:00:00,25.785,3.8225,398.12,106.69,8.58,194.3
2024-05-25 12:00:00,25.26,3.8452,398.48,104.23,7.88,173.3
2024-05-25 13:00:00,24.518,3.8992,401.12,103.9,7.11,201.4
2024-05-25 14:00:00,25.144,3.8549,395.29,104.42,7.97,168.9
2024-05-25 15:00:00,23.855,3.8421,403.84,106.88,8.25,178.1
2024-05-25 16:00:00,25.637,3.9795,399.02,104.07,8.86,192.6
2024-05-25 17:00:00,25.122,3.8378,401.5,105.09,8.78,193.6
2024-05-25 18:00:00,24.056,4.0293,396.61,103.0,8.56,185.9
2024-05-25 19:00:00,24.856,3.889,400.93,103.04,8.13,174.1
2024-05-25 20:00:00,26.773,3.9078,398.79,104.22,9.47,172.3
2024-05-25 21:00:00,25.714,3.8685,399.72,106.45,8.56,181.2
2024-05-25 22:00:00,25.634,3.9141,399.3,107.86,7.71,180.2
2024-05-25 23:00:00,25.54,3.8466,400.04,102.64,7.32,193.6
2024-05-26 00:00:00,3.518,3.9446,398.02,105.55,7.94,199.8
2024-05-26 01:00:00,3.429,3.9116,402.09,103.25,7.68,182.9
2024-05-26 02:00:00,4.046,3.8393,403.57,105.91,7.66,180.8
2024-05-26 03:00:00,4.542,3.842,399.7,104.03,7.51,185.7
2024-05-26 04:00:00,5.326,3.8864,405.82,104.75,7.33,192.6
2024-05-26 05:00:00,6.242,3.9068,402.07,106.21,7.49,192.6
2024-05-26 06:00:00,5.836,3.8774,399.66,102.58,7.81,197.2
2024-05-26 07:00:00,6.677,3.8388,399.83,105.94,8.32,187.4
2024-05-26 08:00:00,6.987,3.8844,396.72,104.46,7.45,187.5
2024-05-26 09:00:00,7.319,3.9297,396.87,104.93,7.78,180.8
2024-05-26 10:00:00,7.42,3.9461,397.89,102.58,8.11,191.7
2024-05-26 11:00:00,8.719,3.8311,401.58,104.66,8.71,177.2
2024-05-26 12:00:00,9.403,3.9374,400.63,104.98,7.28,190.8
2024-05-26 13:00:00,9.304,3.927,401.51,103.06,7.47,190.7
2024-05-26 14:00:00,10.078,3.9686,405.17,105.85,7.49,182.0
2024-05-26 15:00:00,11.094,3.9158,398.51,104.87,7.44,183.2
2024-05-26 16:00:00,12.673,3.8487,401.16,102.23,8.37,191.4
2024-05-26 17:00:00,11.451,3.8908,395.92,102.63,9.18,182.9
2024-05-26 18:00:00,12.283,3.8787,403.0,103.62,7.77,208.5
2024-05-26 19:00:00,10.768,3.8909,402.49,105.33,9.77,179.6
2024-05-26 20:00:00,12.23,3.8935,398.91,105.69,9.03,197.1
2024-05-26 21:00:00,11.761,3.9393,400.35,104.93,8.48,202.4
2024-05-26 22:00:00,11.932,3.8452,401.42,105.55,9.02,191.1
2024-05-26 23:00:00,11.471,3.8286,400.79,104.74,7.73,184.3
2024-05-27 00:00:00,29.262,3.8451,403.4,107.19,8.61,180.7
2024-05-27 01:00:00,29.497,3.8804,399.31,104.57,7.86,188.5
2024-05-27 02:00:00,26.019,3.9029,403.69,103.53,7.46,174.2
2024-05-27 03:00:00,28.575,3.8872,399.72,104.08,8.09,185.6
2024-05-27 04:00:00,28.434,3.9146,396.18,106.26,7.28,193.9
2024-05-27 05:00:00,28.66,3.8687,400.23,105.81,9.17,192.6
2024-05-27 06:00:00,28.825,3.8353,401.43,101.65,8.92,187.2
2024-05-27 07:00:00,28.213,3.9591,401.78,102.53,8.24,202.3
2024-05-27 08:00:00,28.916,3.9189,403.86,101.2,8.61,190.3
2024-05-27 09:00:00,27.538,3.8798,394.92,104.87,8.28,176.5
2024-05-27 10:00:00,29.335,3.8682,400.42,102.75,8.64,192.1
2024-05-27 11:00:00,28.421,3.9051,393.34,104.22,9.22,189.2
2024-05-27 12:00:00,29.96,3.8822,398.05,102.65,7.17,184.6
2024-05-27 13:00:00,27.794,3.8796,396.67,103.87,8.12,193.7
2024-05-27 14:00:00,28.034,3.9008,398.45,103.78,8.04,197.8
2024-05-27 15:00:00,30.326,3.8587,401.98,103.14,8.27,189.5
2024-05-27 16:00:00,29.506,3.9477,405.88,104.33,7.06,192.6
2024-05-27 17:00:00,28.615,3.9021,398.01,105.24,6.79,200.9
2024-05-27 18:00:00,30.059,3.7737,399.39,106.7,8.17,177.6
2024-05-27 19:00:00,26.821,3.8994,401.77,101.45,8.84,165.6
2024-05-27 20:00:00,29.197,3.8783,405.22,103.54,8.76,179.1
2024-05-27 21:00:00,28.095,3.8883,398.66,105.52,6.2,167.8
2024-05-27 22:00:00,28.66,3.9439,399.3,101.91,8.11,195.6
2024-05-27 23:00:00,28.81,3.8955,404.52,105.92,7.95,188.3
2024-05-28 00:00:00,27.797,3.9626,398.36,104.89,9.53,183.7
2024-05-28 01:00:00,28.025,3.7859,406.19,103.12,7.72,190.1
2024-05-28 02:00:00,28.173,3.8346,404.93,104.3,7.81,197.9
2024-05-28 03:00:00,28.62,3.8606,401.08,102.57,9.29,186.5
2024-05-28 04:00:00,26.701,3.8731,397.03,103.63,10.08,171.1
2024-05-28 05:00:00,28.185,3.8754,403.65,100.37,8.63,185.9
2024-05-28 06:00:00,26.423,3.8948,396.88,103.71,8.38,210.4
2024-05-28 07:00:00,28.462,3.839,401.85,102.8,7.12,185.9
2024-05-28 08:00:00,28.695,3.9328,394.84,104.75,7.71,199.8
2024-05-28 09:00:00,26.859,3.8926,402.19,104.15,8.71,176.5
2024-05-28 10:00:00,29.011,3.9524,399.08,103.74,8.03,181.9
2024-05-28 11:00:00,28.068,3.8526,399.36,105.92,8.23,185.8
2024-05-28 12:00:00,28.509,3.8501,398.62,101.58,7.38,198.6
2024-05-28 13:00:00,29.76,3.8881,400.37,104.57,8.24,179.7
2024-05-28 14:00:00,28.884,3.928,398.01,103.65,7.07,198.4
2024-05-28 15:00:00,27.951,3.9428,397.32,105.53,7.74,205.7
2024-05-28 16:00:00,27.866,3.9207,404.24,104.57,6.81,179.0
2024-05-28 17:00:00,29.154,3.7985,408.43,102.27,9.19,168.7
2024-05-28 18:00:00,30.207,3.9749,399.29,106.79,7.29,192.3
2024-05-28 19:00:00,29.269,3.8147,402.4,104.28,8.53,195.1
2024-05-28 20:00:00,27.739,3.7878,399.42,103.35,8.37,157.3
2024-05-28 21:00:00,28.067,3.866,400.49,104.2,7.87,185.8
2024-05-28 22:00:00,28.09,3.8743,395.47,104.45,7.8,203.0
2024-05-28 23:00:00,29.214,3.8384,399.82,102.77,8.57,191.3
2024-05-29 00:00:00,30.678,3.9919,396.42,107.24,8.73,186.6
2024-05-29 01:00:00,29.56,3.7907,400.43,106.77,8.72,193.2
2024-05-29 02:00:00,30.434,3.8981,400.34,106.41,7.69,208.6
2024-05-29 03:00:00,28.906,3.9631,396.88,105.77,8.72,192.9
2024-05-29 04:00:00,29.783,3.8484,393.68,105.87,6.78,193.8
2024-05-29 05:00:00,29.032,3.9169,395.62,105.68,7.21,195.1
2024-05-29 06:00:00,29.36,3.8697,399.87,106.04,7.91,200.3
2024-05-29 07:00:00,30.495,4.0326,402.07,102.48,8.52,187.0
2024-05-29 08:00:00,30.061,3.91,401.6,103.62,8.48,179.6
2024-05-29 09:00:00,30.367,3.9176,397.08,102.92,8.78,171.7
2024-05-29 10:00:00,29.516,3.9033,400.48,105.37,8.47,197.9
2024-05-29 11:00:00,30.822,3.7617,402.8,104.33,8.56,187.2
2024-05-29 12:00:00,31.9,3.9318,404.76,103.68,9.31,193.6
2024-05-29 13:00:00,29.926,3.8978,403.15,102.74,8.32,172.7
2024-05-29 14:00:00,29.383,3.9317,402.34,102.93,7.61,185.1
2024-05-29 15:00:00,32.113,3.9997,404.47,105.83,8.2,193.1
2024-05-29 16:00:00,29.18,4.0398,403.61,104.72,7.93,176.7
2024-05-29 17:00:00,27.942,3.8922,396.18,105.29,8.14,174.8
2024-05-29 18:00:00,28.931,3.8985,400.09,105.36,8.52,179.2
2024-05-29 19:00:00,28.967,3.8481,401.26,102.12,8.21,180.7
2024-05-29 20:00:00,30.299,3.8183,400.37,102.84,8.65,192.1
2024-05-29 21:00:00,31.271,3.806,401.31,104.38,7.22,199.3
2024-05-29 22:00:00,29.768,3.8397,400.14,105.41,7.77,186.2
2024-05-29 23:00:00,30.219,3.9483,398.89,103.58,8.88,190.4
2024-05-30 00:00:00,24.053,3.8404,394.18,107.33,8.93,180.1
2024-05-30 01:00:00,24.295,3.9027,402.58,103.48,8.47,192.3
2024-05-30 02:00:00,25.358,3.89,394.29,103.82,8.32,181.8
2024-05-30 03:00:00,24.737,3.9283,393.71,104.85,9.0,212.4
2024-05-30 04:00:00,26.28,3.8253,397.16,104.88,8.48,181.4
2024-05-30 05:00:00,24.675,3.8307,403.49,102.8,7.72,191.8
2024-05-30 06:00:00,24.782,3.8803,405.46,105.22,8.35,196.4
2024-05-30 07:00:00,24.969,3.8345,397.36,106.63,7.36,187.6
2024-05-30 08:00:00,25.03,3.8912,400.36,106.29,8.11,178.3
2024-05-30 09:00:00,24.544,3.9925,406.67,106.26,9.07,198.4
2024-05-30 10:00:00,24.836,3.833,401.14,104.11,8.33,190.3
2024-05-30 11:00:00,24.799,3.9276,407.01,103.1,8.13,207.3
2024-05-30 12:00:00,23.666,3.9248,400.4,104.74,8.41,198.5
2024-05-30 13:00:00,24.693,3.8361,401.32,104.31,9.31,198.3
2024-05-30 14:00:00,25.125,3.8334,390.49,106.44,8.29,187.8
2024-05-30 15:00:00,22.006,3.9111,397.88,100.37,8.51,187.2
2024-05-30 16:00:00,25.046,3.9533,404.5,107.02,7.38,193.3
2024-05-30 17:00:00,24.338,3.9021,399.27,103.98,7.4,200.6
2024-05-30 18:00:00,23.866,3.8081,398.9,104.97,8.18,177.2
2024-05-30 19:00:00,23.652,3.9054,404.41,103.91,7.97,195.3
2024-05-30 20:00:00,23.971,3.801,403.97,102.69,8.56,201.0
2024-05-30 21:00:00,24.636,3.8854,400.82,103.18,8.46,197.0
2024-05-30 22:00:00,24.201,3.9502,401.99,102.43,8.96,197.8
2024-05-30 23:00:00,25.676,3.8859,395.0,104.56,6.47,196.5
2024-05-31 00:00:00,26.902,3.8741,400.25,103.04,6.81,185.2
2024-05-31 01:00:00,27.666,3.9374,399.27,102.48,8.19,194.0
2024-05-31 02:00:00,28.035,3.9639,396.35,105.04,8.55,197.4
2024-05-31 03:00:00,26.831,3.9115,404.47,104.41,9.24,188.0
2024-05-31 04:00:00,27.363,3.8802,404.56,107.12,7.94,195.3
2024-05-31 05:00:00,27.178,3.9801,397.1,105.12,8.81,191.6
2024-05-31 06:00:00,26.827,3.894,401.58,104.85,7.65,194.8
2024-05-31 07:00:00,26.536,3.868,398.67,103.37,7.39,199.1
2024-05-31 08:00:00,27.529,3.9247,397.17,103.83,7.55,200.2
2024-05-31 09:00:00,27.727,3.9559,401.71,104.81,7.07,186.6
2024-05-31 10:00:00,26.36,3.89,401.22,101.93,7.83,197.6
2024-05-31 11:00:00,26.826,3.9042,400.08,104.07,9.21,193.5
2024-05-31 12:00:00,28.036,3.8913,400.07,104.06,8.66,204.5
2024-05-31 13:00:00,27.748,3.916,404.04,105.98,8.52,199.4
2024-05-31 14:00:00,25.642,3.8884,400.03,103.58,8.17,188.9
2024-05-31 15:00:00,26.459,3.9813,397.82,104.71,8.64,196.4
2024-05-31 16:00:00,27.198,3.9841,398.62,104.43,7.88,201.2
2024-05-31 17:00:00,26.011,3.9193,400.01,103.09,8.44,198.9
2024-05-31 18:00:00,26.316,3.9163,401.39,105.64,6.09,199.3
2024-05-31 19:00:00,24.626,3.8658,404.7,106.28,8.52,187.1
2024-05-31 20:00:00,27.445,3.9167,398.5,104.57,8.81,183.8
2024-05-31 21:00:00,27.45,3.8989,398.3,105.62,7.15,198.9
2024-05-31 22:00:00,26.686,3.8066,400.91,105.35,8.19,194.0
2024-05-31 23:00:00,27.64,3.9223,395.85,102.46,7.13,187.7
2024-06-01 00:00:00,28.527,3.9163,402.0,103.68,9.49,185.8
2024-06-01 01:00:00,28.364,3.8907,395.64,102.11,8.43,184.9
2024-06-01 02:00:00,27.983,3.9184,396.66,101.87,7.0,184.6
2024-06-01 03:00:00,28.826,3.869,397.24,103.53,7.12,205.8
2024-06-01 04:00:00,26.706,3.925,399.46,102.26,8.96,190.4
2024-06-01 05:00:00,29.155,3.8938,402.62,103.81,8.79,202.1
2024-06-01 06:00:00,26.727,3.8654,403.22,104.65,8.64,193.9
2024-06-01 07:00:00,27.502,3.8531,397.79,105.05,7.66,172.1
2024-06-01 08:00:00,27.503,3.8832,396.06,104.52,8.58,183.4
2024-06-01 09:00:00,28.069,3.9127,402.26,105.52,7.65,186.8
2024-06-01 10:00:00,28.023,3.9604,402.77,104.52,8.36,187.0
2024-06-01 11:00:00,28.013,3.924,399.22,105.24,8.41,200.7
2024-06-01 12:00:00,28.102,3.7905,401.7,105.72,7.43,195.6
2024-06-01 13:00:00,27.951,3.8817,401.99,102.88,7.1,192.1
2024-06-01 14:00:00,26.482,3.8814,399.29,104.31,6.44,181.7
2024-06-01 15:00:00,27.332,3.8171,400.34,104.66,8.0,189.6
2024-06-01 16:00:00,27.525,3.8967,397.97,103.38,7.23,205.4
2024-06-01 17:00:00,28.872,3.9372,398.77,102.21,6.51,187.8
2024-06-01 18:00:00,28.141,3.8795,404.52,106.05,8.59,193.1
2024-06-01 19:00:00,26.093,3.8333,400.42,103.15,8.47,188.9
2024-06-01 20:00:00,27.427,3.9196,403.41,103.57,8.88,168.1
2024-06-01 21:00:00,28.724,3.9306,399.81,107.27,7.68,197.6
2024-06-01 22:00:00,27.725,3.9095,401.41,103.24,8.15,179.7
2024-06-01 23:00:00,27.28,3.8257,405.45,102.35,7.8,188.8
2024-06-02 00:00:00,27.628,3.8834,400.79,105.11,8.57,186.2
2024-06-02 01:00:00,26.032,3.8638,400.86,104.71,7.35,211.1
2024-06-02 02:00:00,26.385,3.9468,399.63,103.65,8.31,180.3
2024-06-02 03:00:00,24.407,3.7975,401.57,103.58,8.54,192.7
2024-06-02 04:00:00,26.211,3.9072,402.68,105.15,8.26,206.3
2024-06-02 05:00:00,25.277,3.9131,400.08,105.92,7.59,191.7
2024-06-02 06:00:00,26.72,3.8807,398.14,104.49,7.59,183.9
2024-06-02 07:00:00,25.553,3.8629,398.07,106.52,7.65,202.4
2024-06-02 08:00:00,25.394,3.9024,401.56,102.13,8.69,165.7
2024-06-02 09:00:00,27.066,3.8857,401.69,104.7,7.53,199.9
2024-06-02 10:00:00,26.039,3.957,403.51,105.2,7.08,207.8
2024-06-02 11:00:00,24.792,3.8896,404.78,101.84,6.7,186.3
2024-06-02 12:00:00,26.426,3.8397,396.6,103.7,8.67,199.9
2024-06-02 13:00:00,26.624,3.8472,404.06,101.71,8.28,181.4
2024-06-02 14:00:00,26.142,3.8573,400.93,102.54,8.44,201.6
2024-06-02 15:00:00,26.283,3.88,399.49,103.01,8.0,198.6
2024-06-02 16:00:00,25.144,3.8183,407.55,104.35,7.43,186.1
2024-06-02 17:00:00,26.065,3.8934,396.55,103.59,7.78,199.1
2024-06-02 18:00:00,25.018,3.9515,398.64,102.71,7.83,166.4
2024-06-02 19:00:00,26.619,3.9728,397.49,102.14,7.39,196.5
2024-06-02 20:00:00,25.795,3.8915,409.67,103.81,6.97,190.0
2024-06-02 21:00:00,25.543,3.8894,393.37,105.8,8.08,197.7
2024-06-02 22:00:00,25.567,3.8813,406.92,103.17,8.12,193.7
2024-06-02 23:00:00,25.454,3.8856,404.92,105.24,7.23,196.4
2024-06-03 00:00:00,27.947,3.7428,399.57,104.5,8.27,191.4
2024-06-03 01:00:00,28.602,3.8859,404.68,106.47,8.07,208.5
2024-06-03 02:00:00,28.352,3.9649,400.17,104.2,7.35,186.2
2024-06-03 03:00:00,28.191,3.9049,398.03,103.56,7.14,189.8
2024-06-03 04:00:00,27.94,3.844,396.7,102.58,7.56,174.4
2024-06-03 05:00:00,26.517,3.8885,402.19,104.83,8.15,197.4
2024-06-03 06:00:00,27.594,3.8932,404.46,103.54,8.07,178.3
2024-06-03 07:00:00,26.968,3.8586,400.18,102.73,8.62,178.0
2024-06-03 08:00:00,28.096,3.8746,397.82,103.56,7.47,176.1
2024-06-03 09:00:00,29.069,3.9074,399.95,99.81,8.52,200.8
2024-06-03 10:00:00,27.098,3.8432,405.66,101.57,8.56,175.4
2024-06-03 11:00:00,27.247,3.9465,396.48,102.73,7.02,197.2
2024-06-03 12:00:00,27.421,3.9343,398.25,104.7,8.29,179.5
2024-06-03 13:00:00,28.824,3.7673,401.21,105.64,7.61,188.9
2024-06-03 14:00:00,27.575,3.783,399.11,103.69,8.19,191.9
2024-06-03 15:00:00,25.691,3.8873,399.49,103.89,8.93,166.4
2024-06-03 16:00:00,26.633,3.8993,400.2,105.24,8.43,191.1
2024-06-03 17:00:00,27.176,3.9099,398.84,104.88,7.76,184.8
2024-06-03 18:00:00,27.503,3.946,399.85,103.05,7.38,188.3
2024-06-03 19:00:00,27.915,3.9084,404.59,106.66,9.72,200.4
2024-06-03 20:00:00,27.404,3.8705,399.24,102.62,6.18,211.2
2024-06-03 21:00:00,28.659,3.948,397.26,102.48,9.48,181.5
2024-06-03 22:00:00,27.074,3.931,397.14,102.78,6.77,194.3
2024-06-03 23:00:00,28.977,3.9222,403.35,104.59,7.14,191.5
2024-06-04 00:00:00,29.165,3.9153,403.4,104.11,6.46,194.8
2024-06-04 01:00:00,28.448,3.9358,397.58,106.71,8.98,199.4
2024-06-04 02:00:00,27.647,3.8494,401.66,105.55,8.67,199.8
2024-06-04 03:00:00,28.12,3.9145,395.58,102.53,7.61,184.8
2024-06-04 04:00:00,29.346,3.9194,401.34,102.38,6.48,194.7
2024-06-04 05:00:00,27.682,3.9758,399.59,104.44,6.71,189.3
2024-06-04 06:00:00,28.169,3.9146,400.71,103.12,7.92,176.4
2024-06-04 07:00:00,29.299,3.9598,397.66,104.37,8.7,192.5
2024-06-04 08:00:00,28.78,3.8466,400.12,102.92,7.18,195.3
2024-06-04 09:00:00,28.757,3.9934,402.33,103.22,8.51,202.7
2024-06-04 10:00:00,27.104,3.9007,401.94,104.92,7.67,190.3
2024-06-04 11:00:00,28.176,3.9873,402.26,104.77,7.62,203.1
2024-06-04 12:00:00,29.225,3.7876,399.36,105.96,8.95,180.1
2024-06-04 13:00:00,26.887,3.8834,400.85,101.45,7.39,191.4
2024-06-04 14:00:00,28.552,3.8543,401.03,106.91,7.09,185.2
2024-06-04 15:00:00,26.496,3.8868,402.37,104.08,6.41,199.4
2024-06-04 16:00:00,28.577,3.9251,400.4,102.74,8.58,198.0
2024-06-04 17:00:00,27.919,3.8966,401.29,102.83,8.31,192.3
2024-06-04 18:00:00,27.947,3.839,404.6,101.82,8.0,198.6
2024-06-04 19:00:00,29.634,3.9605,396.03,106.26,8.48,175.3
2024-06-04 20:00:00,27.979,3.8572,400.95,103.62,6.88,208.3
2024-06-04 21:00:00,28.658,3.9431,391.78,104.79,9.44,188.8
2024-06-04 22:00:00,28.437,3.7737,402.26,108.52,9.44,173.2
2024-06-04 23:00:00,29.229,3.8793,405.96,106.26,8.05,183.1
2024-06-05 00:00:00,28.287,3.9478,400.08,100.91,7.78,173.6
2024-06-05 01:00:00,28.869,4.0281,400.81,106.45,9.27,177.8
2024-06-05 02:00:00,31.215,3.8906,398.05,105.92,8.29,200.0
2024-06-05 03:00:00,29.058,3.9677,397.96,104.19,7.46,198.0
2024-06-05 04:00:00,29.547,3.9495,400.64,105.16,8.0,204.3
2024-06-05 05:00:00,29.937,3.9603,406.08,105.95,8.68,178.5
2024-06-05 06:00:00,30.593,3.8749,398.15,103.86,7.34,200.1
2024-06-05 07:00:00,29.292,3.9264,397.07,104.16,6.32,187.7
2024-06-05 08:00:00,28.925,3.8378,400.43,102.95,8.1,183.5
2024-06-05 09:00:00,29.058,3.8026,403.23,104.84,8.56,193.9
2024-06-05 10:00:00,30.548,3.9057,404.66,103.49,6.44,188.0
2024-06-05 11:00:00,29.459,3.8857,399.54,100.69,8.75,187.9
2024-06-05 12:00:00,30.231,3.8434,401.99,104.97,9.05,184.5
2024-06-05 13:00:00,30.032,3.88,395.2,106.15,7.89,201.5
2024-06-05 14:00:00,30.019,3.8892,402.5,101.69,7.14,174.6
2024-06-05 15:00:00,27.411,3.9155,403.4,106.17,8.41,191.1
2024-06-05 16:00:00,29.246,3.8892,396.55,102.58,6.73,187.0
2024-06-05 17:00:00,29.327,3.8913,396.8,102.64,9.22,187.2
2024-06-05 18:00:00,28.558,3.7967,406.54,103.16,6.73,167.9
2024-06-05 19:00:00,30.289,3.9031,398.25,103.37,7.54,185.2
2024-06-05 20:00:00,29.442,3.9107,402.73,105.83,8.59,184.8
2024-06-05 21:00:00,29.114,3.8628,393.45,100.73,6.87,199.5
2024-06-05 22:00:00,28.283,3.8575,397.47,102.32,7.82,201.6
2024-06-05 23:00:00,28.063,3.916,398.87,105.17,7.71,194.1
2024-06-06 00:00:00,25.442,3.962,394.48,103.24,5.93,197.5
2024-06-06 01:00:00,27.003,3.9393,400.96,103.99,8.06,182.3
2024-06-06 02:00:00,25.301,3.9259,402.04,103.83,6.01,188.2
2024-06-06 03:00:00,26.761,3.9519,396.56,101.79,7.45,181.9
2024-06-06 04:00:00,25.328,3.8858,393.85,104.66,6.9,187.1
2024-06-06 05:00:00,25.555,3.8879,398.92,104.28,8.31,191.9
2024-06-06 06:00:00,26.247,3.8756,400.7,104.45,8.42,205.0
2024-06-06 07:00:00,25.754,3.9237,399.0,101.4,7.88,178.0
2024-06-06 08:00:00,24.956,3.9155,408.56,103.68,6.75,179.2
2024-06-06 09:00:00,25.832,3.8611,400.96,102.28,7.17,181.0
2024-06-06 10:00:00,25.405,3.9329,398.26,102.8,8.49,168.9
2024-06-06 11:00:00,25.785,3.9341,400.03,103.58,8.17,185.4
2024-06-06 12:00:00,25.356,3.8784,403.19,104.05,7.76,195.2
2024-06-06 13:00:00,24.752,3.8794,393.23,106.41,8.18,186.0
2024-06-06 14:00:00,27.106,4.0166,401.86,105.6,9.71,187.8
2024-06-06 15:00:00,25.7,3.9507,403.35,100.09,8.89,183.9
2024-06-06 16:00:00,24.735,3.8417,399.02,102.54,8.12,193.0
2024-06-06 17:00:00,25.789,3.8478,402.63,103.06,8.76,180.8
2024-06-06 18:00:00,25.135,3.9111,405.09,103.22,8.94,191.8
2024-06-06 19:00:00,25.19,3.9237,401.61,105.9,6.26,216.5
2024-06-06 20:00:00,26.248,3.9377,402.54,101.87,8.85,188.2
2024-06-06 21:00:00,25.645,3.9186,398.2,104.29,7.83,196.1
2024-06-06 22:00:00,26.231,3.8891,399.17,104.26,8.22,174.4
2024-06-06 23:00:00,24.787,4.0168,398.34,104.79,8.98,202.4
2024-06-07 00:00:00,29.09,3.8681,406.43,104.3,8.33,184.3
2024-06-07 01:00:00,29.554,3.8581,402.53,102.23,7.99,199.8
2024-06-07 02:00:00,30.217,3.8187,402.34,106.92,7.76,188.8
2024-06-07 03:00:00,31.413,3.9087,394.04,105.0,10.28,211.9
2024-06-07 04:00:00,28.36,3.8965,398.93,104.68,7.5,185.7
2024-06-07 05:00:00,29.055,3.8714,401.0,102.63,7.96,183.6
2024-06-07 06:00:00,29.7,4.0022,397.21,102.91,8.56,185.0
2024-06-07 07:00:00,26.385,3.8951,396.22,104.64,7.9,182.0
2024-06-07 08:00:00,27.394,3.9336,402.62,103.71,8.04,191.2
2024-06-07 09:00:00,30.087,3.932,401.31,104.39,7.97,185.2
2024-06-07 10:00:00,30.284,3.919,404.64,103.93,7.72,195.7
2024-06-07 11:00:00,28.995,3.8402,401.08,101.81,6.99,189.1
2024-06-07 12:00:00,27.867,3.8658,401.31,101.95,7.62,183.4
2024-06-07 13:00:00,28.629,3.8855,397.1,103.25,7.63,176.5
2024-06-07 14:00:00,27.714,3.936,406.18,101.9,6.85,198.4
2024-06-07 15:00:00,29.086,3.9331,398.63,105.03,8.65,206.5
2024-06-07 16:00:00,28.666,3.8561,403.24,104.34,7.38,180.6
2024-06-07 17:00:00,29.953,3.9664,399.93,105.65,6.99,199.0
2024-06-07 18:00:00,29.149,3.9657,397.06,102.6,8.43,203.0
2024-06-07 19:00:00,28.638,3.9229,404.1,105.98,8.76,184.3
2024-06-07 20:00:00,28.92,3.924,399.8,104.66,8.13,194.0
2024-06-07 21:00:00,29.875,3.8372,400.63,103.15,7.25,194.3
2024-06-07 22:00:00,30.245,3.9213,399.52,102.85,6.47,181.7
2024-06-07 23:00:00,29.314,3.8713,402.64,104.69,7.74,185.4
2024-06-08 00:00:00,28.472,3.8303,402.81,101.28,9.19,195.6
2024-06-08 01:00:00,28.606,3.9027,400.15,105.61,9.01,186.8
2024-06-08 02:00:00,27.985,3.8442,399.63,102.46,7.68,199.1
2024-06-08 03:00:00,26.663,3.9893,394.71,106.41,9.29,185.4
2024-06-08 04:00:00,27.653,3.9281,403.45,103.32,8.45,193.9
2024-06-08 05:00:00,26.738,3.8658,400.54,102.72,8.14,195.5
2024-06-08 06:00:00,28.238,3.9507,402.41,108.26,8.77,193.9
2024-06-08 07:00:00,28.04,3.9001,401.97,106.22,8.38,204.7
2024-06-08 08:00:00,24.384,3.9376,399.51,104.93,9.23,187.6
2024-06-08 09:00:00,28.429,3.8949,399.44,101.42,7.31,202.1
2024-06-08 10:00:00,29.115,3.9047,401.26,105.72,9.08,186.7
2024-06-08 11:00:00,27.715,3.9744,395.6,103.59,7.24,184.4
2024-06-08 12:00:00,27.448,3.9211,400.25,102.85,9.42,185.0
2024-06-08 13:00:00,26.567,3.7975,400.6,104.15,6.62,184.5
2024-06-08 14:00:00,28.63,4.0,403.18,104.45,7.78,195.0
2024-06-08 15:00:00,26.57,3.9172,401.96,104.32,8.48,199.7
2024-06-08 16:00:00,27.629,3.9342,402.5,101.21,9.94,202.7
2024-06-08 17:00:00,27.125,3.8022,397.12,105.38,7.86,195.8
2024-06-08 18:00:00,28.206,3.7227,395.23,105.21,7.36,197.3
2024-06-08 19:00:00,27.183,3.8856,399.22,104.1,8.28,185.4
2024-06-08 20:00:00,26.629,3.8535,402.31,103.81,7.97,189.3
2024-06-08 21:00:00,26.879,4.0515,400.97,103.6,9.22,200.1
2024-06-08 22:00:00,29.553,3.8553,400.28,102.74,6.78,198.1
2024-06-08 23:00:00,28.485,3.8219,400.41,102.3,9.0,195.4
2024-06-09 00:00:00,27.609,3.8959,400.12,103.72,8.83,192.2
2024-06-09 01:00:00,28.957,3.895,396.91,103.17,7.47,181.6
2024-06-09 02:00:00,28.701,3.9178,396.33,102.35,8.33,190.4
2024-06-09 03:00:00,27.743,3.8933,401.29,103.11,8.97,190.9
2024-06-09 04:00:00,27.908,3.9058,399.52,101.84,7.79,199.0
2024-06-09 05:00:00,29.005,3.9699,399.72,101.76,8.9,187.1
2024-06-09 06:00:00,27.164,3.9511,397.65,104.29,6.65,179.3
2024-06-09 07:00:00,29.015,3.9485,400.67,104.28,7.51,196.5
2024-06-09 08:00:00,28.557,3.9217,399.74,104.49,8.72,195.2
2024-06-09 09:00:00,29.404,3.9565,401.86,103.9,7.5,193.6
2024-06-09 10:00:00,27.766,3.9044,400.82,101.41,8.69,199.8
2024-06-09 11:00:00,27.32,3.8239,399.5,105.78,6.55,197.2
2024-06-09 12:00:00,26.925,3.9049,402.75,102.07,8.3,185.0
2024-06-09 13:00:00,27.612,3.9762,395.76,102.96,9.27,178.5
2024-06-09 14:00:00,26.919,3.8955,402.52,105.73,7.65,185.8
2024-06-09 15:00:00,28.416,3.8207,392.51,102.88,8.24,195.4
2024-06-09 16:00:00,28.276,3.8117,400.24,103.98,8.04,191.7
2024-06-09 17:00:00,28.237,3.8718,396.22,103.17,8.69,188.7
2024-06-09 18:00:00,28.567,3.8667,395.37,101.17,9.74,177.2
2024-06-09 19:00:00,27.141,4.0034,403.11,103.83,9.4,165.1
2024-06-09 20:00:00,27.569,3.9533,404.5,105.35,6.16,185.3
2024-06-09 21:00:00,27.542,3.9323,394.69,106.06,8.73,191.1
2024-06-09 22:00:00,27.767,3.9142,401.48,105.55,7.3,182.2
2024-06-09 23:00:00,26.635,3.8483,397.83,103.08,7.87,199.3
2024-06-10 00:00:00,29.817,3.9019,401.22,102.51,8.26,175.3
2024-06-10 01:00:00,27.912,3.9217,397.84,103.64,7.06,193.7
2024-06-10 02:00:00,29.667,3.991,405.81,104.07,7.87,178.9
2024-06-10 03:00:00,28.281,3.9157,407.33,105.73,7.1,190.3
2024-06-10 04:00:00,27.829,3.9143,404.29,104.75,8.27,175.6
2024-06-10 05:00:00,26.428,3.9319,402.14,102.85,7.97,194.9
2024-06-10 06:00:00,27.883,3.8541,401.33,105.47,6.91,193.4
2024-06-10 07:00:00,30.186,3.8863,401.62,103.99,8.66,196.4
2024-06-10 08:00:00,28.243,3.8459,398.68,103.91,8.32,200.0
2024-06-10 09:00:00,27.649,3.9613,395.36,104.75,7.43,199.3
2024-06-10 10:00:00,29.008,3.9649,395.9,104.34,6.3,194.1
2024-06-10 11:00:00,27.901,3.8879,400.89,103.21,10.34,176.7
2024-06-10 12:00:00,27.534,3.8793,397.12,101.74,7.87,190.4
2024-06-10 13:00:00,27.968,3.943,397.73,104.42,8.43,195.9
2024-06-10 14:00:00,27.806,3.903,393.74,102.12,8.61,182.0
2024-06-10 15:00:00,27.981,3.8667,398.65,103.16,7.64,192.4
2024-06-10 16:00:00,28.543,3.8903,401.29,102.62,7.3,176.7
2024-06-10 17:00:00,28.652,3.8711,397.21,102.8,8.22,188.7
2024-06-10 18:00:00,29.047,3.8506,401.85,102.93,7.83,201.5
2024-06-10 19:00:00,28.665,3.8917,402.66,102.81,7.92,180.1
2024-06-10 20:00:00,27.323,3.9287,401.1,104.84,7.67,210.9
2024-06-10 21:00:00,27.205,3.9477,400.23,103.48,7.04,177.8
2024-06-10 22:00:00,29.4,3.8567,398.1,105.36,7.64,183.8
2024-06-10 23:00:00,27.915,3.8263,398.22,102.93,6.03,191.9
2024-06-11 00:00:00,30.55,3.8833,397.51,105.24,7.24,173.6
2024-06-11 01:00:00,30.446,3.8562,391.81,101.31,7.55,197.6
2024-06-11 02:00:00,28.812,3.906,401.5,104.88,7.75,203.4
2024-06-11 03:00:00,29.619,3.9521,398.69,102.1,8.75,203.6
2024-06-11 04:00:00,29.86,3.9411,399.99,103.54,7.63,191.1
2024-06-11 05:00:00,29.95,3.9449,397.34,104.2,7.61,196.6
2024-06-11 06:00:00,28.777,3.885,406.32,105.57,8.18,191.3
2024-06-11 07:00:00,29.712,3.8893,398.62,106.68,7.48,178.4
2024-06-11 08:00:00,28.672,3.9389,406.43,100.6,7.28,198.6
2024-06-11 09:00:00,29.277,3.8923,397.11,103.06,7.89,187.8
2024-06-11 10:00:00,29.125,3.9056,399.09,104.2,9.4,178.1
2024-06-11 11:00:00,29.413,3.8664,397.41,106.0,8.3,175.8
2024-06-11 12:00:00,29.115,3.8878,405.27,102.86,8.72,196.1
2024-06-11 13:00:00,29.154,3.8839,403.43,104.17,8.38,187.5
2024-06-11 14:00:00,28.905,3.8985,402.44,106.02,7.96,200.3
2024-06-11 15:00:00,30.619,3.9141,401.91,103.39,9.08,197.4
2024-06-11 16:00:00,28.799,3.8708,399.42,103.43,7.66,182.0
2024-06-11 17:00:00,29.318,3.9475,398.74,105.63,8.12,188.7
2024-06-11 18:00:00,28.499,3.9157,396.83,105.75,8.55,179.3
2024-06-11 19:00:00,28.597,3.8562,402.03,106.71,8.22,184.9
2024-06-11 20:00:00,28.488,3.8599,395.33,103.65,7.2,210.3
2024-06-11 21:00:00,28.124,3.9368,398.48,104.92,7.17,200.1
2024-06-11 22:00:00,29.986,3.9808,394.33,105.5,8.53,181.1
2024-06-11 23:00:00,29.728,3.9511,400.78,106.18,8.01,188.4
2024-06-12 00:00:00,25.475,3.7284,405.39,103.44,9.35,191.9
2024-06-12 01:00:00,26.185,3.8237,395.72,105.97,8.29,182.0
2024-06-12 02:00:00,26.328,3.8823,397.6,105.98,7.61,193.6
2024-06-12 03:00:00,26.232,3.9445,400.22,102.41,8.36,197.5
2024-06-12 04:00:00,25.118,3.8415,399.41,105.5,8.53,190.7
2024-06-12 05:00:00,27.215,3.9588,396.71,104.66,7.74,188.1
2024-06-12 06:00:00,26.998,3.8885,403.49,104.35,8.69,194.9
2024-06-12 07:00:00,27.093,3.9095,402.94,103.83,7.68,177.9
2024-06-12 08:00:00,26.043,4.0071,400.62,104.41,8.21,194.5
2024-06-12 09:00:00,27.759,4.0231,402.57,104.9,7.52,188.5
2024-06-12 10:00:00,27.773,3.892,397.75,103.1,8.25,176.8
2024-06-12 11:00:00,26.473,3.8632,403.76,103.76,7.96,188.3
2024-06-12 12:00:00,26.559,3.9356,401.2,105.64,8.46,197.6
2024-06-12 13:00:00,27.583,3.8472,397.85,104.61,8.14,187.2
2024-06-12 14:00:00,25.363,3.8911,400.36,101.11,7.58,215.9
2024-06-12 15:00:00,27.051,3.9096,402.76,102.45,7.84,179.6
2024-06-12 16:00:00,25.879,3.8655,401.91,102.77,9.26,193.1
2024-06-12 17:00:00,26.94,3.8772,393.48,104.27,9.12,188.1
2024-06-12 18:00:00,26.349,3.9553,398.5,100.97,9.38,197.9
2024-06-12 19:00:00,25.772,3.8662,401.6,102.92,8.1,216.4
2024-06-12 20:00:00,27.287,3.9571,398.56,102.27,7.42,188.6
2024-06-12 21:00:00,25.872,3.9456,400.52,102.64,7.69,199.4
2024-06-12 22:00:00,26.508,3.9354,400.91,101.42,9.22,186.3
2024-06-12 23:00:00,27.075,3.8049,398.76,105.34,8.86,184.2
2024-06-13 00:00:00,28.56,3.8767,402.41,105.74,8.39,198.9
2024-06-13 01:00:00,28.809,3.837,403.94,105.01,9.1,203.7
2024-06-13 02:00:00,27.558,3.8378,400.92,105.84,8.03,178.8
2024-06-13 03:00:00,28.097,3.9652,399.77,105.17,8.12,173.4
2024-06-13 04:00:00,26.428,3.8234,400.54,103.67,7.56,194.3
2024-06-13 05:00:00,28.444,3.8849,404.35,105.9,8.06,181.2
2024-06-13 06:00:00,28.763,3.8499,399.09,104.56,8.96,191.7
2024-06-13 07:00:00,27.879,3.9564,403.24,103.09,7.92,192.8
2024-06-13 08:00:00,27.4,3.9268,399.76,103.28,8.45,185.1
2024-06-13 09:00:00,27.879,3.8727,401.99,103.68,8.38,200.1
2024-06-13 10:00:00,27.602,3.8855,397.14,102.28,9.99,185.1
2024-06-13 11:00:00,28.218,3.893,397.82,102.02,8.31,198.8
2024-06-13 12:00:00,27.656,3.7894,398.96,103.98,7.08,204.4
2024-06-13 13:00:00,28.787,3.8745,405.34,104.64,8.53,179.0
2024-06-13 14:00:00,27.571,3.8259,397.35,107.75,8.04,186.8
2024-06-13 15:00:00,28.539,3.8471,399.34,105.89,8.81,188.7
2024-06-13 16:00:00,28.194,3.9163,399.0,100.89,7.68,180.1
2024-06-13 17:00:00,26.587,3.8086,401.71,104.75,7.74,186.1
2024-06-13 18:00:00,27.812,3.8671,398.01,103.86,7.21,183.5
2024-06-13 19:00:00,28.957,3.8728,396.78,102.71,8.72,178.7
2024-06-13 20:00:00,27.49,3.9943,400.79,101.67,8.29,196.8
2024-06-13 21:00:00,27.427,3.9739,405.25,104.53,7.5,190.8
2024-06-13 22:00:00,27.005,3.8804,402.02,103.49,7.28,187.6
2024-06-13 23:00:00,27.836,3.844,399.92,102.92,7.78,184.5
2024-06-14 00:00:00,30.227,3.8358,400.82,104.54,9.84,203.4
2024-06-14 01:00:00,29.628,3.9365,399.64,102.82,6.61,204.0
2024-06-14 02:00:00,28.571,3.9921,402.3,103.48,8.15,193.0
2024-06-14 03:00:00,28.144,3.884,399.96,103.87,7.98,188.1
2024-06-14 04:00:00,28.857,3.9062,396.87,105.46,8.78,198.3
2024-06-14 05:00:00,27.612,3.8447,400.35,101.79,7.53,192.1
2024-06-14 06:00:00,26.027,3.9645,404.37,101.88,7.43,184.1
2024-06-14 07:00:00,29.043,3.8935,397.83,103.78,7.97,184.8
2024-06-14 08:00:00,29.485,3.8123,406.13,104.94,8.61,180.6
2024-06-14 09:00:00,28.236,3.9024,401.98,106.42,8.19,194.9
2024-06-14 10:00:00,29.607,3.8612,393.14,105.72,8.67,183.2
2024-06-14 11:00:00,28.485,3.9065,395.98,104.53,8.33,194.5
2024-06-14 12:00:00,28.205,3.9223,396.47,102.31,7.99,171.4
2024-06-14 13:00:00,28.163,3.8411,401.2,103.43,7.08,200.3
2024-06-14 14:00:00,28.402,3.8833,397.08,103.71,8.77,197.7
2024-06-14 15:00:00,29.951,3.9118,401.3,103.03,8.02,189.3
2024-06-14 16:00:00,28.479,3.8844,399.25,105.03,8.74,184.6
2024-06-14 17:00:00,28.854,3.9734,403.9,104.55,8.5,184.8
2024-06-14 18:00:00,30.054,3.8998,395.76,103.59,9.59,191.3
2024-06-14 19:00:00,27.706,3.9413,398.12,106.9,9.12,172.6
2024-06-14 20:00:00,28.571,3.9215,400.76,104.62,7.73,187.7
2024-06-14 21:00:00,30.025,3.8665,400.26,107.15,8.44,194.6
2024-06-14 22:00:00,28.857,3.9835,399.27,103.18,8.56,190.3
2024-06-14 23:00:00,30.442,3.9752,397.08,102.07,7.35,182.6
2024-06-15 00:00:00,28.007,3.8812,397.01,107.36,6.66,177.6
2024-06-15 01:00:00,27.213,3.7935,395.47,103.27,9.08,189.5
2024-06-15 02:00:00,26.157,3.8871,405.75,104.91,8.05,203.8
2024-06-15 03:00:00,26.883,3.893,393.0,105.77,8.55,184.4
2024-06-15 04:00:00,27.298,3.904,401.97,103.29,7.54,201.5
2024-06-15 05:00:00,26.214,3.8921,397.07,104.51,9.35,197.8
2024-06-15 06:00:00,28.132,3.851,394.21,103.26,8.69,183.4
2024-06-15 07:00:00,26.174,3.9108,398.88,100.69,8.35,182.4
2024-06-15 08:00:00,26.226,3.9321,401.88,104.46,8.33,176.5
2024-06-15 09:00:00,26.882,3.9221,392.02,100.89,8.65,201.4
2024-06-15 10:00:00,28.318,3.8515,405.17,102.63,7.7,185.5
2024-06-15 11:00:00,27.141,3.9504,407.23,103.23,8.18,174.0
2024-06-15 12:00:00,27.575,3.8464,402.25,103.21,7.58,203.3
2024-06-15 13:00:00,26.81,3.8101,400.68,103.05,7.74,194.0
2024-06-15 14:00:00,28.55,3.9872,396.77,104.06,9.74,179.0
2024-06-15 15:00:00,26.646,3.8307,399.27,102.32,7.38,174.9
2024-06-15 16:00:00,28.137,3.8925,402.91,105.38,7.68,203.3
2024-06-15 17:00:00,27.726,3.8695,399.53,105.42,6.78,187.7
2024-06-15 18:00:00,27.8,3.8827,397.64,107.38,6.26,196.1
2024-06-15 19:00:00,27.909,3.942,399.02,106.19,7.68,178.8
2024-06-15 20:00:00,26.771,3.8923,399.8,106.58,6.37,195.2
2024-06-15 21:00:00,28.116,3.8394,399.79,103.07,7.12,214.3
2024-06-15 22:00:00,25.593,3.9311,399.72,103.05,8.79,190.1
2024-06-15 23:00:00,28.781,3.9549,399.7,104.09,8.21,168.6
2024-06-16 00:00:00,27.669,3.8972,398.6,105.92,8.79,194.8
2024-06-16 01:00:00,27.752,3.8998,400.94,106.46,8.63,189.3
2024-06-16 02:00:00,27.855,3.911,399.63,103.77,8.72,196.8
2024-06-16 03:00:00,27.397,3.9344,399.39,103.86,7.12,219.7
2024-06-16 04:00:00,27.046,3.9304,399.29,103.95,6.47,194.8
2024-06-16 05:00:00,27.964,3.9454,404.09,105.5,8.16,184.2
2024-06-16 06:00:00,27.41,3.9565,407.74,102.93,8.27,198.8
2024-06-16 07:00:00,26.104,3.8867,403.5,104.84,8.42,198.2
2024-06-16 08:00:00,27.056,3.8952,399.66,103.57,8.71,180.8
2024-06-16 09:00:00,27.996,3.8964,399.9,103.2,7.87,179.0
2024-06-16 10:00:00,25.804,3.8802,399.4,102.68,7.82,195.4
2024-06-16 11:00:00,27.539,3.8806,400.88,104.87,7.9,178.3
2024-06-16 12:00:00,25.839,3.9748,398.83,105.28,6.44,180.0
2024-06-16 13:00:00,25.556,3.9253,401.1,101.73,7.85,202.9
2024-06-16 14:00:00,27.124,3.9865,400.43,102.44,8.16,162.9
2024-06-16 15:00:00,25.563,3.9562,403.53,106.14,8.87,195.9
2024-06-16 16:00:00,27.009,3.9015,402.67,104.09,7.26,181.6
2024-06-16 17:00:00,26.335,3.9676,403.08,104.15,7.52,206.5
2024-06-16 18:00:00,25.998,3.9239,402.72,105.3,8.92,188.4
2024-06-16 19:00:00,27.542,3.8461,400.79,104.32,7.74,186.1
2024-06-16 20:00:00,28.247,3.8117,404.55,100.86,7.67,180.0
2024-06-16 21:00:00,26.933,3.923,395.54,106.65,6.95,193.7
2024-06-16 22:00:00,27.977,3.9342,401.28,104.23,7.72,186.9
2024-06-16 23:00:00,26.883,3.8435,398.17,104.33,9.77,188.0
2024-06-17 00:00:00,27.516,3.7967,396.98,103.32,8.95,187.8
2024-06-17 01:00:00,26.143,3.885,400.41,102.17,6.59,195.6
2024-06-17 02:00:00,27.307,3.8569,398.59,105.02,8.61,184.2
2024-06-17 03:00:00,26.568,3.8512,397.49,101.39,7.59,185.9
2024-06-17 04:00:00,27.849,3.7426,401.5,105.68,8.35,173.0
2024-06-17 05:00:00,25.584,3.8641,399.33,102.93,8.21,192.2
2024-06-17 06:00:00,26.975,3.8372,397.7,102.27,7.3,188.5
2024-06-17 07:00:00,27.797,3.9279,400.42,102.08,7.55,190.1
2024-06-17 08:00:00,26.485,3.8577,402.04,105.77,7.28,201.8
2024-06-17 09:00:00,27.023,3.8084,402.95,106.31,7.87,191.0
2024-06-17 10:00:00,27.201,3.9327,396.18,102.66,8.34,189.6
2024-06-17 11:00:00,28.254,3.9647,401.56,103.09,7.62,173.1
2024-06-17 12:00:00,28.115,3.7978,393.8,105.45,7.15,181.8
2024-06-17 13:00:00,27.713,3.8934,404.56,102.6,7.43,180.5
2024-06-17 14:00:00,27.124,3.942,402.6,107.18,9.14,183.6
2024-06-17 15:00:00,26.739,3.9318,403.79,105.03,8.57,207.4
2024-06-17 16:00:00,26.829,3.8995,403.94,102.03,6.82,185.0
2024-06-17 17:00:00,27.112,3.9053,405.63,104.61,6.29,206.1
2024-06-17 18:00:00,28.18,3.9645,402.88,101.82,6.67,210.3
2024-06-17 19:00:00,28.302,3.8398,400.54,103.39,9.33,169.1
2024-06-17 20:00:00,28.143,3.8891,400.53,104.52,7.49,193.3
2024-06-17 21:00:00,25.097,3.9079,400.57,105.47,8.02,215.6
2024-06-17 22:00:00,28.12,3.9829,402.4,105.81,8.37,218.6
2024-06-17 23:00:00,25.489,3.9804,401.05,104.33,6.94,184.6
2024-06-18 00:00:00,26.717,3.9844,403.2,105.14,7.97,198.0
2024-06-18 01:00:00,27.89,3.9106,399.12,103.88,7.97,217.5
2024-06-18 02:00:00,26.348,3.981,398.12,104.63,8.23,178.5
2024-06-18 03:00:00,26.554,3.92,401.25,102.64,7.99,190.0
2024-06-18 04:00:00,27.203,3.9161,403.27,100.85,7.76,192.2
2024-06-18 05:00:00,26.56,3.9216,397.58,100.43,8.09,205.5
2024-06-18 06:00:00,26.57,3.9332,398.64,105.86,7.21,182.2
2024-06-18 07:00:00,26.919,3.9262,401.17,106.42,7.86,170.8
2024-06-18 08:00:00,27.441,3.8681,399.61,104.65,7.67,202.5
2024-06-18 09:00:00,27.783,3.923,402.34,103.16,8.29,194.9
2024-06-18 10:00:00,27.519,3.9158,401.64,105.46,7.69,195.5
2024-06-18 11:00:00,28.359,3.7904,400.06,106.81,7.64,174.4
2024-06-18 12:00:00,27.358,3.9166,399.3,103.76,8.61,179.8
2024-06-18 13:00:00,27.531,3.8461,401.36,105.83,8.67,196.2
2024-06-18 14:00:00,28.277,3.9042,408.18,106.06,7.21,184.2
2024-06-18 15:00:00,27.332,3.9605,406.73,101.73,7.59,189.8
2024-06-18 16:00:00,27.311,3.8635,396.63,103.85,8.52,203.6
2024-06-18 17:00:00,26.823,3.7935,401.29,105.36,8.6,202.5
2024-06-18 18:00:00,28.565,3.864,395.91,102.8,9.09,184.3
2024-06-18 19:00:00,26.641,3.8213,396.67,102.03,8.3,180.5
2024-06-18 20:00:00,26.629,3.9269,403.27,100.75,7.89,194.8
2024-06-18 21:00:00,27.544,3.8873,400.0,104.55,7.27,198.9
2024-06-18 22:00:00,26.507,3.9022,400.99,102.52,7.92,213.5
2024-06-18 23:00:00,26.284,3.851,398.19,102.25,7.88,196.9
2024-06-19 00:00:00,29.658,3.925,399.05,104.6,8.44,199.8
2024-06-19 01:00:00,28.169,3.8394,395.17,104.01,8.45,175.7
2024-06-19 02:00:00,26.711,3.985,405.36,104.12,8.06,193.9
2024-06-19 03:00:00,27.456,3.8954,398.19,104.79,7.71,181.5
2024-06-19 04:00:00,27.946,3.8907,396.18,104.41,8.13,189.1
2024-06-19 05:00:00,30.165,3.8096,399.08,103.42,7.63,183.8
2024-06-19 06:00:00,29.086,3.9179,398.22,106.36,7.96,194.5
2024-06-19 07:00:00,29.29,3.9103,403.98,106.64,9.36,170.0
2024-06-19 08:00:00,28.12,3.803,400.99,106.95,8.77,182.6
2024-06-19 09:00:00,29.318,3.8923,403.88,105.48,8.01,177.3
2024-06-19 10:00:00,28.467,3.9092,402.29,107.22,8.53,200.1
2024-06-19 11:00:00,28.615,3.9356,399.61,104.73,7.53,201.4
2024-06-19 12:00:00,29.761,3.922,405.46,102.67,7.88,178.4
2024-06-19 13:00:00,28.407,3.9512,400.77,105.15,8.78,204.6
2024-06-19 14:00:00,28.785,3.9187,403.79,104.26,7.89,172.5
2024-06-19 15:00:00,27.63,3.9602,396.46,102.15,7.43,183.4
2024-06-19 16:00:00,27.36,3.8386,395.96,102.45,8.22,187.8
2024-06-19 17:00:00,27.796,3.884,399.73,104.73,8.03,191.2
2024-06-19 18:00:00,28.48,3.8469,398.27,103.5,7.75,202.3
2024-06-19 19:00:00,28.081,3.8899,398.65,103.3,8.68,174.8
2024-06-19 20:00:00,27.74,4.0132,396.74,106.07,7.52,178.8
2024-06-19 21:00:00,30.443,3.8274,396.27,107.45,7.89,206.8
2024-06-19 22:00:00,27.455,4.0715,399.64,105.26,8.21,198.2
2024-06-19 23:00:00,28.979,3.8746,396.45,104.52,9.02,205.5
2024-06-20 00:00:00,26.679,3.9653,399.49,103.98,8.75,176.5
2024-06-20 01:00:00,26.583,3.8236,401.68,103.77,4.91,180.0
2024-06-20 02:00:00,25.063,3.9531,399.53,106.63,8.87,190.6
2024-06-20 03:00:00,25.698,3.8797,399.03,102.74,7.63,196.5
2024-06-20 04:00:00,26.953,3.9897,398.99,105.56,7.8,177.3
2024-06-20 05:00:00,23.672,3.8238,402.09,106.16,10.21,208.8
2024-06-20 06:00:00,25.184,3.8695,405.16,103.78,6.49,179.9
2024-06-20 07:00:00,26.812,3.866,398.87,105.02,7.04,179.1
2024-06-20 08:00:00,27.208,4.0436,399.42,104.42,7.71,192.7
2024-06-20 09:00:00,26.0,3.8454,404.41,103.38,8.38,182.2
2024-06-20 10:00:00,27.193,3.8755,400.59,103.38,9.19,201.5
2024-06-20 11:00:00,25.562,3.7794,393.89,102.9,7.27,207.3
2024-06-20 12:00:00,28.215,3.9582,402.82,104.8,8.08,199.0
2024-06-20 13:00:00,26.382,3.8883,401.89,104.35,7.84,188.0
2024-06-20 14:00:00,25.793,3.8918,399.3,106.42,9.48,184.2
2024-06-20 15:00:00,26.012,3.8348,398.37,106.49,7.41,182.4
2024-06-20 16:00:00,25.36,3.8842,401.61,104.15,9.26,194.8
2024-06-20 17:00:00,26.039,3.9567,401.13,102.58,7.65,203.4
2024-06-20 18:00:00,26.238,3.9116,399.97,104.06,8.69,188.1
2024-06-20 19:00:00,24.192,3.8292,396.67,105.6,8.67,190.2
2024-06-20 20:00:00,25.367,3.9147,400.81,107.05,8.83,183.9
2024-06-20 21:00:00,26.383,3.8596,394.54,103.51,7.27,181.7
2024-06-20 22:00:00,25.391,3.8987,397.68,103.39,7.39,189.5
2024-06-20 23:00:00,24.215,3.8933,400.61,104.77,7.58,204.5
2024-06-21 00:00:00,31.881,3.8963,396.62,102.28,6.58,178.7
2024-06-21 01:00:00,31.019,3.8488,403.01,104.75,7.74,204.8
2024-06-21 02:00:00,32.304,3.8935,401.85,103.13,6.33,204.9
2024-06-21 03:00:00,31.975,3.885,401.96,108.53,7.62,194.1
2024-06-21 04:00:00,32.087,3.8731,398.78,105.01,8.77,193.7
2024-06-21 05:00:00,34.004,3.9134,394.34,105.02,9.02,184.6
2024-06-21 06:00:00,30.949,3.9672,408.14,102.25,8.54,196.6
2024-06-21 07:00:00,31.395,3.9033,395.94,105.05,8.09,193.3
2024-06-21 08:00:00,33.545,3.8542,400.26,104.19,9.22,171.4
2024-06-21 09:00:00,31.728,3.8384,397.45,104.95,8.42,182.5
2024-06-21 10:00:00,32.842,3.8526,399.72,101.6,7.79,198.3
2024-06-21 11:00:00,33.297,3.8956,402.09,103.23,7.94,199.1
2024-06-21 12:00:00,32.889,3.8257,399.84,105.17,8.68,199.1
2024-06-21 13:00:00,31.858,3.8766,399.01,101.63,6.77,195.8
2024-06-21 14:00:00,31.921,3.8443,402.63,103.49,7.6,178.9
2024-06-21 15:00:00,33.362,3.8594,401.95,103.99,7.81,184.9
2024-06-21 16:00:00,30.915,3.9409,399.9,103.02,7.04,178.2
2024-06-21 17:00:00,32.294,3.9256,397.37,103.84,7.12,213.3
2024-06-21 18:00:00,32.236,3.85,395.16,106.09,8.44,200.5
2024-06-21 19:00:00,32.791,3.8656,400.71,103.49,7.55,192.2
2024-06-21 20:00:00,32.881,3.9718,402.2,104.94,9.47,185.3
2024-06-21 21:00:00,31.13,3.8899,396.05,103.35,7.01,206.0
2024-06-21 22:00:00,32.83,3.9153,397.42,105.16,7.98,199.4
2024-06-21 23:00:00,32.375,3.9642,397.01,102.34,7.48,201.1
2024-06-22 00:00:00,27.385,3.9124,397.93,102.52,7.68,215.1
2024-06-22 01:00:00,26.653,3.8943,399.03,106.01,7.91,192.5
2024-06-22 02:00:00,26.187,4.0148,399.51,103.16,9.11,184.0
2024-06-22 03:00:00,26.227,3.9852,399.27,104.55,9.17,193.5
2024-06-22 04:00:00,27.169,3.8477,401.66,102.27,8.09,199.4
2024-06-22 05:00:00,25.842,3.8988,403.56,103.12,6.78,180.3
2024-06-22 06:00:00,26.756,3.9168,397.97,106.94,9.27,190.7
2024-06-22 07:00:00,26.01,3.8476,397.59,104.91,7.04,181.8
2024-06-22 08:00:00,26.135,3.9475,396.69,102.67,7.94,187.7
2024-06-22 09:00:00,26.975,3.9693,402.0,103.94,6.52,198.2
2024-06-22 10:00:00,25.312,3.8517,399.67,103.59,9.2,181.6
2024-06-22 11:00:00,26.231,3.9062,401.62,101.67,8.39,193.1
2024-06-22 12:00:00,26.659,3.92,396.04,104.0,8.74,176.3
2024-06-22 13:00:00,26.855,3.8879,399.32,102.9,7.76,199.0
2024-06-22 14:00:00,26.065,3.8984,396.25,103.71,7.14,191.9
2024-06-22 15:00:00,26.093,3.9489,396.47,105.56,7.79,189.1
2024-06-22 16:00:00,25.037,3.8832,400.58,101.54,8.14,192.4
2024-06-22 17:00:00,26.212,3.9794,401.18,103.12,8.21,187.4
2024-06-22 18:00:00,26.772,3.8775,397.45,102.07,9.08,192.3
2024-06-22 19:00:00,27.429,3.9069,394.81,102.17,8.62,189.0
2024-06-22 20:00:00,25.683,3.8757,395.91,103.43,8.31,191.4
2024-06-22 21:00:00,25.545,3.9541,400.0,104.02,7.57,196.7
2024-06-22 22:00:00,26.825,3.8206,400.23,104.05,8.54,203.3
2024-06-22 23:00:00,26.086,3.857,396.77,104.56,8.39,181.4
2024-06-23 00:00:00,29.95,3.8608,395.94,104.75,9.75,204.1
2024-06-23 01:00:00,29.333,3.8377,398.72,102.65,7.07,190.7
2024-06-23 02:00:00,27.56,3.9155,400.43,105.36,8.8,201.1
2024-06-23 03:00:00,28.035,3.8378,399.82,103.18,9.26,205.7
2024-06-23 04:00:00,28.31,3.9764,399.1,104.89,7.41,200.6
2024-06-23 05:00:00,28.786,3.8721,404.26,105.94,9.0,176.6
2024-06-23 06:00:00,27.761,3.9105,401.25,103.66,9.64,195.6
2024-06-23 07:00:00,27.587,3.9047,397.91,107.93,9.4,189.7
2024-06-23 08:00:00,26.844,3.8761,401.36,103.85,8.62,173.7
2024-06-23 09:00:00,26.541,3.9112,398.51,106.43,7.57,179.4
2024-06-23 10:00:00,27.85,3.8486,399.52,105.88,7.78,177.4
2024-06-23 11:00:00,27.509,3.9338,398.49,104.83,8.66,184.6
2024-06-23 12:00:00,28.66,3.9576,401.64,104.91,7.73,191.9
2024-06-23 13:00:00,28.959,3.9543,401.05,107.91,7.27,198.8
2024-06-23 14:00:00,27.953,3.8817,404.36,104.55,7.42,183.4
2024-06-23 15:00:00,27.683,3.911,399.94,103.91,8.3,199.4
2024-06-23 16:00:00,28.278,3.9994,403.44,103.16,8.11,196.5
2024-06-23 17:00:00,27.159,3.9024,403.99,102.72,9.45,193.4
2024-06-23 18:00:00,29.182,3.9016,394.78,103.49,8.94,201.0
2024-06-23 19:00:00,29.165,3.881,401.42,105.71,7.28,184.9
2024-06-23 20:00:00,27.439,3.9775,400.57,104.13,6.29,201.4
2024-06-23 21:00:00,27.413,3.9014,399.27,104.25,8.73,191.7
2024-06-23 22:00:00,26.96,3.9116,404.39,105.05,8.54,182.0
2024-06-23 23:00:00,28.077,3.9315,400.27,106.31,9.7,188.9
2024-06-24 00:00:00,25.636,3.7697,400.29,103.34,7.88,190.9
2024-06-24 01:00:00,27.38,3.9177,398.7,105.27,9.3,176.0
2024-06-24 02:00:00,26.955,3.9174,397.05,103.59,7.86,193.4
2024-06-24 03:00:00,28.88,3.9254,398.72,105.44,9.59,202.3
2024-06-24 04:00:00,26.84,3.866,400.34,103.17,7.83,166.4
2024-06-24 05:00:00,27.439,3.8464,397.08,103.46,7.68,188.3
2024-06-24 06:00:00,27.8,3.916,409.1,102.93,8.41,193.6
2024-06-24 07:00:00,25.664,3.955,402.66,102.94,8.26,189.4
2024-06-24 08:00:00,28.359,3.8649,399.87,102.56,8.12,181.2
2024-06-24 09:00:00,25.274,3.8447,394.26,104.95,8.01,187.0
2024-06-24 10:00:00,27.141,3.902,397.45,104.29,8.89,182.5
2024-06-24 11:00:00,26.324,3.9657,400.99,106.3,8.55,186.3
2024-06-24 12:00:00,28.542,3.9757,393.88,104.76,8.4,193.1
2024-06-24 13:00:00,28.017,3.8943,398.78,104.93,8.22,171.4
2024-06-24 14:00:00,27.472,3.8204,402.4,102.75,7.87,181.2
2024-06-24 15:00:00,26.442,4.0148,400.36,104.52,9.02,198.2
2024-06-24 16:00:00,26.309,3.8574,395.23,102.65,7.72,201.8
2024-06-24 17:00:00,27.405,3.9337,397.53,104.15,9.33,184.9
2024-06-24 18:00:00,27.427,3.9353,397.61,104.22,9.35,187.9
2024-06-24 19:00:00,28.234,3.8889,400.81,104.93,7.81,189.6
2024-06-24 20:00:00,27.514,3.9018,401.24,103.77,8.78,184.2
2024-06-24 21:00:00,26.606,3.9499,403.79,103.86,8.32,197.5
2024-06-24 22:00:00,27.812,3.8575,400.52,104.48,7.15,207.5
2024-06-24 23:00:00,27.858,3.9741,402.42,105.05,7.85,182.1
2024-06-25 00:00:00,27.713,3.7986,403.79,104.77,7.61,186.1
2024-06-25 01:00:00,27.516,3.9064,396.23,101.99,9.04,183.3
2024-06-25 02:00:00,27.665,3.9621,398.36,105.81,8.37,195.8
2024-06-25 03:00:00,26.394,3.8605,398.83,105.55,7.66,186.6
2024-06-25 04:00:00,28.133,4.0142,402.28,104.74,8.06,179.5
2024-06-25 05:00:00,28.201,3.8562,393.17,103.73,8.86,185.0
2024-06-25 06:00:00,27.963,3.9325,403.5,104.55,7.85,197.2
2024-06-25 07:00:00,27.572,3.9411,401.17,105.14,7.54,196.6
2024-06-25 08:00:00,28.233,3.8923,397.01,101.72,6.78,195.8
2024-06-25 09:00:00,27.708,3.9113,402.52,103.81,7.36,198.2
2024-06-25 10:00:00,25.947,3.8255,403.1,102.32,7.24,187.0
2024-06-25 11:00:00,27.1,3.9032,399.56,99.12,8.87,193.9
2024-06-25 12:00:00,27.678,3.8304,404.06,103.73,9.38,213.0
2024-06-25 13:00:00,28.881,4.0018,398.73,99.74,7.96,204.0
2024-06-25 14:00:00,28.181,3.8304,403.29,104.25,8.27,186.6
2024-06-25 15:00:00,27.771,3.8428,397.77,105.8,9.11,180.8
2024-06-25 16:00:00,27.056,3.925,400.4,107.09,7.91,174.3
2024-06-25 17:00:00,26.826,3.9767,400.39,104.17,7.34,185.6
2024-06-25 18:00:00,28.1,3.8923,401.71,102.74,8.25,203.6
2024-06-25 19:00:00,28.478,3.8946,399.14,102.73,8.36,180.7
2024-06-25 20:00:00,28.541,3.9414,402.37,107.15,9.61,202.4
2024-06-25 21:00:00,27.716,3.8573,402.14,103.54,7.56,184.1
2024-06-25 22:00:00,27.99,3.9791,398.68,104.89,8.74,207.8
2024-06-25 23:00:00,26.286,3.9075,398.15,104.45,7.36,179.5
2024-06-26 00:00:00,28.751,3.9129,398.86,106.3,8.17,172.2
2024-06-26 01:00:00,27.911,3.885,403.85,104.62,8.97,207.8
2024-06-26 02:00:00,27.149,3.8078,396.52,104.12,8.03,197.9
2024-06-26 03:00:00,27.911,3.9471,398.75,103.53,7.16,169.8
2024-06-26 04:00:00,25.867,3.8929,399.33,107.48,7.23,192.0
2024-06-26 05:00:00,26.483,3.8744,399.57,102.92,7.42,195.4
2024-06-26 06:00:00,28.411,3.8727,401.66,102.89,6.79,188.5
2024-06-26 07:00:00,24.709,3.8196,402.87,106.23,8.01,182.9
2024-06-26 08:00:00,27.589,3.935,401.34,104.0,7.61,197.9
2024-06-26 09:00:00,27.569,3.8817,403.68,104.06,8.2,172.2
2024-06-26 10:00:00,26.988,3.8619,399.3,103.64,8.21,181.4
2024-06-26 11:00:00,26.442,3.926,397.04,103.9,8.97,183.1
2024-06-26 12:00:00,25.343,3.8537,395.79,102.46,8.62,173.2
2024-06-26 13:00:00,26.319,3.8881,399.99,104.53,8.1,183.2
2024-06-26 14:00:00,26.579,3.8287,402.51,103.47,9.39,189.5
2024-06-26 15:00:00,25.498,3.9392,398.72,103.98,8.14,178.2
2024-06-26 16:00:00,27.466,3.8806,403.36,102.22,7.02,195.7
2024-06-26 17:00:00,26.385,3.8902,402.19,103.21,7.09,189.4
2024-06-26 18:00:00,26.946,3.8928,398.53,102.66,7.84,189.4
2024-06-26 19:00:00,27.062,4.0056,399.36,103.9,8.4,185.2
2024-06-26 20:00:00,25.985,3.8432,396.65,104.22,8.38,196.7
2024-06-26 21:00:00,27.81,3.9197,403.43,105.1,8.56,192.6
2024-06-26 22:00:00,28.205,4.0187,394.85,104.29,8.43,184.5
2024-06-26 23:00:00,26.923,3.8673,399.18,103.22,8.86,185.6
2024-06-27 00:00:00,27.171,3.9321,397.79,104.59,9.46,179.7
2024-06-27 01:00:00,28.911,3.9587,396.15,106.48,10.01,196.1
2024-06-27 02:00:00,28.235,3.955,401.36,105.12,8.36,190.2
2024-06-27 03:00:00,27.223,3.9784,398.65,104.92,8.82,180.8
2024-06-27 04:00:00,28.411,3.9247,400.88,106.17,8.25,185.9
2024-06-27 05:00:00,28.662,3.9795,398.9,102.61,8.76,196.8
2024-06-27 06:00:00,27.1,3.8295,396.87,103.68,8.53,205.7
2024-06-27 07:00:00,29.719,3.972,400.34,106.54,8.79,180.3
2024-06-27 08:00:00,29.499,3.8732,397.95,102.61,7.26,192.1
2024-06-27 09:00:00,28.628,3.8604,399.43,106.05,7.12,194.9
2024-06-27 10:00:00,27.179,3.9579,400.83,104.55,7.07,204.8
2024-06-27 11:00:00,28.572,4.0426,399.35,103.27,8.21,193.3
2024-06-27 12:00:00,28.547,3.8691,396.55,103.98,8.21,196.6
2024-06-27 13:00:00,28.624,4.0691,403.14,104.63,8.68,199.0
2024-06-27 14:00:00,28.269,3.8148,398.89,103.8,7.95,183.6
2024-06-27 15:00:00,26.649,3.9068,404.9,104.0,9.06,182.0
2024-06-27 16:00:00,27.79,3.8667,397.82,104.92,7.72,190.6
2024-06-27 17:00:00,26.797,3.8925,397.86,103.7,9.11,189.0
2024-06-27 18:00:00,28.233,3.9143,396.75,102.94,8.75,196.7
2024-06-27 19:00:00,28.313,3.8863,399.25,102.71,9.47,188.3
2024-06-27 20:00:00,29.298,3.9033,395.34,105.41,5.98,177.4
2024-06-27 21:00:00,26.889,3.8059,399.86,103.73,9.12,185.8
2024-06-27 22:00:00,27.871,3.8866,396.58,102.74,6.42,199.0
2024-06-27 23:00:00,26.9,3.8921,397.21,104.71,8.83,181.5
2024-06-28 00:00:00,27.281,3.9228,398.74,103.81,8.34,208.4
2024-06-28 01:00:00,25.529,3.8023,397.15,104.07,7.48,177.6
2024-06-28 02:00:00,24.926,3.9433,400.04,104.36,7.59,190.2
2024-06-28 03:00:00,23.232,3.9265,400.61,107.36,7.89,213.8
2024-06-28 04:00:00,26.549,3.8586,397.03,102.51,8.97,197.0
2024-06-28 05:00:00,25.968,3.947,399.2,103.62,7.72,173.9
2024-06-28 06:00:00,25.884,3.891,401.05,102.98,7.44,202.9
2024-06-28 07:00:00,25.705,3.8827,398.11,104.91,8.49,187.9
2024-06-28 08:00:00,25.242,3.8929,405.53,103.1,7.7,199.6
2024-06-28 09:00:00,26.72,3.882,398.26,105.91,8.15,186.3
2024-06-28 10:00:00,26.221,3.8494,396.94,106.15,7.95,179.2
2024-06-28 11:00:00,27.001,3.9068,402.8,103.64,8.53,195.9
2024-06-28 12:00:00,25.325,3.9192,403.07,102.98,7.53,177.0
2024-06-28 13:00:00,26.042,3.8883,399.46,103.03,9.9,195.0
2024-06-28 14:00:00,25.315,3.9399,395.54,105.25,9.12,168.0
2024-06-28 15:00:00,26.569,3.8574,399.14,105.25,7.11,211.4
2024-06-28 16:00:00,25.56,3.9713,403.92,104.69,8.06,194.0
2024-06-28 17:00:00,26.484,3.9348,393.65,104.38,8.21,211.5
2024-06-28 18:00:00,26.022,3.9258,394.65,102.48,7.47,191.4
2024-06-28 19:00:00,24.93,3.9348,399.64,100.89,9.01,194.4
2024-06-28 20:00:00,27.067,3.8477,399.04,106.07,7.54,167.0
2024-06-28 21:00:00,26.287,3.8779,396.38,103.41,9.0,187.3
2024-06-28 22:00:00,27.33,3.9093,402.19,103.4,7.63,172.5
2024-06-28 23:00:00,26.398,3.9253,399.63,105.17,8.36,194.9
2024-06-29 00:00:00,27.643,3.885,396.96,102.4,7.49,200.9
2024-06-29 01:00:00,28.947,3.9404,392.75,102.98,7.12,182.3
2024-06-29 02:00:00,28.452,3.9086,397.87,103.87,7.03,196.7
2024-06-29 03:00:00,27.855,3.9617,399.31,103.67,8.5,188.0
2024-06-29 04:00:00,27.02,3.9042,392.92,103.63,6.48,188.2
2024-06-29 05:00:00,28.787,3.8961,401.52,103.65,8.95,207.9
2024-06-29 06:00:00,27.853,3.9326,399.84,104.93,7.55,211.4
2024-06-29 07:00:00,29.756,3.9533,402.11,103.42,7.11,193.3
2024-06-29 08:00:00,26.573,3.8917,398.44,103.41,6.95,195.3
2024-06-29 09:00:00,27.189,3.8467,400.71,102.94,7.93,196.8
2024-06-29 10:00:00,28.643,3.9635,405.7,105.44,7.95,191.2
2024-06-29 11:00:00,28.612,3.907,404.48,102.37,7.01,189.2
2024-06-29 12:00:00,27.252,3.9071,405.91,105.31,8.13,196.3
2024-06-29 13:00:00,26.984,3.9697,401.36,104.33,8.34,195.9
2024-06-29 14:00:00,27.866,3.8511,401.61,102.42,7.1,197.5
2024-06-29 15:00:00,28.368,3.9415,401.09,104.32,6.57,208.1
2024-06-29 16:00:00,27.199,3.9264,399.91,103.42,6.73,197.6
2024-06-29 17:00:00,27.755,3.9376,399.17,100.86,8.16,198.8
2024-06-29 18:00:00,28.126,3.9208,404.57,101.46,8.11,201.4
2024-06-29 19:00:00,27.356,3.8478,399.11,103.84,8.25,196.0
2024-06-29 20:00:00,28.169,3.912,403.6,104.88,8.15,188.0
2024-06-29 21:00:00,27.016,3.9647,397.96,103.68,7.59,193.7
2024-06-29 22:00:00,29.624,3.9037,401.49,104.84,7.79,192.0
2024-06-29 23:00:00,27.631,3.8046,405.28,104.5,8.72,176.0
2024-06-30 00:00:00,30.482,3.9493,397.12,101.0,7.72,191.9
2024-06-30 01:00:00,28.78,3.9268,397.95,104.07,8.31,206.0
2024-06-30 02:00:00,28.262,3.8867,397.41,103.52,8.47,205.2
2024-06-30 03:00:00,27.681,3.8471,401.45,103.58,8.67,188.3
2024-06-30 04:00:00,28.701,3.9127,400.31,105.59,8.08,205.2
2024-06-30 05:00:00,29.097,3.8874,397.49,106.06,7.78,190.5
2024-06-30 06:00:00,28.209,3.9878,401.63,101.92,7.69,179.6
2024-06-30 07:00:00,28.48,3.8957,401.64,103.17,7.41,185.4
2024-06-30 08:00:00,28.723,3.8113,403.71,104.49,6.7,181.7
2024-06-30 09:00:00,29.699,4.0015,399.34,104.24,8.45,183.7
2024-06-30 10:00:00,28.788,3.8937,397.95,105.9,7.89,208.9
2024-06-30 11:00:00,27.765,3.8254,396.64,106.91,7.33,209.5
2024-06-30 12:00:00,27.285,3.9891,399.49,103.29,9.7,191.8
2024-06-30 13:00:00,27.678,3.8351,398.28,104.0,6.99,186.2
2024-06-30 14:00:00,28.504,3.8344,408.15,103.87,5.25,199.6
2024-06-30 15:00:00,29.008,3.9413,402.58,103.07,7.88,192.1
2024-06-30 16:00:00,28.969,3.8717,400.6,100.49,8.11,199.8
2024-06-30 17:00:00,29.141,3.9789,397.84,104.55,9.09,187.5
2024-06-30 18:00:00,28.519,3.9022,404.99,103.96,7.36,209.2
2024-06-30 19:00:00,27.493,3.7691,398.08,104.39,7.32,187.3
2024-06-30 20:00:00,29.201,3.9273,396.98,108.11,8.44,189.0
2024-06-30 21:00:00,29.449,3.7815,395.99,103.11,8.85,183.7
2024-06-30 22:00:00,27.523,3.8903,397.72,98.86,7.84,198.8
2024-06-30 23:00:00,29.151,3.8417,404.21,102.95,7.61,182.8
